"FullName","Name"
"C:\xampp\htdocs\smart-asset-management\backend","backend"
"C:\xampp\htdocs\smart-asset-management\backend\backups","backups"
"C:\xampp\htdocs\smart-asset-management\backend\node_modules","node_modules"
"C:\xampp\htdocs\smart-asset-management\backend\node_modules\.bin",".bin"
"C:\xampp\htdocs\smart-asset-management\backend\node_modules\@isaacs","@isaacs"
"C:\xampp\htdocs\smart-asset-management\backend\node_modules\@types","@types"
"C:\xampp\htdocs\smart-asset-management\backend\node_modules\@types\debug","debug"
"C:\xampp\htdocs\smart-asset-management\backend\node_modules\@types\ms","ms"
"C:\xampp\htdocs\smart-asset-management\backend\node_modules\@types\node","node"
"C:\xampp\htdocs\smart-asset-management\backend\node_modules\@types\node\assert","assert"
"C:\xampp\htdocs\smart-asset-management\backend\node_modules\@types\node\dns","dns"
"C:\xampp\htdocs\smart-asset-management\backend\node_modules\@types\node\fs","fs"
"C:\xampp\htdocs\smart-asset-management\backend\node_modules\@types\node\inspector","inspector"
"C:\xampp\htdocs\smart-asset-management\backend\node_modules\@types\node\path","path"
"C:\xampp\htdocs\smart-asset-management\backend\node_modules\@types\node\readline","readline"
"C:\xampp\htdocs\smart-asset-management\backend\node_modules\@types\node\stream","stream"
"C:\xampp\htdocs\smart-asset-management\backend\node_modules\@types\node\test","test"
"C:\xampp\htdocs\smart-asset-management\backend\node_modules\@types\node\timers","timers"
"C:\xampp\htdocs\smart-asset-management\backend\node_modules\@types\node\ts5.6","ts5.6"
"C:\xampp\htdocs\smart-asset-management\backend\node_modules\@types\node\ts5.6\compatibility","compatibility"
"C:\xampp\htdocs\smart-asset-management\backend\node_modules\@types\node\ts5.7","ts5.7"
"C:\xampp\htdocs\smart-asset-management\backend\node_modules\@types\node\ts5.7\compatibility","compatibility"
"C:\xampp\htdocs\smart-asset-management\backend\node_modules\@types\node\util","util"
"C:\xampp\htdocs\smart-asset-management\backend\node_modules\@types\node\web-globals","web-globals"
"C:\xampp\htdocs\smart-asset-management\backend\node_modules\@types\node\zlib","zlib"
"C:\xampp\htdocs\smart-asset-management\backend\node_modules\@types\validator","validator"
"C:\xampp\htdocs\smart-asset-management\backend\node_modules\@types\validator\es","es"
"C:\xampp\htdocs\smart-asset-management\backend\node_modules\@types\validator\es\lib","lib"
"C:\xampp\htdocs\smart-asset-management\backend\node_modules\@types\validator\lib","lib"
"C:\xampp\htdocs\smart-asset-management\backend\node_modules\accepts","accepts"
"C:\xampp\htdocs\smart-asset-management\backend\node_modules\anymatch","anymatch"
"C:\xampp\htdocs\smart-asset-management\backend\node_modules\array-flatten","array-flatten"
"C:\xampp\htdocs\smart-asset-management\backend\node_modules\aws-ssl-profiles","aws-ssl-profiles"
"C:\xampp\htdocs\smart-asset-management\backend\node_modules\aws-ssl-profiles\lib","lib"
"C:\xampp\htdocs\smart-asset-management\backend\node_modules\aws-ssl-profiles\lib\@types","@types"
"C:\xampp\htdocs\smart-asset-management\backend\node_modules\aws-ssl-profiles\lib\profiles","profiles"
"C:\xampp\htdocs\smart-asset-management\backend\node_modules\aws-ssl-profiles\lib\profiles\ca","ca"
"C:\xampp\htdocs\smart-asset-management\backend\node_modules\balanced-match","balanced-match"
"C:\xampp\htdocs\smart-asset-management\backend\node_modules\balanced-match\dist","dist"
"C:\xampp\htdocs\smart-asset-management\backend\node_modules\balanced-match\dist\commonjs","commonjs"
"C:\xampp\htdocs\smart-asset-management\backend\node_modules\balanced-match\dist\esm","esm"
"C:\xampp\htdocs\smart-asset-management\backend\node_modules\base32.js","base32.js"
"C:\xampp\htdocs\smart-asset-management\backend\node_modules\base32.js\dist","dist"
"C:\xampp\htdocs\smart-asset-management\backend\node_modules\base32.js\test","test"
"C:\xampp\htdocs\smart-asset-management\backend\node_modules\bcryptjs","bcryptjs"
"C:\xampp\htdocs\smart-asset-management\backend\node_modules\bcryptjs\.vscode",".vscode"
"C:\xampp\htdocs\smart-asset-management\backend\node_modules\bcryptjs\bin","bin"
"C:\xampp\htdocs\smart-asset-management\backend\node_modules\bcryptjs\dist","dist"
"C:\xampp\htdocs\smart-asset-management\backend\node_modules\bcryptjs\externs","externs"
"C:\xampp\htdocs\smart-asset-management\backend\node_modules\bcryptjs\scripts","scripts"
"C:\xampp\htdocs\smart-asset-management\backend\node_modules\bcryptjs\src","src"
"C:\xampp\htdocs\smart-asset-management\backend\node_modules\bcryptjs\src\bcrypt","bcrypt"
"C:\xampp\htdocs\smart-asset-management\backend\node_modules\bcryptjs\src\bcrypt\prng","prng"
"C:\xampp\htdocs\smart-asset-management\backend\node_modules\bcryptjs\src\bcrypt\util","util"
"C:\xampp\htdocs\smart-asset-management\backend\node_modules\bcryptjs\tests","tests"
"C:\xampp\htdocs\smart-asset-management\backend\node_modules\binary-extensions","binary-extensions"
"C:\xampp\htdocs\smart-asset-management\backend\node_modules\body-parser","body-parser"
"C:\xampp\htdocs\smart-asset-management\backend\node_modules\body-parser\lib","lib"
"C:\xampp\htdocs\smart-asset-management\backend\node_modules\body-parser\lib\types","types"
"C:\xampp\htdocs\smart-asset-management\backend\node_modules\brace-expansion","brace-expansion"
"C:\xampp\htdocs\smart-asset-management\backend\node_modules\brace-expansion\dist","dist"
"C:\xampp\htdocs\smart-asset-management\backend\node_modules\brace-expansion\dist\commonjs","commonjs"
"C:\xampp\htdocs\smart-asset-management\backend\node_modules\brace-expansion\dist\esm","esm"
"C:\xampp\htdocs\smart-asset-management\backend\node_modules\braces","braces"
"C:\xampp\htdocs\smart-asset-management\backend\node_modules\braces\lib","lib"
"C:\xampp\htdocs\smart-asset-management\backend\node_modules\buffer-equal-constant-time","buffer-equal-constant-time"
"C:\xampp\htdocs\smart-asset-management\backend\node_modules\bytes","bytes"
"C:\xampp\htdocs\smart-asset-management\backend\node_modules\call-bind-apply-helpers","call-bind-apply-helpers"
"C:\xampp\htdocs\smart-asset-management\backend\node_modules\call-bind-apply-helpers\.github",".github"
"C:\xampp\htdocs\smart-asset-management\backend\node_modules\call-bind-apply-helpers\test","test"
"C:\xampp\htdocs\smart-asset-management\backend\node_modules\call-bound","call-bound"
"C:\xampp\htdocs\smart-asset-management\backend\node_modules\call-bound\.github",".github"
"C:\xampp\htdocs\smart-asset-management\backend\node_modules\call-bound\test","test"
"C:\xampp\htdocs\smart-asset-management\backend\node_modules\chokidar","chokidar"
"C:\xampp\htdocs\smart-asset-management\backend\node_modules\chokidar\lib","lib"
"C:\xampp\htdocs\smart-asset-management\backend\node_modules\chokidar\types","types"
"C:\xampp\htdocs\smart-asset-management\backend\node_modules\content-disposition","content-disposition"
"C:\xampp\htdocs\smart-asset-management\backend\node_modules\content-type","content-type"
"C:\xampp\htdocs\smart-asset-management\backend\node_modules\cookie","cookie"
"C:\xampp\htdocs\smart-asset-management\backend\node_modules\cookie-signature","cookie-signature"
"C:\xampp\htdocs\smart-asset-management\backend\node_modules\cors","cors"
"C:\xampp\htdocs\smart-asset-management\backend\node_modules\cors\lib","lib"
"C:\xampp\htdocs\smart-asset-management\backend\node_modules\debug","debug"
"C:\xampp\htdocs\smart-asset-management\backend\node_modules\debug\src","src"
"C:\xampp\htdocs\smart-asset-management\backend\node_modules\depd","depd"
"C:\xampp\htdocs\smart-asset-management\backend\node_modules\depd\lib","lib"
"C:\xampp\htdocs\smart-asset-management\backend\node_modules\depd\lib\browser","browser"
"C:\xampp\htdocs\smart-asset-management\backend\node_modules\destroy","destroy"
"C:\xampp\htdocs\smart-asset-management\backend\node_modules\dotenv","dotenv"
"C:\xampp\htdocs\smart-asset-management\backend\node_modules\dotenv\lib","lib"
"C:\xampp\htdocs\smart-asset-management\backend\node_modules\dottie","dottie"
"C:\xampp\htdocs\smart-asset-management\backend\node_modules\dunder-proto","dunder-proto"
"C:\xampp\htdocs\smart-asset-management\backend\node_modules\dunder-proto\.github",".github"
"C:\xampp\htdocs\smart-asset-management\backend\node_modules\dunder-proto\test","test"
"C:\xampp\htdocs\smart-asset-management\backend\node_modules\ecdsa-sig-formatter","ecdsa-sig-formatter"
"C:\xampp\htdocs\smart-asset-management\backend\node_modules\ecdsa-sig-formatter\src","src"
"C:\xampp\htdocs\smart-asset-management\backend\node_modules\ee-first","ee-first"
"C:\xampp\htdocs\smart-asset-management\backend\node_modules\encodeurl","encodeurl"
"C:\xampp\htdocs\smart-asset-management\backend\node_modules\escape-html","escape-html"
"C:\xampp\htdocs\smart-asset-management\backend\node_modules\es-define-property","es-define-property"
"C:\xampp\htdocs\smart-asset-management\backend\node_modules\es-define-property\.github",".github"
"C:\xampp\htdocs\smart-asset-management\backend\node_modules\es-define-property\test","test"
"C:\xampp\htdocs\smart-asset-management\backend\node_modules\es-errors","es-errors"
"C:\xampp\htdocs\smart-asset-management\backend\node_modules\es-errors\.github",".github"
"C:\xampp\htdocs\smart-asset-management\backend\node_modules\es-errors\test","test"
"C:\xampp\htdocs\smart-asset-management\backend\node_modules\es-object-atoms","es-object-atoms"
"C:\xampp\htdocs\smart-asset-management\backend\node_modules\es-object-atoms\.github",".github"
"C:\xampp\htdocs\smart-asset-management\backend\node_modules\es-object-atoms\test","test"
"C:\xampp\htdocs\smart-asset-management\backend\node_modules\etag","etag"
"C:\xampp\htdocs\smart-asset-management\backend\node_modules\express","express"
"C:\xampp\htdocs\smart-asset-management\backend\node_modules\express\lib","lib"
"C:\xampp\htdocs\smart-asset-management\backend\node_modules\express\lib\middleware","middleware"
"C:\xampp\htdocs\smart-asset-management\backend\node_modules\express\lib\router","router"
"C:\xampp\htdocs\smart-asset-management\backend\node_modules\express-rate-limit","express-rate-limit"
"C:\xampp\htdocs\smart-asset-management\backend\node_modules\express-rate-limit\dist","dist"
"C:\xampp\htdocs\smart-asset-management\backend\node_modules\express-rate-limit\node_modules","node_modules"
"C:\xampp\htdocs\smart-asset-management\backend\node_modules\express-rate-limit\node_modules\debug","debug"
"C:\xampp\htdocs\smart-asset-management\backend\node_modules\express-rate-limit\node_modules\debug\src","src"
"C:\xampp\htdocs\smart-asset-management\backend\node_modules\express-rate-limit\node_modules\ms","ms"
"C:\xampp\htdocs\smart-asset-management\backend\node_modules\fill-range","fill-range"
"C:\xampp\htdocs\smart-asset-management\backend\node_modules\finalhandler","finalhandler"
"C:\xampp\htdocs\smart-asset-management\backend\node_modules\forwarded","forwarded"
"C:\xampp\htdocs\smart-asset-management\backend\node_modules\fresh","fresh"
"C:\xampp\htdocs\smart-asset-management\backend\node_modules\function-bind","function-bind"
"C:\xampp\htdocs\smart-asset-management\backend\node_modules\function-bind\.github",".github"
"C:\xampp\htdocs\smart-asset-management\backend\node_modules\function-bind\test","test"
"C:\xampp\htdocs\smart-asset-management\backend\node_modules\generate-function","generate-function"
"C:\xampp\htdocs\smart-asset-management\backend\node_modules\get-intrinsic","get-intrinsic"
"C:\xampp\htdocs\smart-asset-management\backend\node_modules\get-intrinsic\.github",".github"
"C:\xampp\htdocs\smart-asset-management\backend\node_modules\get-intrinsic\test","test"
"C:\xampp\htdocs\smart-asset-management\backend\node_modules\get-proto","get-proto"
"C:\xampp\htdocs\smart-asset-management\backend\node_modules\get-proto\.github",".github"
"C:\xampp\htdocs\smart-asset-management\backend\node_modules\get-proto\test","test"
"C:\xampp\htdocs\smart-asset-management\backend\node_modules\glob-parent","glob-parent"
"C:\xampp\htdocs\smart-asset-management\backend\node_modules\gopd","gopd"
"C:\xampp\htdocs\smart-asset-management\backend\node_modules\gopd\.github",".github"
"C:\xampp\htdocs\smart-asset-management\backend\node_modules\gopd\test","test"
"C:\xampp\htdocs\smart-asset-management\backend\node_modules\has-flag","has-flag"
"C:\xampp\htdocs\smart-asset-management\backend\node_modules\hasown","hasown"
"C:\xampp\htdocs\smart-asset-management\backend\node_modules\hasown\.github",".github"
"C:\xampp\htdocs\smart-asset-management\backend\node_modules\has-symbols","has-symbols"
"C:\xampp\htdocs\smart-asset-management\backend\node_modules\has-symbols\.github",".github"
"C:\xampp\htdocs\smart-asset-management\backend\node_modules\has-symbols\test","test"
"C:\xampp\htdocs\smart-asset-management\backend\node_modules\has-symbols\test\shams","shams"
"C:\xampp\htdocs\smart-asset-management\backend\node_modules\http-errors","http-errors"
"C:\xampp\htdocs\smart-asset-management\backend\node_modules\iconv-lite","iconv-lite"
"C:\xampp\htdocs\smart-asset-management\backend\node_modules\iconv-lite\encodings","encodings"
"C:\xampp\htdocs\smart-asset-management\backend\node_modules\iconv-lite\encodings\tables","tables"
"C:\xampp\htdocs\smart-asset-management\backend\node_modules\iconv-lite\lib","lib"
"C:\xampp\htdocs\smart-asset-management\backend\node_modules\ignore-by-default","ignore-by-default"
"C:\xampp\htdocs\smart-asset-management\backend\node_modules\inflection","inflection"
"C:\xampp\htdocs\smart-asset-management\backend\node_modules\inflection\.vscode",".vscode"
"C:\xampp\htdocs\smart-asset-management\backend\node_modules\inflection\lib","lib"
"C:\xampp\htdocs\smart-asset-management\backend\node_modules\inherits","inherits"
"C:\xampp\htdocs\smart-asset-management\backend\node_modules\ipaddr.js","ipaddr.js"
"C:\xampp\htdocs\smart-asset-management\backend\node_modules\ipaddr.js\lib","lib"
"C:\xampp\htdocs\smart-asset-management\backend\node_modules\ip-address","ip-address"
"C:\xampp\htdocs\smart-asset-management\backend\node_modules\ip-address\dist","dist"
"C:\xampp\htdocs\smart-asset-management\backend\node_modules\ip-address\dist\v4","v4"
"C:\xampp\htdocs\smart-asset-management\backend\node_modules\ip-address\dist\v6","v6"
"C:\xampp\htdocs\smart-asset-management\backend\node_modules\is-binary-path","is-binary-path"
"C:\xampp\htdocs\smart-asset-management\backend\node_modules\is-extglob","is-extglob"
"C:\xampp\htdocs\smart-asset-management\backend\node_modules\is-glob","is-glob"
"C:\xampp\htdocs\smart-asset-management\backend\node_modules\is-number","is-number"
"C:\xampp\htdocs\smart-asset-management\backend\node_modules\is-property","is-property"
"C:\xampp\htdocs\smart-asset-management\backend\node_modules\jsonwebtoken","jsonwebtoken"
"C:\xampp\htdocs\smart-asset-management\backend\node_modules\jsonwebtoken\lib","lib"
"C:\xampp\htdocs\smart-asset-management\backend\node_modules\jsonwebtoken\node_modules","node_modules"
"C:\xampp\htdocs\smart-asset-management\backend\node_modules\jsonwebtoken\node_modules\ms","ms"
"C:\xampp\htdocs\smart-asset-management\backend\node_modules\jwa","jwa"
"C:\xampp\htdocs\smart-asset-management\backend\node_modules\jws","jws"
"C:\xampp\htdocs\smart-asset-management\backend\node_modules\jws\lib","lib"
"C:\xampp\htdocs\smart-asset-management\backend\node_modules\lodash","lodash"
"C:\xampp\htdocs\smart-asset-management\backend\node_modules\lodash.includes","lodash.includes"
"C:\xampp\htdocs\smart-asset-management\backend\node_modules\lodash.isboolean","lodash.isboolean"
"C:\xampp\htdocs\smart-asset-management\backend\node_modules\lodash.isinteger","lodash.isinteger"
"C:\xampp\htdocs\smart-asset-management\backend\node_modules\lodash.isnumber","lodash.isnumber"
"C:\xampp\htdocs\smart-asset-management\backend\node_modules\lodash.isplainobject","lodash.isplainobject"
"C:\xampp\htdocs\smart-asset-management\backend\node_modules\lodash.isstring","lodash.isstring"
"C:\xampp\htdocs\smart-asset-management\backend\node_modules\lodash.once","lodash.once"
"C:\xampp\htdocs\smart-asset-management\backend\node_modules\lodash\fp","fp"
"C:\xampp\htdocs\smart-asset-management\backend\node_modules\long","long"
"C:\xampp\htdocs\smart-asset-management\backend\node_modules\long\umd","umd"
"C:\xampp\htdocs\smart-asset-management\backend\node_modules\lru.min","lru.min"
"C:\xampp\htdocs\smart-asset-management\backend\node_modules\lru.min\browser","browser"
"C:\xampp\htdocs\smart-asset-management\backend\node_modules\lru.min\lib","lib"
"C:\xampp\htdocs\smart-asset-management\backend\node_modules\math-intrinsics","math-intrinsics"
"C:\xampp\htdocs\smart-asset-management\backend\node_modules\math-intrinsics\.github",".github"
"C:\xampp\htdocs\smart-asset-management\backend\node_modules\math-intrinsics\constants","constants"
"C:\xampp\htdocs\smart-asset-management\backend\node_modules\math-intrinsics\test","test"
"C:\xampp\htdocs\smart-asset-management\backend\node_modules\media-typer","media-typer"
"C:\xampp\htdocs\smart-asset-management\backend\node_modules\merge-descriptors","merge-descriptors"
"C:\xampp\htdocs\smart-asset-management\backend\node_modules\methods","methods"
"C:\xampp\htdocs\smart-asset-management\backend\node_modules\mime","mime"
"C:\xampp\htdocs\smart-asset-management\backend\node_modules\mime\src","src"
"C:\xampp\htdocs\smart-asset-management\backend\node_modules\mime-db","mime-db"
"C:\xampp\htdocs\smart-asset-management\backend\node_modules\mime-types","mime-types"
"C:\xampp\htdocs\smart-asset-management\backend\node_modules\minimatch","minimatch"
"C:\xampp\htdocs\smart-asset-management\backend\node_modules\minimatch\dist","dist"
"C:\xampp\htdocs\smart-asset-management\backend\node_modules\minimatch\dist\commonjs","commonjs"
"C:\xampp\htdocs\smart-asset-management\backend\node_modules\minimatch\dist\esm","esm"
"C:\xampp\htdocs\smart-asset-management\backend\node_modules\moment","moment"
"C:\xampp\htdocs\smart-asset-management\backend\node_modules\moment\dist","dist"
"C:\xampp\htdocs\smart-asset-management\backend\node_modules\moment\dist\locale","locale"
"C:\xampp\htdocs\smart-asset-management\backend\node_modules\moment\locale","locale"
"C:\xampp\htdocs\smart-asset-management\backend\node_modules\moment\min","min"
"C:\xampp\htdocs\smart-asset-management\backend\node_modules\moment\src","src"
"C:\xampp\htdocs\smart-asset-management\backend\node_modules\moment\src\lib","lib"
"C:\xampp\htdocs\smart-asset-management\backend\node_modules\moment\src\lib\create","create"
"C:\xampp\htdocs\smart-asset-management\backend\node_modules\moment\src\lib\duration","duration"
"C:\xampp\htdocs\smart-asset-management\backend\node_modules\moment\src\lib\format","format"
"C:\xampp\htdocs\smart-asset-management\backend\node_modules\moment\src\lib\locale","locale"
"C:\xampp\htdocs\smart-asset-management\backend\node_modules\moment\src\lib\moment","moment"
"C:\xampp\htdocs\smart-asset-management\backend\node_modules\moment\src\lib\parse","parse"
"C:\xampp\htdocs\smart-asset-management\backend\node_modules\moment\src\lib\units","units"
"C:\xampp\htdocs\smart-asset-management\backend\node_modules\moment\src\lib\utils","utils"
"C:\xampp\htdocs\smart-asset-management\backend\node_modules\moment\src\locale","locale"
"C:\xampp\htdocs\smart-asset-management\backend\node_modules\moment\ts3.1-typings","ts3.1-typings"
"C:\xampp\htdocs\smart-asset-management\backend\node_modules\moment-timezone","moment-timezone"
"C:\xampp\htdocs\smart-asset-management\backend\node_modules\moment-timezone\builds","builds"
"C:\xampp\htdocs\smart-asset-management\backend\node_modules\moment-timezone\data","data"
"C:\xampp\htdocs\smart-asset-management\backend\node_modules\moment-timezone\data\meta","meta"
"C:\xampp\htdocs\smart-asset-management\backend\node_modules\moment-timezone\data\packed","packed"
"C:\xampp\htdocs\smart-asset-management\backend\node_modules\ms","ms"
"C:\xampp\htdocs\smart-asset-management\backend\node_modules\mysql2","mysql2"
"C:\xampp\htdocs\smart-asset-management\backend\node_modules\mysql2\lib","lib"
"C:\xampp\htdocs\smart-asset-management\backend\node_modules\mysql2\lib\auth_plugins","auth_plugins"
"C:\xampp\htdocs\smart-asset-management\backend\node_modules\mysql2\lib\base","base"
"C:\xampp\htdocs\smart-asset-management\backend\node_modules\mysql2\lib\commands","commands"
"C:\xampp\htdocs\smart-asset-management\backend\node_modules\mysql2\lib\constants","constants"
"C:\xampp\htdocs\smart-asset-management\backend\node_modules\mysql2\lib\packets","packets"
"C:\xampp\htdocs\smart-asset-management\backend\node_modules\mysql2\lib\parsers","parsers"
"C:\xampp\htdocs\smart-asset-management\backend\node_modules\mysql2\lib\promise","promise"
"C:\xampp\htdocs\smart-asset-management\backend\node_modules\mysql2\node_modules","node_modules"
"C:\xampp\htdocs\smart-asset-management\backend\node_modules\mysql2\node_modules\iconv-lite","iconv-lite"
"C:\xampp\htdocs\smart-asset-management\backend\node_modules\mysql2\node_modules\iconv-lite\encodings","encodings"
"C:\xampp\htdocs\smart-asset-management\backend\node_modules\mysql2\node_modules\iconv-lite\encodings\tables","tables"
"C:\xampp\htdocs\smart-asset-management\backend\node_modules\mysql2\node_modules\iconv-lite\lib","lib"
"C:\xampp\htdocs\smart-asset-management\backend\node_modules\mysql2\node_modules\iconv-lite\lib\helpers","helpers"
"C:\xampp\htdocs\smart-asset-management\backend\node_modules\mysql2\node_modules\iconv-lite\types","types"
"C:\xampp\htdocs\smart-asset-management\backend\node_modules\mysql2\typings","typings"
"C:\xampp\htdocs\smart-asset-management\backend\node_modules\mysql2\typings\mysql","mysql"
"C:\xampp\htdocs\smart-asset-management\backend\node_modules\mysql2\typings\mysql\lib","lib"
"C:\xampp\htdocs\smart-asset-management\backend\node_modules\mysql2\typings\mysql\lib\constants","constants"
"C:\xampp\htdocs\smart-asset-management\backend\node_modules\mysql2\typings\mysql\lib\parsers","parsers"
"C:\xampp\htdocs\smart-asset-management\backend\node_modules\mysql2\typings\mysql\lib\protocol","protocol"
"C:\xampp\htdocs\smart-asset-management\backend\node_modules\mysql2\typings\mysql\lib\protocol\packets","packets"
"C:\xampp\htdocs\smart-asset-management\backend\node_modules\mysql2\typings\mysql\lib\protocol\packets\params","params"
"C:\xampp\htdocs\smart-asset-management\backend\node_modules\mysql2\typings\mysql\lib\protocol\sequences","sequences"
"C:\xampp\htdocs\smart-asset-management\backend\node_modules\mysql2\typings\mysql\lib\protocol\sequences\promise","promise"
"C:\xampp\htdocs\smart-asset-management\backend\node_modules\named-placeholders","named-placeholders"
"C:\xampp\htdocs\smart-asset-management\backend\node_modules\negotiator","negotiator"
"C:\xampp\htdocs\smart-asset-management\backend\node_modules\negotiator\lib","lib"
"C:\xampp\htdocs\smart-asset-management\backend\node_modules\node-cron","node-cron"
"C:\xampp\htdocs\smart-asset-management\backend\node_modules\node-cron\dist","dist"
"C:\xampp\htdocs\smart-asset-management\backend\node_modules\nodemailer","nodemailer"
"C:\xampp\htdocs\smart-asset-management\backend\node_modules\nodemailer\lib","lib"
"C:\xampp\htdocs\smart-asset-management\backend\node_modules\nodemailer\lib\addressparser","addressparser"
"C:\xampp\htdocs\smart-asset-management\backend\node_modules\nodemailer\lib\base64","base64"
"C:\xampp\htdocs\smart-asset-management\backend\node_modules\nodemailer\lib\dkim","dkim"
"C:\xampp\htdocs\smart-asset-management\backend\node_modules\nodemailer\lib\fetch","fetch"
"C:\xampp\htdocs\smart-asset-management\backend\node_modules\nodemailer\lib\json-transport","json-transport"
"C:\xampp\htdocs\smart-asset-management\backend\node_modules\nodemailer\lib\mail-composer","mail-composer"
"C:\xampp\htdocs\smart-asset-management\backend\node_modules\nodemailer\lib\mailer","mailer"
"C:\xampp\htdocs\smart-asset-management\backend\node_modules\nodemailer\lib\mime-funcs","mime-funcs"
"C:\xampp\htdocs\smart-asset-management\backend\node_modules\nodemailer\lib\mime-node","mime-node"
"C:\xampp\htdocs\smart-asset-management\backend\node_modules\nodemailer\lib\punycode","punycode"
"C:\xampp\htdocs\smart-asset-management\backend\node_modules\nodemailer\lib\qp","qp"
"C:\xampp\htdocs\smart-asset-management\backend\node_modules\nodemailer\lib\sendmail-transport","sendmail-transport"
"C:\xampp\htdocs\smart-asset-management\backend\node_modules\nodemailer\lib\ses-transport","ses-transport"
"C:\xampp\htdocs\smart-asset-management\backend\node_modules\nodemailer\lib\shared","shared"
"C:\xampp\htdocs\smart-asset-management\backend\node_modules\nodemailer\lib\smtp-connection","smtp-connection"
"C:\xampp\htdocs\smart-asset-management\backend\node_modules\nodemailer\lib\smtp-pool","smtp-pool"
"C:\xampp\htdocs\smart-asset-management\backend\node_modules\nodemailer\lib\smtp-transport","smtp-transport"
"C:\xampp\htdocs\smart-asset-management\backend\node_modules\nodemailer\lib\stream-transport","stream-transport"
"C:\xampp\htdocs\smart-asset-management\backend\node_modules\nodemailer\lib\well-known","well-known"
"C:\xampp\htdocs\smart-asset-management\backend\node_modules\nodemailer\lib\xoauth2","xoauth2"
"C:\xampp\htdocs\smart-asset-management\backend\node_modules\nodemon","nodemon"
"C:\xampp\htdocs\smart-asset-management\backend\node_modules\nodemon\bin","bin"
"C:\xampp\htdocs\smart-asset-management\backend\node_modules\nodemon\doc","doc"
"C:\xampp\htdocs\smart-asset-management\backend\node_modules\nodemon\doc\cli","cli"
"C:\xampp\htdocs\smart-asset-management\backend\node_modules\nodemon\lib","lib"
"C:\xampp\htdocs\smart-asset-management\backend\node_modules\nodemon\lib\cli","cli"
"C:\xampp\htdocs\smart-asset-management\backend\node_modules\nodemon\lib\config","config"
"C:\xampp\htdocs\smart-asset-management\backend\node_modules\nodemon\lib\help","help"
"C:\xampp\htdocs\smart-asset-management\backend\node_modules\nodemon\lib\monitor","monitor"
"C:\xampp\htdocs\smart-asset-management\backend\node_modules\nodemon\lib\rules","rules"
"C:\xampp\htdocs\smart-asset-management\backend\node_modules\nodemon\lib\utils","utils"
"C:\xampp\htdocs\smart-asset-management\backend\node_modules\nodemon\node_modules","node_modules"
"C:\xampp\htdocs\smart-asset-management\backend\node_modules\nodemon\node_modules\debug","debug"
"C:\xampp\htdocs\smart-asset-management\backend\node_modules\nodemon\node_modules\debug\src","src"
"C:\xampp\htdocs\smart-asset-management\backend\node_modules\nodemon\node_modules\ms","ms"
"C:\xampp\htdocs\smart-asset-management\backend\node_modules\normalize-path","normalize-path"
"C:\xampp\htdocs\smart-asset-management\backend\node_modules\object-assign","object-assign"
"C:\xampp\htdocs\smart-asset-management\backend\node_modules\object-inspect","object-inspect"
"C:\xampp\htdocs\smart-asset-management\backend\node_modules\object-inspect\.github",".github"
"C:\xampp\htdocs\smart-asset-management\backend\node_modules\object-inspect\example","example"
"C:\xampp\htdocs\smart-asset-management\backend\node_modules\object-inspect\test","test"
"C:\xampp\htdocs\smart-asset-management\backend\node_modules\object-inspect\test\browser","browser"
"C:\xampp\htdocs\smart-asset-management\backend\node_modules\on-finished","on-finished"
"C:\xampp\htdocs\smart-asset-management\backend\node_modules\parseurl","parseurl"
"C:\xampp\htdocs\smart-asset-management\backend\node_modules\passport","passport"
"C:\xampp\htdocs\smart-asset-management\backend\node_modules\passport\etc","etc"
"C:\xampp\htdocs\smart-asset-management\backend\node_modules\passport\lib","lib"
"C:\xampp\htdocs\smart-asset-management\backend\node_modules\passport\lib\errors","errors"
"C:\xampp\htdocs\smart-asset-management\backend\node_modules\passport\lib\framework","framework"
"C:\xampp\htdocs\smart-asset-management\backend\node_modules\passport\lib\http","http"
"C:\xampp\htdocs\smart-asset-management\backend\node_modules\passport\lib\middleware","middleware"
"C:\xampp\htdocs\smart-asset-management\backend\node_modules\passport\lib\strategies","strategies"
"C:\xampp\htdocs\smart-asset-management\backend\node_modules\passport\sponsors","sponsors"
"C:\xampp\htdocs\smart-asset-management\backend\node_modules\passport-jwt","passport-jwt"
"C:\xampp\htdocs\smart-asset-management\backend\node_modules\passport-jwt\.github",".github"
"C:\xampp\htdocs\smart-asset-management\backend\node_modules\passport-jwt\.github\workflows","workflows"
"C:\xampp\htdocs\smart-asset-management\backend\node_modules\passport-jwt\docs","docs"
"C:\xampp\htdocs\smart-asset-management\backend\node_modules\passport-jwt\lib","lib"
"C:\xampp\htdocs\smart-asset-management\backend\node_modules\passport-jwt\lib\helpers","helpers"
"C:\xampp\htdocs\smart-asset-management\backend\node_modules\passport-jwt\test","test"
"C:\xampp\htdocs\smart-asset-management\backend\node_modules\passport-strategy","passport-strategy"
"C:\xampp\htdocs\smart-asset-management\backend\node_modules\passport-strategy\lib","lib"
"C:\xampp\htdocs\smart-asset-management\backend\node_modules\path-to-regexp","path-to-regexp"
"C:\xampp\htdocs\smart-asset-management\backend\node_modules\pause","pause"
"C:\xampp\htdocs\smart-asset-management\backend\node_modules\pg-connection-string","pg-connection-string"
"C:\xampp\htdocs\smart-asset-management\backend\node_modules\pg-connection-string\esm","esm"
"C:\xampp\htdocs\smart-asset-management\backend\node_modules\picomatch","picomatch"
"C:\xampp\htdocs\smart-asset-management\backend\node_modules\picomatch\lib","lib"
"C:\xampp\htdocs\smart-asset-management\backend\node_modules\proxy-addr","proxy-addr"
"C:\xampp\htdocs\smart-asset-management\backend\node_modules\pstree.remy","pstree.remy"
"C:\xampp\htdocs\smart-asset-management\backend\node_modules\pstree.remy\lib","lib"
"C:\xampp\htdocs\smart-asset-management\backend\node_modules\pstree.remy\tests","tests"
"C:\xampp\htdocs\smart-asset-management\backend\node_modules\pstree.remy\tests\fixtures","fixtures"
"C:\xampp\htdocs\smart-asset-management\backend\node_modules\qs","qs"
"C:\xampp\htdocs\smart-asset-management\backend\node_modules\qs\.github",".github"
"C:\xampp\htdocs\smart-asset-management\backend\node_modules\qs\dist","dist"
"C:\xampp\htdocs\smart-asset-management\backend\node_modules\qs\lib","lib"
"C:\xampp\htdocs\smart-asset-management\backend\node_modules\qs\test","test"
"C:\xampp\htdocs\smart-asset-management\backend\node_modules\range-parser","range-parser"
"C:\xampp\htdocs\smart-asset-management\backend\node_modules\raw-body","raw-body"
"C:\xampp\htdocs\smart-asset-management\backend\node_modules\readdirp","readdirp"
"C:\xampp\htdocs\smart-asset-management\backend\node_modules\retry-as-promised","retry-as-promised"
"C:\xampp\htdocs\smart-asset-management\backend\node_modules\retry-as-promised\dist","dist"
"C:\xampp\htdocs\smart-asset-management\backend\node_modules\retry-as-promised\test","test"
"C:\xampp\htdocs\smart-asset-management\backend\node_modules\safe-buffer","safe-buffer"
"C:\xampp\htdocs\smart-asset-management\backend\node_modules\safer-buffer","safer-buffer"
"C:\xampp\htdocs\smart-asset-management\backend\node_modules\semver","semver"
"C:\xampp\htdocs\smart-asset-management\backend\node_modules\semver\bin","bin"
"C:\xampp\htdocs\smart-asset-management\backend\node_modules\semver\classes","classes"
"C:\xampp\htdocs\smart-asset-management\backend\node_modules\semver\functions","functions"
"C:\xampp\htdocs\smart-asset-management\backend\node_modules\semver\internal","internal"
"C:\xampp\htdocs\smart-asset-management\backend\node_modules\semver\ranges","ranges"
"C:\xampp\htdocs\smart-asset-management\backend\node_modules\send","send"
"C:\xampp\htdocs\smart-asset-management\backend\node_modules\send\node_modules","node_modules"
"C:\xampp\htdocs\smart-asset-management\backend\node_modules\send\node_modules\ms","ms"
"C:\xampp\htdocs\smart-asset-management\backend\node_modules\sequelize","sequelize"
"C:\xampp\htdocs\smart-asset-management\backend\node_modules\sequelize\lib","lib"
"C:\xampp\htdocs\smart-asset-management\backend\node_modules\sequelize\lib\associations","associations"
"C:\xampp\htdocs\smart-asset-management\backend\node_modules\sequelize\lib\dialects","dialects"
"C:\xampp\htdocs\smart-asset-management\backend\node_modules\sequelize\lib\dialects\abstract","abstract"
"C:\xampp\htdocs\smart-asset-management\backend\node_modules\sequelize\lib\dialects\abstract\query-generator","query-generator"
"C:\xampp\htdocs\smart-asset-management\backend\node_modules\sequelize\lib\dialects\db2","db2"
"C:\xampp\htdocs\smart-asset-management\backend\node_modules\sequelize\lib\dialects\mariadb","mariadb"
"C:\xampp\htdocs\smart-asset-management\backend\node_modules\sequelize\lib\dialects\mssql","mssql"
"C:\xampp\htdocs\smart-asset-management\backend\node_modules\sequelize\lib\dialects\mysql","mysql"
"C:\xampp\htdocs\smart-asset-management\backend\node_modules\sequelize\lib\dialects\oracle","oracle"
"C:\xampp\htdocs\smart-asset-management\backend\node_modules\sequelize\lib\dialects\postgres","postgres"
"C:\xampp\htdocs\smart-asset-management\backend\node_modules\sequelize\lib\dialects\snowflake","snowflake"
"C:\xampp\htdocs\smart-asset-management\backend\node_modules\sequelize\lib\dialects\sqlite","sqlite"
"C:\xampp\htdocs\smart-asset-management\backend\node_modules\sequelize\lib\errors","errors"
"C:\xampp\htdocs\smart-asset-management\backend\node_modules\sequelize\lib\errors\connection","connection"
"C:\xampp\htdocs\smart-asset-management\backend\node_modules\sequelize\lib\errors\database","database"
"C:\xampp\htdocs\smart-asset-management\backend\node_modules\sequelize\lib\errors\validation","validation"
"C:\xampp\htdocs\smart-asset-management\backend\node_modules\sequelize\lib\generic","generic"
"C:\xampp\htdocs\smart-asset-management\backend\node_modules\sequelize\lib\utils","utils"
"C:\xampp\htdocs\smart-asset-management\backend\node_modules\sequelize\node_modules","node_modules"
"C:\xampp\htdocs\smart-asset-management\backend\node_modules\sequelize\node_modules\debug","debug"
"C:\xampp\htdocs\smart-asset-management\backend\node_modules\sequelize\node_modules\debug\src","src"
"C:\xampp\htdocs\smart-asset-management\backend\node_modules\sequelize\node_modules\ms","ms"
"C:\xampp\htdocs\smart-asset-management\backend\node_modules\sequelize\types","types"
"C:\xampp\htdocs\smart-asset-management\backend\node_modules\sequelize\types\associations","associations"
"C:\xampp\htdocs\smart-asset-management\backend\node_modules\sequelize\types\dialects","dialects"
"C:\xampp\htdocs\smart-asset-management\backend\node_modules\sequelize\types\dialects\abstract","abstract"
"C:\xampp\htdocs\smart-asset-management\backend\node_modules\sequelize\types\dialects\mssql","mssql"
"C:\xampp\htdocs\smart-asset-management\backend\node_modules\sequelize\types\dialects\sqlite","sqlite"
"C:\xampp\htdocs\smart-asset-management\backend\node_modules\sequelize\types\errors","errors"
"C:\xampp\htdocs\smart-asset-management\backend\node_modules\sequelize\types\errors\connection","connection"
"C:\xampp\htdocs\smart-asset-management\backend\node_modules\sequelize\types\errors\database","database"
"C:\xampp\htdocs\smart-asset-management\backend\node_modules\sequelize\types\errors\validation","validation"
"C:\xampp\htdocs\smart-asset-management\backend\node_modules\sequelize\types\generic","generic"
"C:\xampp\htdocs\smart-asset-management\backend\node_modules\sequelize\types\utils","utils"
"C:\xampp\htdocs\smart-asset-management\backend\node_modules\sequelize-pool","sequelize-pool"
"C:\xampp\htdocs\smart-asset-management\backend\node_modules\sequelize-pool\lib","lib"
"C:\xampp\htdocs\smart-asset-management\backend\node_modules\sequelize-pool\types","types"
"C:\xampp\htdocs\smart-asset-management\backend\node_modules\serve-static","serve-static"
"C:\xampp\htdocs\smart-asset-management\backend\node_modules\setprototypeof","setprototypeof"
"C:\xampp\htdocs\smart-asset-management\backend\node_modules\setprototypeof\test","test"
"C:\xampp\htdocs\smart-asset-management\backend\node_modules\side-channel","side-channel"
"C:\xampp\htdocs\smart-asset-management\backend\node_modules\side-channel\.github",".github"
"C:\xampp\htdocs\smart-asset-management\backend\node_modules\side-channel\test","test"
"C:\xampp\htdocs\smart-asset-management\backend\node_modules\side-channel-list","side-channel-list"
"C:\xampp\htdocs\smart-asset-management\backend\node_modules\side-channel-list\.github",".github"
"C:\xampp\htdocs\smart-asset-management\backend\node_modules\side-channel-list\test","test"
"C:\xampp\htdocs\smart-asset-management\backend\node_modules\side-channel-map","side-channel-map"
"C:\xampp\htdocs\smart-asset-management\backend\node_modules\side-channel-map\.github",".github"
"C:\xampp\htdocs\smart-asset-management\backend\node_modules\side-channel-map\test","test"
"C:\xampp\htdocs\smart-asset-management\backend\node_modules\side-channel-weakmap","side-channel-weakmap"
"C:\xampp\htdocs\smart-asset-management\backend\node_modules\side-channel-weakmap\.github",".github"
"C:\xampp\htdocs\smart-asset-management\backend\node_modules\side-channel-weakmap\test","test"
"C:\xampp\htdocs\smart-asset-management\backend\node_modules\simple-update-notifier","simple-update-notifier"
"C:\xampp\htdocs\smart-asset-management\backend\node_modules\simple-update-notifier\build","build"
"C:\xampp\htdocs\smart-asset-management\backend\node_modules\simple-update-notifier\src","src"
"C:\xampp\htdocs\smart-asset-management\backend\node_modules\speakeasy","speakeasy"
"C:\xampp\htdocs\smart-asset-management\backend\node_modules\sql-escaper","sql-escaper"
"C:\xampp\htdocs\smart-asset-management\backend\node_modules\sql-escaper\lib","lib"
"C:\xampp\htdocs\smart-asset-management\backend\node_modules\statuses","statuses"
"C:\xampp\htdocs\smart-asset-management\backend\node_modules\supports-color","supports-color"
"C:\xampp\htdocs\smart-asset-management\backend\node_modules\toidentifier","toidentifier"
"C:\xampp\htdocs\smart-asset-management\backend\node_modules\toposort-class","toposort-class"
"C:\xampp\htdocs\smart-asset-management\backend\node_modules\toposort-class\benchmark","benchmark"
"C:\xampp\htdocs\smart-asset-management\backend\node_modules\toposort-class\benchmark\0.3.1","0.3.1"
"C:\xampp\htdocs\smart-asset-management\backend\node_modules\toposort-class\build","build"
"C:\xampp\htdocs\smart-asset-management\backend\node_modules\to-regex-range","to-regex-range"
"C:\xampp\htdocs\smart-asset-management\backend\node_modules\touch","touch"
"C:\xampp\htdocs\smart-asset-management\backend\node_modules\touch\bin","bin"
"C:\xampp\htdocs\smart-asset-management\backend\node_modules\type-is","type-is"
"C:\xampp\htdocs\smart-asset-management\backend\node_modules\undefsafe","undefsafe"
"C:\xampp\htdocs\smart-asset-management\backend\node_modules\undefsafe\.github",".github"
"C:\xampp\htdocs\smart-asset-management\backend\node_modules\undefsafe\.github\workflows","workflows"
"C:\xampp\htdocs\smart-asset-management\backend\node_modules\undefsafe\lib","lib"
"C:\xampp\htdocs\smart-asset-management\backend\node_modules\undici-types","undici-types"
"C:\xampp\htdocs\smart-asset-management\backend\node_modules\unpipe","unpipe"
"C:\xampp\htdocs\smart-asset-management\backend\node_modules\utils-merge","utils-merge"
"C:\xampp\htdocs\smart-asset-management\backend\node_modules\uuid","uuid"
"C:\xampp\htdocs\smart-asset-management\backend\node_modules\uuid\dist","dist"
"C:\xampp\htdocs\smart-asset-management\backend\node_modules\uuid\dist\bin","bin"
"C:\xampp\htdocs\smart-asset-management\backend\node_modules\uuid\dist\esm-browser","esm-browser"
"C:\xampp\htdocs\smart-asset-management\backend\node_modules\uuid\dist\esm-node","esm-node"
"C:\xampp\htdocs\smart-asset-management\backend\node_modules\uuid\dist\umd","umd"
"C:\xampp\htdocs\smart-asset-management\backend\node_modules\validator","validator"
"C:\xampp\htdocs\smart-asset-management\backend\node_modules\validator\es","es"
"C:\xampp\htdocs\smart-asset-management\backend\node_modules\validator\es\lib","lib"
"C:\xampp\htdocs\smart-asset-management\backend\node_modules\validator\es\lib\util","util"
"C:\xampp\htdocs\smart-asset-management\backend\node_modules\validator\lib","lib"
"C:\xampp\htdocs\smart-asset-management\backend\node_modules\validator\lib\util","util"
"C:\xampp\htdocs\smart-asset-management\backend\node_modules\vary","vary"
"C:\xampp\htdocs\smart-asset-management\backend\node_modules\wkx","wkx"
"C:\xampp\htdocs\smart-asset-management\backend\node_modules\wkx\dist","dist"
"C:\xampp\htdocs\smart-asset-management\backend\node_modules\wkx\lib","lib"
"C:\xampp\htdocs\smart-asset-management\backend\src","src"
"C:\xampp\htdocs\smart-asset-management\backend\src\config","config"
"C:\xampp\htdocs\smart-asset-management\backend\src\controllers","controllers"
"C:\xampp\htdocs\smart-asset-management\backend\src\middlewares","middlewares"
"C:\xampp\htdocs\smart-asset-management\backend\src\models","models"
"C:\xampp\htdocs\smart-asset-management\backend\src\routes","routes"
"C:\xampp\htdocs\smart-asset-management\backend\src\scripts","scripts"
"C:\xampp\htdocs\smart-asset-management\backend\src\services","services"
"C:\xampp\htdocs\smart-asset-management\backend\src\tests","tests"
"C:\xampp\htdocs\smart-asset-management\backend\src\utils","utils"
"C:\xampp\htdocs\smart-asset-management\backend\tests","tests"
"C:\xampp\htdocs\smart-asset-management\docs","docs"
"C:\xampp\htdocs\smart-asset-management\frontend","frontend"
"C:\xampp\htdocs\smart-asset-management\frontend\.vscode",".vscode"
"C:\xampp\htdocs\smart-asset-management\frontend\backups","backups"
"C:\xampp\htdocs\smart-asset-management\frontend\build","build"
"C:\xampp\htdocs\smart-asset-management\frontend\build\assets","assets"
"C:\xampp\htdocs\smart-asset-management\frontend\build\images","images"
"C:\xampp\htdocs\smart-asset-management\frontend\build\images\analytics","analytics"
"C:\xampp\htdocs\smart-asset-management\frontend\build\images\assets","assets"
"C:\xampp\htdocs\smart-asset-management\frontend\build\images\hero","hero"
"C:\xampp\htdocs\smart-asset-management\frontend\build\images\maintenance","maintenance"
"C:\xampp\htdocs\smart-asset-management\frontend\build\images\security","security"
"C:\xampp\htdocs\smart-asset-management\frontend\build\images\technology","technology"
"C:\xampp\htdocs\smart-asset-management\frontend\build\images\university","university"
"C:\xampp\htdocs\smart-asset-management\frontend\build\images\workflow","workflow"
"C:\xampp\htdocs\smart-asset-management\frontend\build\static","static"
"C:\xampp\htdocs\smart-asset-management\frontend\build\static\css","css"
"C:\xampp\htdocs\smart-asset-management\frontend\build\static\js","js"
"C:\xampp\htdocs\smart-asset-management\frontend\node_modules","node_modules"
"C:\xampp\htdocs\smart-asset-management\frontend\node_modules\.bin",".bin"
"C:\xampp\htdocs\smart-asset-management\frontend\node_modules\.cache",".cache"
"C:\xampp\htdocs\smart-asset-management\frontend\node_modules\.cache\babel-loader","babel-loader"
"C:\xampp\htdocs\smart-asset-management\frontend\node_modules\.cache\default-development","default-development"
"C:\xampp\htdocs\smart-asset-management\frontend\node_modules\@adobe","@adobe"
"C:\xampp\htdocs\smart-asset-management\frontend\node_modules\@adobe\css-tools","css-tools"
"C:\xampp\htdocs\smart-asset-management\frontend\node_modules\@adobe\css-tools\dist","dist"
"C:\xampp\htdocs\smart-asset-management\frontend\node_modules\@adobe\css-tools\dist\cjs","cjs"
"C:\xampp\htdocs\smart-asset-management\frontend\node_modules\@adobe\css-tools\dist\esm","esm"
"C:\xampp\htdocs\smart-asset-management\frontend\node_modules\@adobe\css-tools\dist\umd","umd"
"C:\xampp\htdocs\smart-asset-management\frontend\node_modules\@adobe\css-tools\docs","docs"
"C:\xampp\htdocs\smart-asset-management\frontend\node_modules\@adobe\css-tools\src","src"
"C:\xampp\htdocs\smart-asset-management\frontend\node_modules\@adobe\css-tools\src\parse","parse"
"C:\xampp\htdocs\smart-asset-management\frontend\node_modules\@adobe\css-tools\src\stringify","stringify"
"C:\xampp\htdocs\smart-asset-management\frontend\node_modules\@adobe\css-tools\src\utils","utils"
"C:\xampp\htdocs\smart-asset-management\frontend\node_modules\@alloc","@alloc"
"C:\xampp\htdocs\smart-asset-management\frontend\node_modules\@alloc\quick-lru","quick-lru"
"C:\xampp\htdocs\smart-asset-management\frontend\node_modules\@babel","@babel"
"C:\xampp\htdocs\smart-asset-management\frontend\node_modules\@babel\code-frame","code-frame"
"C:\xampp\htdocs\smart-asset-management\frontend\node_modules\@babel\code-frame\lib","lib"
"C:\xampp\htdocs\smart-asset-management\frontend\node_modules\@babel\compat-data","compat-data"
"C:\xampp\htdocs\smart-asset-management\frontend\node_modules\@babel\compat-data\data","data"
"C:\xampp\htdocs\smart-asset-management\frontend\node_modules\@babel\core","core"
"C:\xampp\htdocs\smart-asset-management\frontend\node_modules\@babel\core\lib","lib"
"C:\xampp\htdocs\smart-asset-management\frontend\node_modules\@babel\core\lib\config","config"
"C:\xampp\htdocs\smart-asset-management\frontend\node_modules\@babel\core\lib\config\files","files"
"C:\xampp\htdocs\smart-asset-management\frontend\node_modules\@babel\core\lib\config\helpers","helpers"
"C:\xampp\htdocs\smart-asset-management\frontend\node_modules\@babel\core\lib\config\validation","validation"
"C:\xampp\htdocs\smart-asset-management\frontend\node_modules\@babel\core\lib\errors","errors"
"C:\xampp\htdocs\smart-asset-management\frontend\node_modules\@babel\core\lib\gensync-utils","gensync-utils"
"C:\xampp\htdocs\smart-asset-management\frontend\node_modules\@babel\core\lib\parser","parser"
"C:\xampp\htdocs\smart-asset-management\frontend\node_modules\@babel\core\lib\parser\util","util"
"C:\xampp\htdocs\smart-asset-management\frontend\node_modules\@babel\core\lib\tools","tools"
"C:\xampp\htdocs\smart-asset-management\frontend\node_modules\@babel\core\lib\transformation","transformation"
"C:\xampp\htdocs\smart-asset-management\frontend\node_modules\@babel\core\lib\transformation\file","file"
"C:\xampp\htdocs\smart-asset-management\frontend\node_modules\@babel\core\lib\transformation\util","util"
"C:\xampp\htdocs\smart-asset-management\frontend\node_modules\@babel\core\lib\vendor","vendor"
"C:\xampp\htdocs\smart-asset-management\frontend\node_modules\@babel\core\node_modules","node_modules"
"C:\xampp\htdocs\smart-asset-management\frontend\node_modules\@babel\core\node_modules\.bin",".bin"
"C:\xampp\htdocs\smart-asset-management\frontend\node_modules\@babel\core\node_modules\convert-source-map","convert-source-map"
"C:\xampp\htdocs\smart-asset-management\frontend\node_modules\@babel\core\node_modules\semver","semver"
"C:\xampp\htdocs\smart-asset-management\frontend\node_modules\@babel\core\node_modules\semver\bin","bin"
"C:\xampp\htdocs\smart-asset-management\frontend\node_modules\@babel\core\src","src"
"C:\xampp\htdocs\smart-asset-management\frontend\node_modules\@babel\core\src\config","config"
"C:\xampp\htdocs\smart-asset-management\frontend\node_modules\@babel\core\src\config\files","files"
"C:\xampp\htdocs\smart-asset-management\frontend\node_modules\@babel\core\src\transformation","transformation"
"C:\xampp\htdocs\smart-asset-management\frontend\node_modules\@babel\eslint-parser","eslint-parser"
"C:\xampp\htdocs\smart-asset-management\frontend\node_modules\@babel\eslint-parser\lib","lib"
"C:\xampp\htdocs\smart-asset-management\frontend\node_modules\@babel\eslint-parser\lib\convert","convert"
"C:\xampp\htdocs\smart-asset-management\frontend\node_modules\@babel\eslint-parser\lib\utils","utils"
"C:\xampp\htdocs\smart-asset-management\frontend\node_modules\@babel\eslint-parser\lib\worker","worker"
"C:\xampp\htdocs\smart-asset-management\frontend\node_modules\@babel\eslint-parser\node_modules","node_modules"
"C:\xampp\htdocs\smart-asset-management\frontend\node_modules\@babel\eslint-parser\node_modules\.bin",".bin"
"C:\xampp\htdocs\smart-asset-management\frontend\node_modules\@babel\eslint-parser\node_modules\eslint-visitor-keys","eslint-visitor-keys"
"C:\xampp\htdocs\smart-asset-management\frontend\node_modules\@babel\eslint-parser\node_modules\eslint-visitor-keys\lib","lib"
"C:\xampp\htdocs\smart-asset-management\frontend\node_modules\@babel\eslint-parser\node_modules\semver","semver"
"C:\xampp\htdocs\smart-asset-management\frontend\node_modules\@babel\eslint-parser\node_modules\semver\bin","bin"
"C:\xampp\htdocs\smart-asset-management\frontend\node_modules\@babel\generator","generator"
"C:\xampp\htdocs\smart-asset-management\frontend\node_modules\@babel\generator\lib","lib"
"C:\xampp\htdocs\smart-asset-management\frontend\node_modules\@babel\generator\lib\generators","generators"
"C:\xampp\htdocs\smart-asset-management\frontend\node_modules\@babel\generator\lib\node","node"
"C:\xampp\htdocs\smart-asset-management\frontend\node_modules\@babel\helper-annotate-as-pure","helper-annotate-as-pure"
"C:\xampp\htdocs\smart-asset-management\frontend\node_modules\@babel\helper-annotate-as-pure\lib","lib"
"C:\xampp\htdocs\smart-asset-management\frontend\node_modules\@babel\helper-compilation-targets","helper-compilation-targets"
"C:\xampp\htdocs\smart-asset-management\frontend\node_modules\@babel\helper-compilation-targets\lib","lib"
"C:\xampp\htdocs\smart-asset-management\frontend\node_modules\@babel\helper-compilation-targets\node_modules","node_modules"
"C:\xampp\htdocs\smart-asset-management\frontend\node_modules\@babel\helper-compilation-targets\node_modules\.bin",".bin"
"C:\xampp\htdocs\smart-asset-management\frontend\node_modules\@babel\helper-compilation-targets\node_modules\semver","semver"
"C:\xampp\htdocs\smart-asset-management\frontend\node_modules\@babel\helper-compilation-targets\node_modules\semver\bin","bin"
"C:\xampp\htdocs\smart-asset-management\frontend\node_modules\@babel\helper-create-class-features-plugin","helper-create-class-features-plugin"
"C:\xampp\htdocs\smart-asset-management\frontend\node_modules\@babel\helper-create-class-features-plugin\lib","lib"
"C:\xampp\htdocs\smart-asset-management\frontend\node_modules\@babel\helper-create-class-features-plugin\node_modules","node_modules"
"C:\xampp\htdocs\smart-asset-management\frontend\node_modules\@babel\helper-create-class-features-plugin\node_modules\.bin",".bin"
"C:\xampp\htdocs\smart-asset-management\frontend\node_modules\@babel\helper-create-class-features-plugin\node_modules\semver","semver"
"C:\xampp\htdocs\smart-asset-management\frontend\node_modules\@babel\helper-create-class-features-plugin\node_modules\semver\bin","bin"
"C:\xampp\htdocs\smart-asset-management\frontend\node_modules\@babel\helper-create-regexp-features-plugin","helper-create-regexp-features-plugin"
"C:\xampp\htdocs\smart-asset-management\frontend\node_modules\@babel\helper-create-regexp-features-plugin\lib","lib"
"C:\xampp\htdocs\smart-asset-management\frontend\node_modules\@babel\helper-create-regexp-features-plugin\node_modules","node_modules"
"C:\xampp\htdocs\smart-asset-management\frontend\node_modules\@babel\helper-create-regexp-features-plugin\node_modules\.bin",".bin"
"C:\xampp\htdocs\smart-asset-management\frontend\node_modules\@babel\helper-create-regexp-features-plugin\node_modules\semver","semver"
"C:\xampp\htdocs\smart-asset-management\frontend\node_modules\@babel\helper-create-regexp-features-plugin\node_modules\semver\bin","bin"
"C:\xampp\htdocs\smart-asset-management\frontend\node_modules\@babel\helper-define-polyfill-provider","helper-define-polyfill-provider"
"C:\xampp\htdocs\smart-asset-management\frontend\node_modules\@babel\helper-define-polyfill-provider\esm","esm"
"C:\xampp\htdocs\smart-asset-management\frontend\node_modules\@babel\helper-define-polyfill-provider\lib","lib"
"C:\xampp\htdocs\smart-asset-management\frontend\node_modules\@babel\helper-define-polyfill-provider\lib\browser","browser"
"C:\xampp\htdocs\smart-asset-management\frontend\node_modules\@babel\helper-define-polyfill-provider\lib\node","node"
"C:\xampp\htdocs\smart-asset-management\frontend\node_modules\@babel\helper-define-polyfill-provider\lib\visitors","visitors"
"C:\xampp\htdocs\smart-asset-management\frontend\node_modules\@babel\helper-globals","helper-globals"
"C:\xampp\htdocs\smart-asset-management\frontend\node_modules\@babel\helper-globals\data","data"
"C:\xampp\htdocs\smart-asset-management\frontend\node_modules\@babel\helper-member-expression-to-functions","helper-member-expression-to-functions"
"C:\xampp\htdocs\smart-asset-management\frontend\node_modules\@babel\helper-member-expression-to-functions\lib","lib"
"C:\xampp\htdocs\smart-asset-management\frontend\node_modules\@babel\helper-module-imports","helper-module-imports"
"C:\xampp\htdocs\smart-asset-management\frontend\node_modules\@babel\helper-module-imports\lib","lib"
"C:\xampp\htdocs\smart-asset-management\frontend\node_modules\@babel\helper-module-transforms","helper-module-transforms"
"C:\xampp\htdocs\smart-asset-management\frontend\node_modules\@babel\helper-module-transforms\lib","lib"
"C:\xampp\htdocs\smart-asset-management\frontend\node_modules\@babel\helper-optimise-call-expression","helper-optimise-call-expression"
"C:\xampp\htdocs\smart-asset-management\frontend\node_modules\@babel\helper-optimise-call-expression\lib","lib"
"C:\xampp\htdocs\smart-asset-management\frontend\node_modules\@babel\helper-plugin-utils","helper-plugin-utils"
"C:\xampp\htdocs\smart-asset-management\frontend\node_modules\@babel\helper-plugin-utils\lib","lib"
"C:\xampp\htdocs\smart-asset-management\frontend\node_modules\@babel\helper-remap-async-to-generator","helper-remap-async-to-generator"
"C:\xampp\htdocs\smart-asset-management\frontend\node_modules\@babel\helper-remap-async-to-generator\lib","lib"
"C:\xampp\htdocs\smart-asset-management\frontend\node_modules\@babel\helper-replace-supers","helper-replace-supers"
"C:\xampp\htdocs\smart-asset-management\frontend\node_modules\@babel\helper-replace-supers\lib","lib"
"C:\xampp\htdocs\smart-asset-management\frontend\node_modules\@babel\helpers","helpers"
"C:\xampp\htdocs\smart-asset-management\frontend\node_modules\@babel\helpers\lib","lib"
"C:\xampp\htdocs\smart-asset-management\frontend\node_modules\@babel\helpers\lib\helpers","helpers"
"C:\xampp\htdocs\smart-asset-management\frontend\node_modules\@babel\helper-skip-transparent-expression-wrappers","helper-skip-transparent-expression-wrappers"
"C:\xampp\htdocs\smart-asset-management\frontend\node_modules\@babel\helper-skip-transparent-expression-wrappers\lib","lib"
"C:\xampp\htdocs\smart-asset-management\frontend\node_modules\@babel\helper-string-parser","helper-string-parser"
"C:\xampp\htdocs\smart-asset-management\frontend\node_modules\@babel\helper-string-parser\lib","lib"
"C:\xampp\htdocs\smart-asset-management\frontend\node_modules\@babel\helper-validator-identifier","helper-validator-identifier"
"C:\xampp\htdocs\smart-asset-management\frontend\node_modules\@babel\helper-validator-identifier\lib","lib"
"C:\xampp\htdocs\smart-asset-management\frontend\node_modules\@babel\helper-validator-option","helper-validator-option"
"C:\xampp\htdocs\smart-asset-management\frontend\node_modules\@babel\helper-validator-option\lib","lib"
"C:\xampp\htdocs\smart-asset-management\frontend\node_modules\@babel\helper-wrap-function","helper-wrap-function"
"C:\xampp\htdocs\smart-asset-management\frontend\node_modules\@babel\helper-wrap-function\lib","lib"
"C:\xampp\htdocs\smart-asset-management\frontend\node_modules\@babel\parser","parser"
"C:\xampp\htdocs\smart-asset-management\frontend\node_modules\@babel\parser\bin","bin"
"C:\xampp\htdocs\smart-asset-management\frontend\node_modules\@babel\parser\lib","lib"
"C:\xampp\htdocs\smart-asset-management\frontend\node_modules\@babel\parser\typings","typings"
"C:\xampp\htdocs\smart-asset-management\frontend\node_modules\@babel\plugin-bugfix-firefox-class-in-computed-class-key","plugin-bugfix-firefox-class-in-computed-class-key"
"C:\xampp\htdocs\smart-asset-management\frontend\node_modules\@babel\plugin-bugfix-firefox-class-in-computed-class-key\lib","lib"
"C:\xampp\htdocs\smart-asset-management\frontend\node_modules\@babel\plugin-bugfix-safari-class-field-initializer-scope","plugin-bugfix-safari-class-field-initializer-scope"
"C:\xampp\htdocs\smart-asset-management\frontend\node_modules\@babel\plugin-bugfix-safari-class-field-initializer-scope\lib","lib"
"C:\xampp\htdocs\smart-asset-management\frontend\node_modules\@babel\plugin-bugfix-safari-id-destructuring-collision-in-function-expression","plugin-bugfix-safari-id-destructuring-collision-in-function-expression"
"C:\xampp\htdocs\smart-asset-management\frontend\node_modules\@babel\plugin-bugfix-safari-id-destructuring-collision-in-function-expression\lib","lib"
"C:\xampp\htdocs\smart-asset-management\frontend\node_modules\@babel\plugin-bugfix-safari-rest-destructuring-rhs-array","plugin-bugfix-safari-rest-destructuring-rhs-array"
"C:\xampp\htdocs\smart-asset-management\frontend\node_modules\@babel\plugin-bugfix-safari-rest-destructuring-rhs-array\lib","lib"
"C:\xampp\htdocs\smart-asset-management\frontend\node_modules\@babel\plugin-bugfix-v8-spread-parameters-in-optional-chaining","plugin-bugfix-v8-spread-parameters-in-optional-chaining"
"C:\xampp\htdocs\smart-asset-management\frontend\node_modules\@babel\plugin-bugfix-v8-spread-parameters-in-optional-chaining\lib","lib"
"C:\xampp\htdocs\smart-asset-management\frontend\node_modules\@babel\plugin-bugfix-v8-static-class-fields-redefine-readonly","plugin-bugfix-v8-static-class-fields-redefine-readonly"
"C:\xampp\htdocs\smart-asset-management\frontend\node_modules\@babel\plugin-bugfix-v8-static-class-fields-redefine-readonly\lib","lib"
"C:\xampp\htdocs\smart-asset-management\frontend\node_modules\@babel\plugin-proposal-class-properties","plugin-proposal-class-properties"
"C:\xampp\htdocs\smart-asset-management\frontend\node_modules\@babel\plugin-proposal-class-properties\lib","lib"
"C:\xampp\htdocs\smart-asset-management\frontend\node_modules\@babel\plugin-proposal-decorators","plugin-proposal-decorators"
"C:\xampp\htdocs\smart-asset-management\frontend\node_modules\@babel\plugin-proposal-decorators\lib","lib"
"C:\xampp\htdocs\smart-asset-management\frontend\node_modules\@babel\plugin-proposal-nullish-coalescing-operator","plugin-proposal-nullish-coalescing-operator"
"C:\xampp\htdocs\smart-asset-management\frontend\node_modules\@babel\plugin-proposal-nullish-coalescing-operator\lib","lib"
"C:\xampp\htdocs\smart-asset-management\frontend\node_modules\@babel\plugin-proposal-numeric-separator","plugin-proposal-numeric-separator"
"C:\xampp\htdocs\smart-asset-management\frontend\node_modules\@babel\plugin-proposal-numeric-separator\lib","lib"
"C:\xampp\htdocs\smart-asset-management\frontend\node_modules\@babel\plugin-proposal-optional-chaining","plugin-proposal-optional-chaining"
"C:\xampp\htdocs\smart-asset-management\frontend\node_modules\@babel\plugin-proposal-optional-chaining\lib","lib"
"C:\xampp\htdocs\smart-asset-management\frontend\node_modules\@babel\plugin-proposal-private-methods","plugin-proposal-private-methods"
"C:\xampp\htdocs\smart-asset-management\frontend\node_modules\@babel\plugin-proposal-private-methods\lib","lib"
"C:\xampp\htdocs\smart-asset-management\frontend\node_modules\@babel\plugin-proposal-private-property-in-object","plugin-proposal-private-property-in-object"
"C:\xampp\htdocs\smart-asset-management\frontend\node_modules\@babel\plugin-proposal-private-property-in-object\lib","lib"
"C:\xampp\htdocs\smart-asset-management\frontend\node_modules\@babel\plugin-syntax-async-generators","plugin-syntax-async-generators"
"C:\xampp\htdocs\smart-asset-management\frontend\node_modules\@babel\plugin-syntax-async-generators\lib","lib"
"C:\xampp\htdocs\smart-asset-management\frontend\node_modules\@babel\plugin-syntax-bigint","plugin-syntax-bigint"
"C:\xampp\htdocs\smart-asset-management\frontend\node_modules\@babel\plugin-syntax-bigint\lib","lib"
"C:\xampp\htdocs\smart-asset-management\frontend\node_modules\@babel\plugin-syntax-class-properties","plugin-syntax-class-properties"
"C:\xampp\htdocs\smart-asset-management\frontend\node_modules\@babel\plugin-syntax-class-properties\lib","lib"
"C:\xampp\htdocs\smart-asset-management\frontend\node_modules\@babel\plugin-syntax-class-static-block","plugin-syntax-class-static-block"
"C:\xampp\htdocs\smart-asset-management\frontend\node_modules\@babel\plugin-syntax-class-static-block\lib","lib"
"C:\xampp\htdocs\smart-asset-management\frontend\node_modules\@babel\plugin-syntax-decorators","plugin-syntax-decorators"
"C:\xampp\htdocs\smart-asset-management\frontend\node_modules\@babel\plugin-syntax-decorators\lib","lib"
"C:\xampp\htdocs\smart-asset-management\frontend\node_modules\@babel\plugin-syntax-flow","plugin-syntax-flow"
"C:\xampp\htdocs\smart-asset-management\frontend\node_modules\@babel\plugin-syntax-flow\lib","lib"
"C:\xampp\htdocs\smart-asset-management\frontend\node_modules\@babel\plugin-syntax-import-assertions","plugin-syntax-import-assertions"
"C:\xampp\htdocs\smart-asset-management\frontend\node_modules\@babel\plugin-syntax-import-assertions\lib","lib"
"C:\xampp\htdocs\smart-asset-management\frontend\node_modules\@babel\plugin-syntax-import-attributes","plugin-syntax-import-attributes"
"C:\xampp\htdocs\smart-asset-management\frontend\node_modules\@babel\plugin-syntax-import-attributes\lib","lib"
"C:\xampp\htdocs\smart-asset-management\frontend\node_modules\@babel\plugin-syntax-import-meta","plugin-syntax-import-meta"
"C:\xampp\htdocs\smart-asset-management\frontend\node_modules\@babel\plugin-syntax-import-meta\lib","lib"
"C:\xampp\htdocs\smart-asset-management\frontend\node_modules\@babel\plugin-syntax-json-strings","plugin-syntax-json-strings"
"C:\xampp\htdocs\smart-asset-management\frontend\node_modules\@babel\plugin-syntax-json-strings\lib","lib"
"C:\xampp\htdocs\smart-asset-management\frontend\node_modules\@babel\plugin-syntax-jsx","plugin-syntax-jsx"
"C:\xampp\htdocs\smart-asset-management\frontend\node_modules\@babel\plugin-syntax-jsx\lib","lib"
"C:\xampp\htdocs\smart-asset-management\frontend\node_modules\@babel\plugin-syntax-logical-assignment-operators","plugin-syntax-logical-assignment-operators"
"C:\xampp\htdocs\smart-asset-management\frontend\node_modules\@babel\plugin-syntax-logical-assignment-operators\lib","lib"
"C:\xampp\htdocs\smart-asset-management\frontend\node_modules\@babel\plugin-syntax-nullish-coalescing-operator","plugin-syntax-nullish-coalescing-operator"
"C:\xampp\htdocs\smart-asset-management\frontend\node_modules\@babel\plugin-syntax-nullish-coalescing-operator\lib","lib"
"C:\xampp\htdocs\smart-asset-management\frontend\node_modules\@babel\plugin-syntax-numeric-separator","plugin-syntax-numeric-separator"
"C:\xampp\htdocs\smart-asset-management\frontend\node_modules\@babel\plugin-syntax-numeric-separator\lib","lib"
"C:\xampp\htdocs\smart-asset-management\frontend\node_modules\@babel\plugin-syntax-object-rest-spread","plugin-syntax-object-rest-spread"
"C:\xampp\htdocs\smart-asset-management\frontend\node_modules\@babel\plugin-syntax-object-rest-spread\lib","lib"
"C:\xampp\htdocs\smart-asset-management\frontend\node_modules\@babel\plugin-syntax-optional-catch-binding","plugin-syntax-optional-catch-binding"
"C:\xampp\htdocs\smart-asset-management\frontend\node_modules\@babel\plugin-syntax-optional-catch-binding\lib","lib"
"C:\xampp\htdocs\smart-asset-management\frontend\node_modules\@babel\plugin-syntax-optional-chaining","plugin-syntax-optional-chaining"
"C:\xampp\htdocs\smart-asset-management\frontend\node_modules\@babel\plugin-syntax-optional-chaining\lib","lib"
"C:\xampp\htdocs\smart-asset-management\frontend\node_modules\@babel\plugin-syntax-private-property-in-object","plugin-syntax-private-property-in-object"
"C:\xampp\htdocs\smart-asset-management\frontend\node_modules\@babel\plugin-syntax-private-property-in-object\lib","lib"
"C:\xampp\htdocs\smart-asset-management\frontend\node_modules\@babel\plugin-syntax-top-level-await","plugin-syntax-top-level-await"
"C:\xampp\htdocs\smart-asset-management\frontend\node_modules\@babel\plugin-syntax-top-level-await\lib","lib"
"C:\xampp\htdocs\smart-asset-management\frontend\node_modules\@babel\plugin-syntax-typescript","plugin-syntax-typescript"
"C:\xampp\htdocs\smart-asset-management\frontend\node_modules\@babel\plugin-syntax-typescript\lib","lib"
"C:\xampp\htdocs\smart-asset-management\frontend\node_modules\@babel\plugin-syntax-unicode-sets-regex","plugin-syntax-unicode-sets-regex"
"C:\xampp\htdocs\smart-asset-management\frontend\node_modules\@babel\plugin-syntax-unicode-sets-regex\lib","lib"
"C:\xampp\htdocs\smart-asset-management\frontend\node_modules\@babel\plugin-transform-arrow-functions","plugin-transform-arrow-functions"
"C:\xampp\htdocs\smart-asset-management\frontend\node_modules\@babel\plugin-transform-arrow-functions\lib","lib"
"C:\xampp\htdocs\smart-asset-management\frontend\node_modules\@babel\plugin-transform-async-generator-functions","plugin-transform-async-generator-functions"
"C:\xampp\htdocs\smart-asset-management\frontend\node_modules\@babel\plugin-transform-async-generator-functions\lib","lib"
"C:\xampp\htdocs\smart-asset-management\frontend\node_modules\@babel\plugin-transform-async-to-generator","plugin-transform-async-to-generator"
"C:\xampp\htdocs\smart-asset-management\frontend\node_modules\@babel\plugin-transform-async-to-generator\lib","lib"
"C:\xampp\htdocs\smart-asset-management\frontend\node_modules\@babel\plugin-transform-block-scoped-functions","plugin-transform-block-scoped-functions"
"C:\xampp\htdocs\smart-asset-management\frontend\node_modules\@babel\plugin-transform-block-scoped-functions\lib","lib"
"C:\xampp\htdocs\smart-asset-management\frontend\node_modules\@babel\plugin-transform-block-scoping","plugin-transform-block-scoping"
"C:\xampp\htdocs\smart-asset-management\frontend\node_modules\@babel\plugin-transform-block-scoping\lib","lib"
"C:\xampp\htdocs\smart-asset-management\frontend\node_modules\@babel\plugin-transform-classes","plugin-transform-classes"
"C:\xampp\htdocs\smart-asset-management\frontend\node_modules\@babel\plugin-transform-classes\lib","lib"
"C:\xampp\htdocs\smart-asset-management\frontend\node_modules\@babel\plugin-transform-class-properties","plugin-transform-class-properties"
"C:\xampp\htdocs\smart-asset-management\frontend\node_modules\@babel\plugin-transform-class-properties\lib","lib"
"C:\xampp\htdocs\smart-asset-management\frontend\node_modules\@babel\plugin-transform-class-static-block","plugin-transform-class-static-block"
"C:\xampp\htdocs\smart-asset-management\frontend\node_modules\@babel\plugin-transform-class-static-block\lib","lib"
"C:\xampp\htdocs\smart-asset-management\frontend\node_modules\@babel\plugin-transform-computed-properties","plugin-transform-computed-properties"
"C:\xampp\htdocs\smart-asset-management\frontend\node_modules\@babel\plugin-transform-computed-properties\lib","lib"
"C:\xampp\htdocs\smart-asset-management\frontend\node_modules\@babel\plugin-transform-destructuring","plugin-transform-destructuring"
"C:\xampp\htdocs\smart-asset-management\frontend\node_modules\@babel\plugin-transform-destructuring\lib","lib"
"C:\xampp\htdocs\smart-asset-management\frontend\node_modules\@babel\plugin-transform-dotall-regex","plugin-transform-dotall-regex"
"C:\xampp\htdocs\smart-asset-management\frontend\node_modules\@babel\plugin-transform-dotall-regex\lib","lib"
"C:\xampp\htdocs\smart-asset-management\frontend\node_modules\@babel\plugin-transform-duplicate-keys","plugin-transform-duplicate-keys"
"C:\xampp\htdocs\smart-asset-management\frontend\node_modules\@babel\plugin-transform-duplicate-keys\lib","lib"
"C:\xampp\htdocs\smart-asset-management\frontend\node_modules\@babel\plugin-transform-duplicate-named-capturing-groups-regex","plugin-transform-duplicate-named-capturing-groups-regex"
"C:\xampp\htdocs\smart-asset-management\frontend\node_modules\@babel\plugin-transform-duplicate-named-capturing-groups-regex\lib","lib"
"C:\xampp\htdocs\smart-asset-management\frontend\node_modules\@babel\plugin-transform-dynamic-import","plugin-transform-dynamic-import"
"C:\xampp\htdocs\smart-asset-management\frontend\node_modules\@babel\plugin-transform-dynamic-import\lib","lib"
"C:\xampp\htdocs\smart-asset-management\frontend\node_modules\@babel\plugin-transform-explicit-resource-management","plugin-transform-explicit-resource-management"
"C:\xampp\htdocs\smart-asset-management\frontend\node_modules\@babel\plugin-transform-explicit-resource-management\lib","lib"
"C:\xampp\htdocs\smart-asset-management\frontend\node_modules\@babel\plugin-transform-exponentiation-operator","plugin-transform-exponentiation-operator"
"C:\xampp\htdocs\smart-asset-management\frontend\node_modules\@babel\plugin-transform-exponentiation-operator\lib","lib"
"C:\xampp\htdocs\smart-asset-management\frontend\node_modules\@babel\plugin-transform-export-namespace-from","plugin-transform-export-namespace-from"
"C:\xampp\htdocs\smart-asset-management\frontend\node_modules\@babel\plugin-transform-export-namespace-from\lib","lib"
"C:\xampp\htdocs\smart-asset-management\frontend\node_modules\@babel\plugin-transform-flow-strip-types","plugin-transform-flow-strip-types"
"C:\xampp\htdocs\smart-asset-management\frontend\node_modules\@babel\plugin-transform-flow-strip-types\lib","lib"
"C:\xampp\htdocs\smart-asset-management\frontend\node_modules\@babel\plugin-transform-for-of","plugin-transform-for-of"
"C:\xampp\htdocs\smart-asset-management\frontend\node_modules\@babel\plugin-transform-for-of\lib","lib"
"C:\xampp\htdocs\smart-asset-management\frontend\node_modules\@babel\plugin-transform-function-name","plugin-transform-function-name"
"C:\xampp\htdocs\smart-asset-management\frontend\node_modules\@babel\plugin-transform-function-name\lib","lib"
"C:\xampp\htdocs\smart-asset-management\frontend\node_modules\@babel\plugin-transform-json-strings","plugin-transform-json-strings"
"C:\xampp\htdocs\smart-asset-management\frontend\node_modules\@babel\plugin-transform-json-strings\lib","lib"
"C:\xampp\htdocs\smart-asset-management\frontend\node_modules\@babel\plugin-transform-literals","plugin-transform-literals"
"C:\xampp\htdocs\smart-asset-management\frontend\node_modules\@babel\plugin-transform-literals\lib","lib"
"C:\xampp\htdocs\smart-asset-management\frontend\node_modules\@babel\plugin-transform-logical-assignment-operators","plugin-transform-logical-assignment-operators"
"C:\xampp\htdocs\smart-asset-management\frontend\node_modules\@babel\plugin-transform-logical-assignment-operators\lib","lib"
"C:\xampp\htdocs\smart-asset-management\frontend\node_modules\@babel\plugin-transform-member-expression-literals","plugin-transform-member-expression-literals"
"C:\xampp\htdocs\smart-asset-management\frontend\node_modules\@babel\plugin-transform-member-expression-literals\lib","lib"
"C:\xampp\htdocs\smart-asset-management\frontend\node_modules\@babel\plugin-transform-modules-amd","plugin-transform-modules-amd"
"C:\xampp\htdocs\smart-asset-management\frontend\node_modules\@babel\plugin-transform-modules-amd\lib","lib"
"C:\xampp\htdocs\smart-asset-management\frontend\node_modules\@babel\plugin-transform-modules-commonjs","plugin-transform-modules-commonjs"
"C:\xampp\htdocs\smart-asset-management\frontend\node_modules\@babel\plugin-transform-modules-commonjs\lib","lib"
"C:\xampp\htdocs\smart-asset-management\frontend\node_modules\@babel\plugin-transform-modules-systemjs","plugin-transform-modules-systemjs"
"C:\xampp\htdocs\smart-asset-management\frontend\node_modules\@babel\plugin-transform-modules-systemjs\lib","lib"
"C:\xampp\htdocs\smart-asset-management\frontend\node_modules\@babel\plugin-transform-modules-umd","plugin-transform-modules-umd"
"C:\xampp\htdocs\smart-asset-management\frontend\node_modules\@babel\plugin-transform-modules-umd\lib","lib"
"C:\xampp\htdocs\smart-asset-management\frontend\node_modules\@babel\plugin-transform-named-capturing-groups-regex","plugin-transform-named-capturing-groups-regex"
"C:\xampp\htdocs\smart-asset-management\frontend\node_modules\@babel\plugin-transform-named-capturing-groups-regex\lib","lib"
"C:\xampp\htdocs\smart-asset-management\frontend\node_modules\@babel\plugin-transform-new-target","plugin-transform-new-target"
"C:\xampp\htdocs\smart-asset-management\frontend\node_modules\@babel\plugin-transform-new-target\lib","lib"
"C:\xampp\htdocs\smart-asset-management\frontend\node_modules\@babel\plugin-transform-nullish-coalescing-operator","plugin-transform-nullish-coalescing-operator"
"C:\xampp\htdocs\smart-asset-management\frontend\node_modules\@babel\plugin-transform-nullish-coalescing-operator\lib","lib"
"C:\xampp\htdocs\smart-asset-management\frontend\node_modules\@babel\plugin-transform-numeric-separator","plugin-transform-numeric-separator"
"C:\xampp\htdocs\smart-asset-management\frontend\node_modules\@babel\plugin-transform-numeric-separator\lib","lib"
"C:\xampp\htdocs\smart-asset-management\frontend\node_modules\@babel\plugin-transform-object-rest-spread","plugin-transform-object-rest-spread"
"C:\xampp\htdocs\smart-asset-management\frontend\node_modules\@babel\plugin-transform-object-rest-spread\lib","lib"
"C:\xampp\htdocs\smart-asset-management\frontend\node_modules\@babel\plugin-transform-object-super","plugin-transform-object-super"
"C:\xampp\htdocs\smart-asset-management\frontend\node_modules\@babel\plugin-transform-object-super\lib","lib"
"C:\xampp\htdocs\smart-asset-management\frontend\node_modules\@babel\plugin-transform-optional-catch-binding","plugin-transform-optional-catch-binding"
"C:\xampp\htdocs\smart-asset-management\frontend\node_modules\@babel\plugin-transform-optional-catch-binding\lib","lib"
"C:\xampp\htdocs\smart-asset-management\frontend\node_modules\@babel\plugin-transform-optional-chaining","plugin-transform-optional-chaining"
"C:\xampp\htdocs\smart-asset-management\frontend\node_modules\@babel\plugin-transform-optional-chaining\lib","lib"
"C:\xampp\htdocs\smart-asset-management\frontend\node_modules\@babel\plugin-transform-parameters","plugin-transform-parameters"
"C:\xampp\htdocs\smart-asset-management\frontend\node_modules\@babel\plugin-transform-parameters\lib","lib"
"C:\xampp\htdocs\smart-asset-management\frontend\node_modules\@babel\plugin-transform-private-methods","plugin-transform-private-methods"
"C:\xampp\htdocs\smart-asset-management\frontend\node_modules\@babel\plugin-transform-private-methods\lib","lib"
"C:\xampp\htdocs\smart-asset-management\frontend\node_modules\@babel\plugin-transform-private-property-in-object","plugin-transform-private-property-in-object"
"C:\xampp\htdocs\smart-asset-management\frontend\node_modules\@babel\plugin-transform-private-property-in-object\lib","lib"
"C:\xampp\htdocs\smart-asset-management\frontend\node_modules\@babel\plugin-transform-property-literals","plugin-transform-property-literals"
"C:\xampp\htdocs\smart-asset-management\frontend\node_modules\@babel\plugin-transform-property-literals\lib","lib"
"C:\xampp\htdocs\smart-asset-management\frontend\node_modules\@babel\plugin-transform-react-constant-elements","plugin-transform-react-constant-elements"
"C:\xampp\htdocs\smart-asset-management\frontend\node_modules\@babel\plugin-transform-react-constant-elements\lib","lib"
"C:\xampp\htdocs\smart-asset-management\frontend\node_modules\@babel\plugin-transform-react-display-name","plugin-transform-react-display-name"
"C:\xampp\htdocs\smart-asset-management\frontend\node_modules\@babel\plugin-transform-react-display-name\lib","lib"
"C:\xampp\htdocs\smart-asset-management\frontend\node_modules\@babel\plugin-transform-react-jsx","plugin-transform-react-jsx"
"C:\xampp\htdocs\smart-asset-management\frontend\node_modules\@babel\plugin-transform-react-jsx\lib","lib"
"C:\xampp\htdocs\smart-asset-management\frontend\node_modules\@babel\plugin-transform-react-jsx-development","plugin-transform-react-jsx-development"
"C:\xampp\htdocs\smart-asset-management\frontend\node_modules\@babel\plugin-transform-react-jsx-development\lib","lib"
"C:\xampp\htdocs\smart-asset-management\frontend\node_modules\@babel\plugin-transform-react-pure-annotations","plugin-transform-react-pure-annotations"
"C:\xampp\htdocs\smart-asset-management\frontend\node_modules\@babel\plugin-transform-react-pure-annotations\lib","lib"
"C:\xampp\htdocs\smart-asset-management\frontend\node_modules\@babel\plugin-transform-regenerator","plugin-transform-regenerator"
"C:\xampp\htdocs\smart-asset-management\frontend\node_modules\@babel\plugin-transform-regenerator\lib","lib"
"C:\xampp\htdocs\smart-asset-management\frontend\node_modules\@babel\plugin-transform-regenerator\lib\regenerator","regenerator"
"C:\xampp\htdocs\smart-asset-management\frontend\node_modules\@babel\plugin-transform-regexp-modifiers","plugin-transform-regexp-modifiers"
"C:\xampp\htdocs\smart-asset-management\frontend\node_modules\@babel\plugin-transform-regexp-modifiers\lib","lib"
"C:\xampp\htdocs\smart-asset-management\frontend\node_modules\@babel\plugin-transform-reserved-words","plugin-transform-reserved-words"
"C:\xampp\htdocs\smart-asset-management\frontend\node_modules\@babel\plugin-transform-reserved-words\lib","lib"
"C:\xampp\htdocs\smart-asset-management\frontend\node_modules\@babel\plugin-transform-runtime","plugin-transform-runtime"
"C:\xampp\htdocs\smart-asset-management\frontend\node_modules\@babel\plugin-transform-runtime\lib","lib"
"C:\xampp\htdocs\smart-asset-management\frontend\node_modules\@babel\plugin-transform-runtime\lib\babel-7","babel-7"
"C:\xampp\htdocs\smart-asset-management\frontend\node_modules\@babel\plugin-transform-runtime\lib\get-runtime-path","get-runtime-path"
"C:\xampp\htdocs\smart-asset-management\frontend\node_modules\@babel\plugin-transform-runtime\node_modules","node_modules"
"C:\xampp\htdocs\smart-asset-management\frontend\node_modules\@babel\plugin-transform-runtime\node_modules\.bin",".bin"
"C:\xampp\htdocs\smart-asset-management\frontend\node_modules\@babel\plugin-transform-runtime\node_modules\babel-plugin-polyfill-corejs3","babel-plugin-polyfill-corejs3"
"C:\xampp\htdocs\smart-asset-management\frontend\node_modules\@babel\plugin-transform-runtime\node_modules\babel-plugin-polyfill-corejs3\core-js-compat","core-js-compat"
"C:\xampp\htdocs\smart-asset-management\frontend\node_modules\@babel\plugin-transform-runtime\node_modules\babel-plugin-polyfill-corejs3\esm","esm"
"C:\xampp\htdocs\smart-asset-management\frontend\node_modules\@babel\plugin-transform-runtime\node_modules\babel-plugin-polyfill-corejs3\lib","lib"
"C:\xampp\htdocs\smart-asset-management\frontend\node_modules\@babel\plugin-transform-runtime\node_modules\semver","semver"
"C:\xampp\htdocs\smart-asset-management\frontend\node_modules\@babel\plugin-transform-runtime\node_modules\semver\bin","bin"
"C:\xampp\htdocs\smart-asset-management\frontend\node_modules\@babel\plugin-transform-runtime\src","src"
"C:\xampp\htdocs\smart-asset-management\frontend\node_modules\@babel\plugin-transform-runtime\src\get-runtime-path","get-runtime-path"
"C:\xampp\htdocs\smart-asset-management\frontend\node_modules\@babel\plugin-transform-shorthand-properties","plugin-transform-shorthand-properties"
"C:\xampp\htdocs\smart-asset-management\frontend\node_modules\@babel\plugin-transform-shorthand-properties\lib","lib"
"C:\xampp\htdocs\smart-asset-management\frontend\node_modules\@babel\plugin-transform-spread","plugin-transform-spread"
"C:\xampp\htdocs\smart-asset-management\frontend\node_modules\@babel\plugin-transform-spread\lib","lib"
"C:\xampp\htdocs\smart-asset-management\frontend\node_modules\@babel\plugin-transform-sticky-regex","plugin-transform-sticky-regex"
"C:\xampp\htdocs\smart-asset-management\frontend\node_modules\@babel\plugin-transform-sticky-regex\lib","lib"
"C:\xampp\htdocs\smart-asset-management\frontend\node_modules\@babel\plugin-transform-template-literals","plugin-transform-template-literals"
"C:\xampp\htdocs\smart-asset-management\frontend\node_modules\@babel\plugin-transform-template-literals\lib","lib"
"C:\xampp\htdocs\smart-asset-management\frontend\node_modules\@babel\plugin-transform-typeof-symbol","plugin-transform-typeof-symbol"
"C:\xampp\htdocs\smart-asset-management\frontend\node_modules\@babel\plugin-transform-typeof-symbol\lib","lib"
"C:\xampp\htdocs\smart-asset-management\frontend\node_modules\@babel\plugin-transform-typescript","plugin-transform-typescript"
"C:\xampp\htdocs\smart-asset-management\frontend\node_modules\@babel\plugin-transform-typescript\lib","lib"
"C:\xampp\htdocs\smart-asset-management\frontend\node_modules\@babel\plugin-transform-unicode-escapes","plugin-transform-unicode-escapes"
"C:\xampp\htdocs\smart-asset-management\frontend\node_modules\@babel\plugin-transform-unicode-escapes\lib","lib"
"C:\xampp\htdocs\smart-asset-management\frontend\node_modules\@babel\plugin-transform-unicode-property-regex","plugin-transform-unicode-property-regex"
"C:\xampp\htdocs\smart-asset-management\frontend\node_modules\@babel\plugin-transform-unicode-property-regex\lib","lib"
"C:\xampp\htdocs\smart-asset-management\frontend\node_modules\@babel\plugin-transform-unicode-regex","plugin-transform-unicode-regex"
"C:\xampp\htdocs\smart-asset-management\frontend\node_modules\@babel\plugin-transform-unicode-regex\lib","lib"
"C:\xampp\htdocs\smart-asset-management\frontend\node_modules\@babel\plugin-transform-unicode-sets-regex","plugin-transform-unicode-sets-regex"
"C:\xampp\htdocs\smart-asset-management\frontend\node_modules\@babel\plugin-transform-unicode-sets-regex\lib","lib"
"C:\xampp\htdocs\smart-asset-management\frontend\node_modules\@babel\preset-env","preset-env"
"C:\xampp\htdocs\smart-asset-management\frontend\node_modules\@babel\preset-env\data","data"
"C:\xampp\htdocs\smart-asset-management\frontend\node_modules\@babel\preset-env\lib","lib"
"C:\xampp\htdocs\smart-asset-management\frontend\node_modules\@babel\preset-env\lib\polyfills","polyfills"
"C:\xampp\htdocs\smart-asset-management\frontend\node_modules\@babel\preset-env\node_modules","node_modules"
"C:\xampp\htdocs\smart-asset-management\frontend\node_modules\@babel\preset-env\node_modules\.bin",".bin"
"C:\xampp\htdocs\smart-asset-management\frontend\node_modules\@babel\preset-env\node_modules\semver","semver"
"C:\xampp\htdocs\smart-asset-management\frontend\node_modules\@babel\preset-env\node_modules\semver\bin","bin"
"C:\xampp\htdocs\smart-asset-management\frontend\node_modules\@babel\preset-modules","preset-modules"
"C:\xampp\htdocs\smart-asset-management\frontend\node_modules\@babel\preset-modules\lib","lib"
"C:\xampp\htdocs\smart-asset-management\frontend\node_modules\@babel\preset-modules\lib\plugins","plugins"
"C:\xampp\htdocs\smart-asset-management\frontend\node_modules\@babel\preset-modules\lib\plugins\transform-async-arrows-in-class","transform-async-arrows-in-class"
"C:\xampp\htdocs\smart-asset-management\frontend\node_modules\@babel\preset-modules\lib\plugins\transform-edge-default-parameters","transform-edge-default-parameters"
"C:\xampp\htdocs\smart-asset-management\frontend\node_modules\@babel\preset-modules\lib\plugins\transform-edge-function-name","transform-edge-function-name"
"C:\xampp\htdocs\smart-asset-management\frontend\node_modules\@babel\preset-modules\lib\plugins\transform-jsx-spread","transform-jsx-spread"
"C:\xampp\htdocs\smart-asset-management\frontend\node_modules\@babel\preset-modules\lib\plugins\transform-safari-block-shadowing","transform-safari-block-shadowing"
"C:\xampp\htdocs\smart-asset-management\frontend\node_modules\@babel\preset-modules\lib\plugins\transform-safari-for-shadowing","transform-safari-for-shadowing"
"C:\xampp\htdocs\smart-asset-management\frontend\node_modules\@babel\preset-modules\lib\plugins\transform-tagged-template-caching","transform-tagged-template-caching"
"C:\xampp\htdocs\smart-asset-management\frontend\node_modules\@babel\preset-modules\src","src"
"C:\xampp\htdocs\smart-asset-management\frontend\node_modules\@babel\preset-modules\src\plugins","plugins"
"C:\xampp\htdocs\smart-asset-management\frontend\node_modules\@babel\preset-modules\src\plugins\transform-async-arrows-in-class","transform-async-arrows-in-class"
"C:\xampp\htdocs\smart-asset-management\frontend\node_modules\@babel\preset-modules\src\plugins\transform-edge-default-parameters","transform-edge-default-parameters"
"C:\xampp\htdocs\smart-asset-management\frontend\node_modules\@babel\preset-modules\src\plugins\transform-edge-function-name","transform-edge-function-name"
"C:\xampp\htdocs\smart-asset-management\frontend\node_modules\@babel\preset-modules\src\plugins\transform-jsx-spread","transform-jsx-spread"
"C:\xampp\htdocs\smart-asset-management\frontend\node_modules\@babel\preset-modules\src\plugins\transform-safari-block-shadowing","transform-safari-block-shadowing"
"C:\xampp\htdocs\smart-asset-management\frontend\node_modules\@babel\preset-modules\src\plugins\transform-safari-for-shadowing","transform-safari-for-shadowing"
"C:\xampp\htdocs\smart-asset-management\frontend\node_modules\@babel\preset-modules\src\plugins\transform-tagged-template-caching","transform-tagged-template-caching"
"C:\xampp\htdocs\smart-asset-management\frontend\node_modules\@babel\preset-react","preset-react"
"C:\xampp\htdocs\smart-asset-management\frontend\node_modules\@babel\preset-react\lib","lib"
"C:\xampp\htdocs\smart-asset-management\frontend\node_modules\@babel\preset-typescript","preset-typescript"
"C:\xampp\htdocs\smart-asset-management\frontend\node_modules\@babel\preset-typescript\lib","lib"
"C:\xampp\htdocs\smart-asset-management\frontend\node_modules\@babel\runtime","runtime"
"C:\xampp\htdocs\smart-asset-management\frontend\node_modules\@babel\runtime\helpers","helpers"
"C:\xampp\htdocs\smart-asset-management\frontend\node_modules\@babel\runtime\helpers\esm","esm"
"C:\xampp\htdocs\smart-asset-management\frontend\node_modules\@babel\runtime\regenerator","regenerator"
"C:\xampp\htdocs\smart-asset-management\frontend\node_modules\@babel\template","template"
"C:\xampp\htdocs\smart-asset-management\frontend\node_modules\@babel\template\lib","lib"
"C:\xampp\htdocs\smart-asset-management\frontend\node_modules\@babel\traverse","traverse"
"C:\xampp\htdocs\smart-asset-management\frontend\node_modules\@babel\traverse\lib","lib"
"C:\xampp\htdocs\smart-asset-management\frontend\node_modules\@babel\traverse\lib\path","path"
"C:\xampp\htdocs\smart-asset-management\frontend\node_modules\@babel\traverse\lib\path\inference","inference"
"C:\xampp\htdocs\smart-asset-management\frontend\node_modules\@babel\traverse\lib\path\lib","lib"
"C:\xampp\htdocs\smart-asset-management\frontend\node_modules\@babel\traverse\lib\scope","scope"
"C:\xampp\htdocs\smart-asset-management\frontend\node_modules\@babel\traverse\lib\scope\lib","lib"
"C:\xampp\htdocs\smart-asset-management\frontend\node_modules\@babel\types","types"
"C:\xampp\htdocs\smart-asset-management\frontend\node_modules\@babel\types\lib","lib"
"C:\xampp\htdocs\smart-asset-management\frontend\node_modules\@babel\types\lib\asserts","asserts"
"C:\xampp\htdocs\smart-asset-management\frontend\node_modules\@babel\types\lib\asserts\generated","generated"
"C:\xampp\htdocs\smart-asset-management\frontend\node_modules\@babel\types\lib\ast-types","ast-types"
"C:\xampp\htdocs\smart-asset-management\frontend\node_modules\@babel\types\lib\ast-types\generated","generated"
"C:\xampp\htdocs\smart-asset-management\frontend\node_modules\@babel\types\lib\builders","builders"
"C:\xampp\htdocs\smart-asset-management\frontend\node_modules\@babel\types\lib\builders\flow","flow"
"C:\xampp\htdocs\smart-asset-management\frontend\node_modules\@babel\types\lib\builders\generated","generated"
"C:\xampp\htdocs\smart-asset-management\frontend\node_modules\@babel\types\lib\builders\react","react"
"C:\xampp\htdocs\smart-asset-management\frontend\node_modules\@babel\types\lib\builders\typescript","typescript"
"C:\xampp\htdocs\smart-asset-management\frontend\node_modules\@babel\types\lib\clone","clone"
"C:\xampp\htdocs\smart-asset-management\frontend\node_modules\@babel\types\lib\comments","comments"
"C:\xampp\htdocs\smart-asset-management\frontend\node_modules\@babel\types\lib\constants","constants"
"C:\xampp\htdocs\smart-asset-management\frontend\node_modules\@babel\types\lib\constants\generated","generated"
"C:\xampp\htdocs\smart-asset-management\frontend\node_modules\@babel\types\lib\converters","converters"
"C:\xampp\htdocs\smart-asset-management\frontend\node_modules\@babel\types\lib\definitions","definitions"
"C:\xampp\htdocs\smart-asset-management\frontend\node_modules\@babel\types\lib\modifications","modifications"
"C:\xampp\htdocs\smart-asset-management\frontend\node_modules\@babel\types\lib\modifications\flow","flow"
"C:\xampp\htdocs\smart-asset-management\frontend\node_modules\@babel\types\lib\modifications\typescript","typescript"
"C:\xampp\htdocs\smart-asset-management\frontend\node_modules\@babel\types\lib\retrievers","retrievers"
"C:\xampp\htdocs\smart-asset-management\frontend\node_modules\@babel\types\lib\traverse","traverse"
"C:\xampp\htdocs\smart-asset-management\frontend\node_modules\@babel\types\lib\utils","utils"
"C:\xampp\htdocs\smart-asset-management\frontend\node_modules\@babel\types\lib\utils\react","react"
"C:\xampp\htdocs\smart-asset-management\frontend\node_modules\@babel\types\lib\validators","validators"
"C:\xampp\htdocs\smart-asset-management\frontend\node_modules\@babel\types\lib\validators\generated","generated"
"C:\xampp\htdocs\smart-asset-management\frontend\node_modules\@babel\types\lib\validators\react","react"
"C:\xampp\htdocs\smart-asset-management\frontend\node_modules\@bcoe","@bcoe"
"C:\xampp\htdocs\smart-asset-management\frontend\node_modules\@bcoe\v8-coverage","v8-coverage"
"C:\xampp\htdocs\smart-asset-management\frontend\node_modules\@bcoe\v8-coverage\dist","dist"
"C:\xampp\htdocs\smart-asset-management\frontend\node_modules\@bcoe\v8-coverage\dist\lib","lib"
"C:\xampp\htdocs\smart-asset-management\frontend\node_modules\@bcoe\v8-coverage\dist\lib\_src","_src"
"C:\xampp\htdocs\smart-asset-management\frontend\node_modules\@bcoe\v8-coverage\src","src"
"C:\xampp\htdocs\smart-asset-management\frontend\node_modules\@bcoe\v8-coverage\src\lib","lib"
"C:\xampp\htdocs\smart-asset-management\frontend\node_modules\@bcoe\v8-coverage\src\test","test"
"C:\xampp\htdocs\smart-asset-management\frontend\node_modules\@csstools","@csstools"
"C:\xampp\htdocs\smart-asset-management\frontend\node_modules\@csstools\normalize.css","normalize.css"
"C:\xampp\htdocs\smart-asset-management\frontend\node_modules\@csstools\postcss-cascade-layers","postcss-cascade-layers"
"C:\xampp\htdocs\smart-asset-management\frontend\node_modules\@csstools\postcss-cascade-layers\dist","dist"
"C:\xampp\htdocs\smart-asset-management\frontend\node_modules\@csstools\postcss-color-function","postcss-color-function"
"C:\xampp\htdocs\smart-asset-management\frontend\node_modules\@csstools\postcss-color-function\dist","dist"
"C:\xampp\htdocs\smart-asset-management\frontend\node_modules\@csstools\postcss-color-function\dist\css-color-4","css-color-4"
"C:\xampp\htdocs\smart-asset-management\frontend\node_modules\@csstools\postcss-font-format-keywords","postcss-font-format-keywords"
"C:\xampp\htdocs\smart-asset-management\frontend\node_modules\@csstools\postcss-font-format-keywords\dist","dist"
"C:\xampp\htdocs\smart-asset-management\frontend\node_modules\@csstools\postcss-hwb-function","postcss-hwb-function"
"C:\xampp\htdocs\smart-asset-management\frontend\node_modules\@csstools\postcss-hwb-function\dist","dist"
"C:\xampp\htdocs\smart-asset-management\frontend\node_modules\@csstools\postcss-ic-unit","postcss-ic-unit"
"C:\xampp\htdocs\smart-asset-management\frontend\node_modules\@csstools\postcss-ic-unit\dist","dist"
"C:\xampp\htdocs\smart-asset-management\frontend\node_modules\@csstools\postcss-is-pseudo-class","postcss-is-pseudo-class"
"C:\xampp\htdocs\smart-asset-management\frontend\node_modules\@csstools\postcss-is-pseudo-class\dist","dist"
"C:\xampp\htdocs\smart-asset-management\frontend\node_modules\@csstools\postcss-is-pseudo-class\dist\split-selectors","split-selectors"
"C:\xampp\htdocs\smart-asset-management\frontend\node_modules\@csstools\postcss-is-pseudo-class\dist\split-selectors\complex","complex"
"C:\xampp\htdocs\smart-asset-management\frontend\node_modules\@csstools\postcss-nested-calc","postcss-nested-calc"
"C:\xampp\htdocs\smart-asset-management\frontend\node_modules\@csstools\postcss-nested-calc\dist","dist"
"C:\xampp\htdocs\smart-asset-management\frontend\node_modules\@csstools\postcss-normalize-display-values","postcss-normalize-display-values"
"C:\xampp\htdocs\smart-asset-management\frontend\node_modules\@csstools\postcss-normalize-display-values\dist","dist"
"C:\xampp\htdocs\smart-asset-management\frontend\node_modules\@csstools\postcss-oklab-function","postcss-oklab-function"
"C:\xampp\htdocs\smart-asset-management\frontend\node_modules\@csstools\postcss-oklab-function\dist","dist"
"C:\xampp\htdocs\smart-asset-management\frontend\node_modules\@csstools\postcss-oklab-function\dist\css-color-4","css-color-4"
"C:\xampp\htdocs\smart-asset-management\frontend\node_modules\@csstools\postcss-progressive-custom-properties","postcss-progressive-custom-properties"
"C:\xampp\htdocs\smart-asset-management\frontend\node_modules\@csstools\postcss-progressive-custom-properties\dist","dist"
"C:\xampp\htdocs\smart-asset-management\frontend\node_modules\@csstools\postcss-progressive-custom-properties\dist\custom","custom"
"C:\xampp\htdocs\smart-asset-management\frontend\node_modules\@csstools\postcss-stepped-value-functions","postcss-stepped-value-functions"
"C:\xampp\htdocs\smart-asset-management\frontend\node_modules\@csstools\postcss-stepped-value-functions\dist","dist"
"C:\xampp\htdocs\smart-asset-management\frontend\node_modules\@csstools\postcss-text-decoration-shorthand","postcss-text-decoration-shorthand"
"C:\xampp\htdocs\smart-asset-management\frontend\node_modules\@csstools\postcss-text-decoration-shorthand\dist","dist"
"C:\xampp\htdocs\smart-asset-management\frontend\node_modules\@csstools\postcss-trigonometric-functions","postcss-trigonometric-functions"
"C:\xampp\htdocs\smart-asset-management\frontend\node_modules\@csstools\postcss-trigonometric-functions\dist","dist"
"C:\xampp\htdocs\smart-asset-management\frontend\node_modules\@csstools\postcss-unset-value","postcss-unset-value"
"C:\xampp\htdocs\smart-asset-management\frontend\node_modules\@csstools\postcss-unset-value\dist","dist"
"C:\xampp\htdocs\smart-asset-management\frontend\node_modules\@csstools\selector-specificity","selector-specificity"
"C:\xampp\htdocs\smart-asset-management\frontend\node_modules\@csstools\selector-specificity\dist","dist"
"C:\xampp\htdocs\smart-asset-management\frontend\node_modules\@emotion","@emotion"
"C:\xampp\htdocs\smart-asset-management\frontend\node_modules\@eslint","@eslint"
"C:\xampp\htdocs\smart-asset-management\frontend\node_modules\@eslint\eslintrc","eslintrc"
"C:\xampp\htdocs\smart-asset-management\frontend\node_modules\@eslint\eslintrc\conf","conf"
"C:\xampp\htdocs\smart-asset-management\frontend\node_modules\@eslint\eslintrc\dist","dist"
"C:\xampp\htdocs\smart-asset-management\frontend\node_modules\@eslint\eslintrc\lib","lib"
"C:\xampp\htdocs\smart-asset-management\frontend\node_modules\@eslint\eslintrc\lib\config-array","config-array"
"C:\xampp\htdocs\smart-asset-management\frontend\node_modules\@eslint\eslintrc\lib\shared","shared"
"C:\xampp\htdocs\smart-asset-management\frontend\node_modules\@eslint\eslintrc\node_modules","node_modules"
"C:\xampp\htdocs\smart-asset-management\frontend\node_modules\@eslint\eslintrc\node_modules\.bin",".bin"
"C:\xampp\htdocs\smart-asset-management\frontend\node_modules\@eslint\eslintrc\node_modules\argparse","argparse"
"C:\xampp\htdocs\smart-asset-management\frontend\node_modules\@eslint\eslintrc\node_modules\argparse\lib","lib"
"C:\xampp\htdocs\smart-asset-management\frontend\node_modules\@eslint\eslintrc\node_modules\js-yaml","js-yaml"
"C:\xampp\htdocs\smart-asset-management\frontend\node_modules\@eslint\eslintrc\node_modules\js-yaml\bin","bin"
"C:\xampp\htdocs\smart-asset-management\frontend\node_modules\@eslint\eslintrc\node_modules\js-yaml\dist","dist"
"C:\xampp\htdocs\smart-asset-management\frontend\node_modules\@eslint\eslintrc\node_modules\js-yaml\lib","lib"
"C:\xampp\htdocs\smart-asset-management\frontend\node_modules\@eslint\eslintrc\node_modules\js-yaml\lib\schema","schema"
"C:\xampp\htdocs\smart-asset-management\frontend\node_modules\@eslint\eslintrc\node_modules\js-yaml\lib\type","type"
"C:\xampp\htdocs\smart-asset-management\frontend\node_modules\@eslint\js","js"
"C:\xampp\htdocs\smart-asset-management\frontend\node_modules\@eslint\js\src","src"
"C:\xampp\htdocs\smart-asset-management\frontend\node_modules\@eslint\js\src\configs","configs"
"C:\xampp\htdocs\smart-asset-management\frontend\node_modules\@eslint-community","@eslint-community"
"C:\xampp\htdocs\smart-asset-management\frontend\node_modules\@eslint-community\eslint-utils","eslint-utils"
"C:\xampp\htdocs\smart-asset-management\frontend\node_modules\@eslint-community\regexpp","regexpp"
"C:\xampp\htdocs\smart-asset-management\frontend\node_modules\@humanwhocodes","@humanwhocodes"
"C:\xampp\htdocs\smart-asset-management\frontend\node_modules\@humanwhocodes\config-array","config-array"
"C:\xampp\htdocs\smart-asset-management\frontend\node_modules\@humanwhocodes\module-importer","module-importer"
"C:\xampp\htdocs\smart-asset-management\frontend\node_modules\@humanwhocodes\module-importer\dist","dist"
"C:\xampp\htdocs\smart-asset-management\frontend\node_modules\@humanwhocodes\module-importer\src","src"
"C:\xampp\htdocs\smart-asset-management\frontend\node_modules\@humanwhocodes\object-schema","object-schema"
"C:\xampp\htdocs\smart-asset-management\frontend\node_modules\@humanwhocodes\object-schema\src","src"
"C:\xampp\htdocs\smart-asset-management\frontend\node_modules\@istanbuljs","@istanbuljs"
"C:\xampp\htdocs\smart-asset-management\frontend\node_modules\@istanbuljs\load-nyc-config","load-nyc-config"
"C:\xampp\htdocs\smart-asset-management\frontend\node_modules\@istanbuljs\load-nyc-config\node_modules","node_modules"
"C:\xampp\htdocs\smart-asset-management\frontend\node_modules\@istanbuljs\load-nyc-config\node_modules\camelcase","camelcase"
"C:\xampp\htdocs\smart-asset-management\frontend\node_modules\@istanbuljs\load-nyc-config\node_modules\resolve-from","resolve-from"
"C:\xampp\htdocs\smart-asset-management\frontend\node_modules\@istanbuljs\schema","schema"
"C:\xampp\htdocs\smart-asset-management\frontend\node_modules\@jest","@jest"
"C:\xampp\htdocs\smart-asset-management\frontend\node_modules\@jest\console","console"
"C:\xampp\htdocs\smart-asset-management\frontend\node_modules\@jest\console\build","build"
"C:\xampp\htdocs\smart-asset-management\frontend\node_modules\@jest\core","core"
"C:\xampp\htdocs\smart-asset-management\frontend\node_modules\@jest\core\build","build"
"C:\xampp\htdocs\smart-asset-management\frontend\node_modules\@jest\core\build\assets","assets"
"C:\xampp\htdocs\smart-asset-management\frontend\node_modules\@jest\core\build\cli","cli"
"C:\xampp\htdocs\smart-asset-management\frontend\node_modules\@jest\core\build\lib","lib"
"C:\xampp\htdocs\smart-asset-management\frontend\node_modules\@jest\core\build\plugins","plugins"
"C:\xampp\htdocs\smart-asset-management\frontend\node_modules\@jest\environment","environment"
"C:\xampp\htdocs\smart-asset-management\frontend\node_modules\@jest\environment\build","build"
"C:\xampp\htdocs\smart-asset-management\frontend\node_modules\@jest\fake-timers","fake-timers"
"C:\xampp\htdocs\smart-asset-management\frontend\node_modules\@jest\fake-timers\build","build"
"C:\xampp\htdocs\smart-asset-management\frontend\node_modules\@jest\globals","globals"
"C:\xampp\htdocs\smart-asset-management\frontend\node_modules\@jest\globals\build","build"
"C:\xampp\htdocs\smart-asset-management\frontend\node_modules\@jest\reporters","reporters"
"C:\xampp\htdocs\smart-asset-management\frontend\node_modules\@jest\reporters\build","build"
"C:\xampp\htdocs\smart-asset-management\frontend\node_modules\@jest\reporters\node_modules","node_modules"
"C:\xampp\htdocs\smart-asset-management\frontend\node_modules\@jest\reporters\node_modules\source-map","source-map"
"C:\xampp\htdocs\smart-asset-management\frontend\node_modules\@jest\reporters\node_modules\source-map\dist","dist"
"C:\xampp\htdocs\smart-asset-management\frontend\node_modules\@jest\reporters\node_modules\source-map\lib","lib"
"C:\xampp\htdocs\smart-asset-management\frontend\node_modules\@jest\schemas","schemas"
"C:\xampp\htdocs\smart-asset-management\frontend\node_modules\@jest\schemas\build","build"
"C:\xampp\htdocs\smart-asset-management\frontend\node_modules\@jest\source-map","source-map"
"C:\xampp\htdocs\smart-asset-management\frontend\node_modules\@jest\source-map\build","build"
"C:\xampp\htdocs\smart-asset-management\frontend\node_modules\@jest\source-map\node_modules","node_modules"
"C:\xampp\htdocs\smart-asset-management\frontend\node_modules\@jest\source-map\node_modules\source-map","source-map"
"C:\xampp\htdocs\smart-asset-management\frontend\node_modules\@jest\source-map\node_modules\source-map\dist","dist"
"C:\xampp\htdocs\smart-asset-management\frontend\node_modules\@jest\source-map\node_modules\source-map\lib","lib"
"C:\xampp\htdocs\smart-asset-management\frontend\node_modules\@jest\test-result","test-result"
"C:\xampp\htdocs\smart-asset-management\frontend\node_modules\@jest\test-result\build","build"
"C:\xampp\htdocs\smart-asset-management\frontend\node_modules\@jest\test-sequencer","test-sequencer"
"C:\xampp\htdocs\smart-asset-management\frontend\node_modules\@jest\test-sequencer\build","build"
"C:\xampp\htdocs\smart-asset-management\frontend\node_modules\@jest\transform","transform"
"C:\xampp\htdocs\smart-asset-management\frontend\node_modules\@jest\transform\build","build"
"C:\xampp\htdocs\smart-asset-management\frontend\node_modules\@jest\transform\node_modules","node_modules"
"C:\xampp\htdocs\smart-asset-management\frontend\node_modules\@jest\transform\node_modules\source-map","source-map"
"C:\xampp\htdocs\smart-asset-management\frontend\node_modules\@jest\transform\node_modules\source-map\dist","dist"
"C:\xampp\htdocs\smart-asset-management\frontend\node_modules\@jest\transform\node_modules\source-map\lib","lib"
"C:\xampp\htdocs\smart-asset-management\frontend\node_modules\@jest\types","types"
"C:\xampp\htdocs\smart-asset-management\frontend\node_modules\@jest\types\build","build"
"C:\xampp\htdocs\smart-asset-management\frontend\node_modules\@jridgewell","@jridgewell"
"C:\xampp\htdocs\smart-asset-management\frontend\node_modules\@jridgewell\gen-mapping","gen-mapping"
"C:\xampp\htdocs\smart-asset-management\frontend\node_modules\@jridgewell\gen-mapping\dist","dist"
"C:\xampp\htdocs\smart-asset-management\frontend\node_modules\@jridgewell\gen-mapping\dist\types","types"
"C:\xampp\htdocs\smart-asset-management\frontend\node_modules\@jridgewell\gen-mapping\src","src"
"C:\xampp\htdocs\smart-asset-management\frontend\node_modules\@jridgewell\gen-mapping\types","types"
"C:\xampp\htdocs\smart-asset-management\frontend\node_modules\@jridgewell\remapping","remapping"
"C:\xampp\htdocs\smart-asset-management\frontend\node_modules\@jridgewell\remapping\dist","dist"
"C:\xampp\htdocs\smart-asset-management\frontend\node_modules\@jridgewell\remapping\src","src"
"C:\xampp\htdocs\smart-asset-management\frontend\node_modules\@jridgewell\remapping\types","types"
"C:\xampp\htdocs\smart-asset-management\frontend\node_modules\@jridgewell\resolve-uri","resolve-uri"
"C:\xampp\htdocs\smart-asset-management\frontend\node_modules\@jridgewell\resolve-uri\dist","dist"
"C:\xampp\htdocs\smart-asset-management\frontend\node_modules\@jridgewell\resolve-uri\dist\types","types"
"C:\xampp\htdocs\smart-asset-management\frontend\node_modules\@jridgewell\source-map","source-map"
"C:\xampp\htdocs\smart-asset-management\frontend\node_modules\@jridgewell\source-map\dist","dist"
"C:\xampp\htdocs\smart-asset-management\frontend\node_modules\@jridgewell\source-map\src","src"
"C:\xampp\htdocs\smart-asset-management\frontend\node_modules\@jridgewell\source-map\types","types"
"C:\xampp\htdocs\smart-asset-management\frontend\node_modules\@jridgewell\sourcemap-codec","sourcemap-codec"
"C:\xampp\htdocs\smart-asset-management\frontend\node_modules\@jridgewell\sourcemap-codec\dist","dist"
"C:\xampp\htdocs\smart-asset-management\frontend\node_modules\@jridgewell\sourcemap-codec\src","src"
"C:\xampp\htdocs\smart-asset-management\frontend\node_modules\@jridgewell\sourcemap-codec\types","types"
"C:\xampp\htdocs\smart-asset-management\frontend\node_modules\@jridgewell\trace-mapping","trace-mapping"
"C:\xampp\htdocs\smart-asset-management\frontend\node_modules\@jridgewell\trace-mapping\dist","dist"
"C:\xampp\htdocs\smart-asset-management\frontend\node_modules\@jridgewell\trace-mapping\src","src"
"C:\xampp\htdocs\smart-asset-management\frontend\node_modules\@jridgewell\trace-mapping\types","types"
"C:\xampp\htdocs\smart-asset-management\frontend\node_modules\@kurkle","@kurkle"
"C:\xampp\htdocs\smart-asset-management\frontend\node_modules\@kurkle\color","color"
"C:\xampp\htdocs\smart-asset-management\frontend\node_modules\@kurkle\color\dist","dist"
"C:\xampp\htdocs\smart-asset-management\frontend\node_modules\@leichtgewicht","@leichtgewicht"
"C:\xampp\htdocs\smart-asset-management\frontend\node_modules\@leichtgewicht\ip-codec","ip-codec"
"C:\xampp\htdocs\smart-asset-management\frontend\node_modules\@leichtgewicht\ip-codec\types","types"
"C:\xampp\htdocs\smart-asset-management\frontend\node_modules\@mui","@mui"
"C:\xampp\htdocs\smart-asset-management\frontend\node_modules\@nicolo-ribaudo","@nicolo-ribaudo"
"C:\xampp\htdocs\smart-asset-management\frontend\node_modules\@nicolo-ribaudo\eslint-scope-5-internals","eslint-scope-5-internals"
"C:\xampp\htdocs\smart-asset-management\frontend\node_modules\@nicolo-ribaudo\eslint-scope-5-internals\node_modules","node_modules"
"C:\xampp\htdocs\smart-asset-management\frontend\node_modules\@nicolo-ribaudo\eslint-scope-5-internals\node_modules\eslint-scope","eslint-scope"
"C:\xampp\htdocs\smart-asset-management\frontend\node_modules\@nicolo-ribaudo\eslint-scope-5-internals\node_modules\eslint-scope\lib","lib"
"C:\xampp\htdocs\smart-asset-management\frontend\node_modules\@nicolo-ribaudo\eslint-scope-5-internals\node_modules\estraverse","estraverse"
"C:\xampp\htdocs\smart-asset-management\frontend\node_modules\@nodelib","@nodelib"
"C:\xampp\htdocs\smart-asset-management\frontend\node_modules\@nodelib\fs.scandir","fs.scandir"
"C:\xampp\htdocs\smart-asset-management\frontend\node_modules\@nodelib\fs.scandir\out","out"
"C:\xampp\htdocs\smart-asset-management\frontend\node_modules\@nodelib\fs.scandir\out\adapters","adapters"
"C:\xampp\htdocs\smart-asset-management\frontend\node_modules\@nodelib\fs.scandir\out\providers","providers"
"C:\xampp\htdocs\smart-asset-management\frontend\node_modules\@nodelib\fs.scandir\out\types","types"
"C:\xampp\htdocs\smart-asset-management\frontend\node_modules\@nodelib\fs.scandir\out\utils","utils"
"C:\xampp\htdocs\smart-asset-management\frontend\node_modules\@nodelib\fs.stat","fs.stat"
"C:\xampp\htdocs\smart-asset-management\frontend\node_modules\@nodelib\fs.stat\out","out"
"C:\xampp\htdocs\smart-asset-management\frontend\node_modules\@nodelib\fs.stat\out\adapters","adapters"
"C:\xampp\htdocs\smart-asset-management\frontend\node_modules\@nodelib\fs.stat\out\providers","providers"
"C:\xampp\htdocs\smart-asset-management\frontend\node_modules\@nodelib\fs.stat\out\types","types"
"C:\xampp\htdocs\smart-asset-management\frontend\node_modules\@nodelib\fs.walk","fs.walk"
"C:\xampp\htdocs\smart-asset-management\frontend\node_modules\@nodelib\fs.walk\out","out"
"C:\xampp\htdocs\smart-asset-management\frontend\node_modules\@nodelib\fs.walk\out\providers","providers"
"C:\xampp\htdocs\smart-asset-management\frontend\node_modules\@nodelib\fs.walk\out\readers","readers"
"C:\xampp\htdocs\smart-asset-management\frontend\node_modules\@nodelib\fs.walk\out\types","types"
"C:\xampp\htdocs\smart-asset-management\frontend\node_modules\@pmmmwh","@pmmmwh"
"C:\xampp\htdocs\smart-asset-management\frontend\node_modules\@pmmmwh\react-refresh-webpack-plugin","react-refresh-webpack-plugin"
"C:\xampp\htdocs\smart-asset-management\frontend\node_modules\@pmmmwh\react-refresh-webpack-plugin\client","client"
"C:\xampp\htdocs\smart-asset-management\frontend\node_modules\@pmmmwh\react-refresh-webpack-plugin\client\utils","utils"
"C:\xampp\htdocs\smart-asset-management\frontend\node_modules\@pmmmwh\react-refresh-webpack-plugin\lib","lib"
"C:\xampp\htdocs\smart-asset-management\frontend\node_modules\@pmmmwh\react-refresh-webpack-plugin\lib\runtime","runtime"
"C:\xampp\htdocs\smart-asset-management\frontend\node_modules\@pmmmwh\react-refresh-webpack-plugin\lib\utils","utils"
"C:\xampp\htdocs\smart-asset-management\frontend\node_modules\@pmmmwh\react-refresh-webpack-plugin\loader","loader"
"C:\xampp\htdocs\smart-asset-management\frontend\node_modules\@pmmmwh\react-refresh-webpack-plugin\loader\utils","utils"
"C:\xampp\htdocs\smart-asset-management\frontend\node_modules\@pmmmwh\react-refresh-webpack-plugin\node_modules","node_modules"
"C:\xampp\htdocs\smart-asset-management\frontend\node_modules\@pmmmwh\react-refresh-webpack-plugin\node_modules\source-map","source-map"
"C:\xampp\htdocs\smart-asset-management\frontend\node_modules\@pmmmwh\react-refresh-webpack-plugin\node_modules\source-map\lib","lib"
"C:\xampp\htdocs\smart-asset-management\frontend\node_modules\@pmmmwh\react-refresh-webpack-plugin\options","options"
"C:\xampp\htdocs\smart-asset-management\frontend\node_modules\@pmmmwh\react-refresh-webpack-plugin\overlay","overlay"
"C:\xampp\htdocs\smart-asset-management\frontend\node_modules\@pmmmwh\react-refresh-webpack-plugin\overlay\components","components"
"C:\xampp\htdocs\smart-asset-management\frontend\node_modules\@pmmmwh\react-refresh-webpack-plugin\overlay\containers","containers"
"C:\xampp\htdocs\smart-asset-management\frontend\node_modules\@pmmmwh\react-refresh-webpack-plugin\sockets","sockets"
"C:\xampp\htdocs\smart-asset-management\frontend\node_modules\@pmmmwh\react-refresh-webpack-plugin\sockets\utils","utils"
"C:\xampp\htdocs\smart-asset-management\frontend\node_modules\@pmmmwh\react-refresh-webpack-plugin\types","types"
"C:\xampp\htdocs\smart-asset-management\frontend\node_modules\@pmmmwh\react-refresh-webpack-plugin\types\lib","lib"
"C:\xampp\htdocs\smart-asset-management\frontend\node_modules\@pmmmwh\react-refresh-webpack-plugin\types\loader","loader"
"C:\xampp\htdocs\smart-asset-management\frontend\node_modules\@pmmmwh\react-refresh-webpack-plugin\types\options","options"
"C:\xampp\htdocs\smart-asset-management\frontend\node_modules\@popperjs","@popperjs"
"C:\xampp\htdocs\smart-asset-management\frontend\node_modules\@reduxjs","@reduxjs"
"C:\xampp\htdocs\smart-asset-management\frontend\node_modules\@remix-run","@remix-run"
"C:\xampp\htdocs\smart-asset-management\frontend\node_modules\@remix-run\router","router"
"C:\xampp\htdocs\smart-asset-management\frontend\node_modules\@remix-run\router\dist","dist"
"C:\xampp\htdocs\smart-asset-management\frontend\node_modules\@rollup","@rollup"
"C:\xampp\htdocs\smart-asset-management\frontend\node_modules\@rollup\plugin-babel","plugin-babel"
"C:\xampp\htdocs\smart-asset-management\frontend\node_modules\@rollup\plugin-babel\dist","dist"
"C:\xampp\htdocs\smart-asset-management\frontend\node_modules\@rollup\plugin-babel\types","types"
"C:\xampp\htdocs\smart-asset-management\frontend\node_modules\@rollup\plugin-node-resolve","plugin-node-resolve"
"C:\xampp\htdocs\smart-asset-management\frontend\node_modules\@rollup\plugin-node-resolve\dist","dist"
"C:\xampp\htdocs\smart-asset-management\frontend\node_modules\@rollup\plugin-node-resolve\dist\cjs","cjs"
"C:\xampp\htdocs\smart-asset-management\frontend\node_modules\@rollup\plugin-node-resolve\dist\es","es"
"C:\xampp\htdocs\smart-asset-management\frontend\node_modules\@rollup\plugin-node-resolve\types","types"
"C:\xampp\htdocs\smart-asset-management\frontend\node_modules\@rollup\plugin-replace","plugin-replace"
"C:\xampp\htdocs\smart-asset-management\frontend\node_modules\@rollup\plugin-replace\dist","dist"
"C:\xampp\htdocs\smart-asset-management\frontend\node_modules\@rollup\plugin-replace\src","src"
"C:\xampp\htdocs\smart-asset-management\frontend\node_modules\@rollup\plugin-replace\types","types"
"C:\xampp\htdocs\smart-asset-management\frontend\node_modules\@rollup\pluginutils","pluginutils"
"C:\xampp\htdocs\smart-asset-management\frontend\node_modules\@rollup\pluginutils\dist","dist"
"C:\xampp\htdocs\smart-asset-management\frontend\node_modules\@rollup\pluginutils\dist\cjs","cjs"
"C:\xampp\htdocs\smart-asset-management\frontend\node_modules\@rollup\pluginutils\dist\es","es"
"C:\xampp\htdocs\smart-asset-management\frontend\node_modules\@rollup\pluginutils\node_modules","node_modules"
"C:\xampp\htdocs\smart-asset-management\frontend\node_modules\@rollup\pluginutils\node_modules\@types","@types"
"C:\xampp\htdocs\smart-asset-management\frontend\node_modules\@rollup\pluginutils\node_modules\@types\estree","estree"
"C:\xampp\htdocs\smart-asset-management\frontend\node_modules\@rollup\pluginutils\types","types"
"C:\xampp\htdocs\smart-asset-management\frontend\node_modules\@rtsao","@rtsao"
"C:\xampp\htdocs\smart-asset-management\frontend\node_modules\@rtsao\scc","scc"
"C:\xampp\htdocs\smart-asset-management\frontend\node_modules\@rushstack","@rushstack"
"C:\xampp\htdocs\smart-asset-management\frontend\node_modules\@rushstack\eslint-patch","eslint-patch"
"C:\xampp\htdocs\smart-asset-management\frontend\node_modules\@rushstack\eslint-patch\lib-commonjs","lib-commonjs"
"C:\xampp\htdocs\smart-asset-management\frontend\node_modules\@rushstack\eslint-patch\lib-commonjs\eslint-bulk-suppressions","eslint-bulk-suppressions"
"C:\xampp\htdocs\smart-asset-management\frontend\node_modules\@rushstack\eslint-patch\lib-commonjs\eslint-bulk-suppressions\cli","cli"
"C:\xampp\htdocs\smart-asset-management\frontend\node_modules\@rushstack\eslint-patch\lib-commonjs\eslint-bulk-suppressions\cli\utils","utils"
"C:\xampp\htdocs\smart-asset-management\frontend\node_modules\@rushstack\eslint-patch\lib-commonjs\exports","exports"
"C:\xampp\htdocs\smart-asset-management\frontend\node_modules\@rushstack\eslint-patch\lib-dts","lib-dts"
"C:\xampp\htdocs\smart-asset-management\frontend\node_modules\@rushstack\eslint-patch\lib-dts\eslint-bulk-suppressions","eslint-bulk-suppressions"
"C:\xampp\htdocs\smart-asset-management\frontend\node_modules\@rushstack\eslint-patch\lib-dts\eslint-bulk-suppressions\cli","cli"
"C:\xampp\htdocs\smart-asset-management\frontend\node_modules\@rushstack\eslint-patch\lib-dts\eslint-bulk-suppressions\cli\utils","utils"
"C:\xampp\htdocs\smart-asset-management\frontend\node_modules\@rushstack\eslint-patch\lib-dts\exports","exports"
"C:\xampp\htdocs\smart-asset-management\frontend\node_modules\@rushstack\eslint-patch\lib-esm","lib-esm"
"C:\xampp\htdocs\smart-asset-management\frontend\node_modules\@rushstack\eslint-patch\lib-esm\eslint-bulk-suppressions","eslint-bulk-suppressions"
"C:\xampp\htdocs\smart-asset-management\frontend\node_modules\@rushstack\eslint-patch\lib-esm\eslint-bulk-suppressions\cli","cli"
"C:\xampp\htdocs\smart-asset-management\frontend\node_modules\@rushstack\eslint-patch\lib-esm\eslint-bulk-suppressions\cli\utils","utils"
"C:\xampp\htdocs\smart-asset-management\frontend\node_modules\@rushstack\eslint-patch\lib-esm\exports","exports"
"C:\xampp\htdocs\smart-asset-management\frontend\node_modules\@sinclair","@sinclair"
"C:\xampp\htdocs\smart-asset-management\frontend\node_modules\@sinclair\typebox","typebox"
"C:\xampp\htdocs\smart-asset-management\frontend\node_modules\@sinclair\typebox\compiler","compiler"
"C:\xampp\htdocs\smart-asset-management\frontend\node_modules\@sinclair\typebox\conditional","conditional"
"C:\xampp\htdocs\smart-asset-management\frontend\node_modules\@sinclair\typebox\errors","errors"
"C:\xampp\htdocs\smart-asset-management\frontend\node_modules\@sinclair\typebox\format","format"
"C:\xampp\htdocs\smart-asset-management\frontend\node_modules\@sinclair\typebox\guard","guard"
"C:\xampp\htdocs\smart-asset-management\frontend\node_modules\@sinclair\typebox\value","value"
"C:\xampp\htdocs\smart-asset-management\frontend\node_modules\@sinonjs","@sinonjs"
"C:\xampp\htdocs\smart-asset-management\frontend\node_modules\@sinonjs\commons","commons"
"C:\xampp\htdocs\smart-asset-management\frontend\node_modules\@sinonjs\commons\lib","lib"
"C:\xampp\htdocs\smart-asset-management\frontend\node_modules\@sinonjs\commons\lib\prototypes","prototypes"
"C:\xampp\htdocs\smart-asset-management\frontend\node_modules\@sinonjs\commons\types","types"
"C:\xampp\htdocs\smart-asset-management\frontend\node_modules\@sinonjs\commons\types\prototypes","prototypes"
"C:\xampp\htdocs\smart-asset-management\frontend\node_modules\@sinonjs\fake-timers","fake-timers"
"C:\xampp\htdocs\smart-asset-management\frontend\node_modules\@sinonjs\fake-timers\src","src"
"C:\xampp\htdocs\smart-asset-management\frontend\node_modules\@socket.io","@socket.io"
"C:\xampp\htdocs\smart-asset-management\frontend\node_modules\@standard-schema","@standard-schema"
"C:\xampp\htdocs\smart-asset-management\frontend\node_modules\@surma","@surma"
"C:\xampp\htdocs\smart-asset-management\frontend\node_modules\@surma\rollup-plugin-off-main-thread","rollup-plugin-off-main-thread"
"C:\xampp\htdocs\smart-asset-management\frontend\node_modules\@surma\rollup-plugin-off-main-thread\tests","tests"
"C:\xampp\htdocs\smart-asset-management\frontend\node_modules\@surma\rollup-plugin-off-main-thread\tests\fixtures","fixtures"
"C:\xampp\htdocs\smart-asset-management\frontend\node_modules\@surma\rollup-plugin-off-main-thread\tests\fixtures\amd-function-name","amd-function-name"
"C:\xampp\htdocs\smart-asset-management\frontend\node_modules\@surma\rollup-plugin-off-main-thread\tests\fixtures\amd-function-name\build","build"
"C:\xampp\htdocs\smart-asset-management\frontend\node_modules\@surma\rollup-plugin-off-main-thread\tests\fixtures\assets-in-worker","assets-in-worker"
"C:\xampp\htdocs\smart-asset-management\frontend\node_modules\@surma\rollup-plugin-off-main-thread\tests\fixtures\assets-in-worker\build","build"
"C:\xampp\htdocs\smart-asset-management\frontend\node_modules\@surma\rollup-plugin-off-main-thread\tests\fixtures\assets-in-worker\build\assets","assets"
"C:\xampp\htdocs\smart-asset-management\frontend\node_modules\@surma\rollup-plugin-off-main-thread\tests\fixtures\dynamic-import","dynamic-import"
"C:\xampp\htdocs\smart-asset-management\frontend\node_modules\@surma\rollup-plugin-off-main-thread\tests\fixtures\dynamic-import\build","build"
"C:\xampp\htdocs\smart-asset-management\frontend\node_modules\@surma\rollup-plugin-off-main-thread\tests\fixtures\import-meta","import-meta"
"C:\xampp\htdocs\smart-asset-management\frontend\node_modules\@surma\rollup-plugin-off-main-thread\tests\fixtures\import-meta\build","build"
"C:\xampp\htdocs\smart-asset-management\frontend\node_modules\@surma\rollup-plugin-off-main-thread\tests\fixtures\import-meta-worker","import-meta-worker"
"C:\xampp\htdocs\smart-asset-management\frontend\node_modules\@surma\rollup-plugin-off-main-thread\tests\fixtures\import-meta-worker\build","build"
"C:\xampp\htdocs\smart-asset-management\frontend\node_modules\@surma\rollup-plugin-off-main-thread\tests\fixtures\import-worker-url","import-worker-url"
"C:\xampp\htdocs\smart-asset-management\frontend\node_modules\@surma\rollup-plugin-off-main-thread\tests\fixtures\import-worker-url\build","build"
"C:\xampp\htdocs\smart-asset-management\frontend\node_modules\@surma\rollup-plugin-off-main-thread\tests\fixtures\import-worker-url-custom-scheme","import-worker-url-custom-scheme"
"C:\xampp\htdocs\smart-asset-management\frontend\node_modules\@surma\rollup-plugin-off-main-thread\tests\fixtures\import-worker-url-custom-scheme\build","build"
"C:\xampp\htdocs\smart-asset-management\frontend\node_modules\@surma\rollup-plugin-off-main-thread\tests\fixtures\module-worker","module-worker"
"C:\xampp\htdocs\smart-asset-management\frontend\node_modules\@surma\rollup-plugin-off-main-thread\tests\fixtures\module-worker\build","build"
"C:\xampp\htdocs\smart-asset-management\frontend\node_modules\@surma\rollup-plugin-off-main-thread\tests\fixtures\more-workers","more-workers"
"C:\xampp\htdocs\smart-asset-management\frontend\node_modules\@surma\rollup-plugin-off-main-thread\tests\fixtures\more-workers\build","build"
"C:\xampp\htdocs\smart-asset-management\frontend\node_modules\@surma\rollup-plugin-off-main-thread\tests\fixtures\public-path","public-path"
"C:\xampp\htdocs\smart-asset-management\frontend\node_modules\@surma\rollup-plugin-off-main-thread\tests\fixtures\public-path\build","build"
"C:\xampp\htdocs\smart-asset-management\frontend\node_modules\@surma\rollup-plugin-off-main-thread\tests\fixtures\simple-bundle","simple-bundle"
"C:\xampp\htdocs\smart-asset-management\frontend\node_modules\@surma\rollup-plugin-off-main-thread\tests\fixtures\simple-bundle\build","build"
"C:\xampp\htdocs\smart-asset-management\frontend\node_modules\@surma\rollup-plugin-off-main-thread\tests\fixtures\single-default","single-default"
"C:\xampp\htdocs\smart-asset-management\frontend\node_modules\@surma\rollup-plugin-off-main-thread\tests\fixtures\single-default\build","build"
"C:\xampp\htdocs\smart-asset-management\frontend\node_modules\@surma\rollup-plugin-off-main-thread\tests\fixtures\url-import-meta-worker","url-import-meta-worker"
"C:\xampp\htdocs\smart-asset-management\frontend\node_modules\@surma\rollup-plugin-off-main-thread\tests\fixtures\url-import-meta-worker\build","build"
"C:\xampp\htdocs\smart-asset-management\frontend\node_modules\@surma\rollup-plugin-off-main-thread\tests\fixtures\worker","worker"
"C:\xampp\htdocs\smart-asset-management\frontend\node_modules\@surma\rollup-plugin-off-main-thread\tests\fixtures\worker\build","build"
"C:\xampp\htdocs\smart-asset-management\frontend\node_modules\@svgr","@svgr"
"C:\xampp\htdocs\smart-asset-management\frontend\node_modules\@svgr\babel-plugin-add-jsx-attribute","babel-plugin-add-jsx-attribute"
"C:\xampp\htdocs\smart-asset-management\frontend\node_modules\@svgr\babel-plugin-add-jsx-attribute\lib","lib"
"C:\xampp\htdocs\smart-asset-management\frontend\node_modules\@svgr\babel-plugin-remove-jsx-attribute","babel-plugin-remove-jsx-attribute"
"C:\xampp\htdocs\smart-asset-management\frontend\node_modules\@svgr\babel-plugin-remove-jsx-attribute\lib","lib"
"C:\xampp\htdocs\smart-asset-management\frontend\node_modules\@svgr\babel-plugin-remove-jsx-empty-expression","babel-plugin-remove-jsx-empty-expression"
"C:\xampp\htdocs\smart-asset-management\frontend\node_modules\@svgr\babel-plugin-remove-jsx-empty-expression\lib","lib"
"C:\xampp\htdocs\smart-asset-management\frontend\node_modules\@svgr\babel-plugin-replace-jsx-attribute-value","babel-plugin-replace-jsx-attribute-value"
"C:\xampp\htdocs\smart-asset-management\frontend\node_modules\@svgr\babel-plugin-replace-jsx-attribute-value\lib","lib"
"C:\xampp\htdocs\smart-asset-management\frontend\node_modules\@svgr\babel-plugin-svg-dynamic-title","babel-plugin-svg-dynamic-title"
"C:\xampp\htdocs\smart-asset-management\frontend\node_modules\@svgr\babel-plugin-svg-dynamic-title\lib","lib"
"C:\xampp\htdocs\smart-asset-management\frontend\node_modules\@svgr\babel-plugin-svg-em-dimensions","babel-plugin-svg-em-dimensions"
"C:\xampp\htdocs\smart-asset-management\frontend\node_modules\@svgr\babel-plugin-svg-em-dimensions\lib","lib"
"C:\xampp\htdocs\smart-asset-management\frontend\node_modules\@svgr\babel-plugin-transform-react-native-svg","babel-plugin-transform-react-native-svg"
"C:\xampp\htdocs\smart-asset-management\frontend\node_modules\@svgr\babel-plugin-transform-react-native-svg\lib","lib"
"C:\xampp\htdocs\smart-asset-management\frontend\node_modules\@svgr\babel-plugin-transform-svg-component","babel-plugin-transform-svg-component"
"C:\xampp\htdocs\smart-asset-management\frontend\node_modules\@svgr\babel-plugin-transform-svg-component\lib","lib"
"C:\xampp\htdocs\smart-asset-management\frontend\node_modules\@svgr\babel-preset","babel-preset"
"C:\xampp\htdocs\smart-asset-management\frontend\node_modules\@svgr\babel-preset\lib","lib"
"C:\xampp\htdocs\smart-asset-management\frontend\node_modules\@svgr\core","core"
"C:\xampp\htdocs\smart-asset-management\frontend\node_modules\@svgr\core\lib","lib"
"C:\xampp\htdocs\smart-asset-management\frontend\node_modules\@svgr\hast-util-to-babel-ast","hast-util-to-babel-ast"
"C:\xampp\htdocs\smart-asset-management\frontend\node_modules\@svgr\hast-util-to-babel-ast\lib","lib"
"C:\xampp\htdocs\smart-asset-management\frontend\node_modules\@svgr\plugin-jsx","plugin-jsx"
"C:\xampp\htdocs\smart-asset-management\frontend\node_modules\@svgr\plugin-jsx\lib","lib"
"C:\xampp\htdocs\smart-asset-management\frontend\node_modules\@svgr\plugin-svgo","plugin-svgo"
"C:\xampp\htdocs\smart-asset-management\frontend\node_modules\@svgr\plugin-svgo\lib","lib"
"C:\xampp\htdocs\smart-asset-management\frontend\node_modules\@svgr\webpack","webpack"
"C:\xampp\htdocs\smart-asset-management\frontend\node_modules\@svgr\webpack\lib","lib"
"C:\xampp\htdocs\smart-asset-management\frontend\node_modules\@testing-library","@testing-library"
"C:\xampp\htdocs\smart-asset-management\frontend\node_modules\@testing-library\dom","dom"
"C:\xampp\htdocs\smart-asset-management\frontend\node_modules\@testing-library\dom\dist","dist"
"C:\xampp\htdocs\smart-asset-management\frontend\node_modules\@testing-library\dom\dist\@testing-library","@testing-library"
"C:\xampp\htdocs\smart-asset-management\frontend\node_modules\@testing-library\dom\dist\queries","queries"
"C:\xampp\htdocs\smart-asset-management\frontend\node_modules\@testing-library\dom\types","types"
"C:\xampp\htdocs\smart-asset-management\frontend\node_modules\@testing-library\jest-dom","jest-dom"
"C:\xampp\htdocs\smart-asset-management\frontend\node_modules\@testing-library\jest-dom\dist","dist"
"C:\xampp\htdocs\smart-asset-management\frontend\node_modules\@testing-library\jest-dom\node_modules","node_modules"
"C:\xampp\htdocs\smart-asset-management\frontend\node_modules\@testing-library\jest-dom\node_modules\dom-accessibility-api","dom-accessibility-api"
"C:\xampp\htdocs\smart-asset-management\frontend\node_modules\@testing-library\jest-dom\node_modules\dom-accessibility-api\dist","dist"
"C:\xampp\htdocs\smart-asset-management\frontend\node_modules\@testing-library\jest-dom\node_modules\dom-accessibility-api\dist\polyfills","polyfills"
"C:\xampp\htdocs\smart-asset-management\frontend\node_modules\@testing-library\jest-dom\types","types"
"C:\xampp\htdocs\smart-asset-management\frontend\node_modules\@testing-library\jest-dom\types\__tests__","__tests__"
"C:\xampp\htdocs\smart-asset-management\frontend\node_modules\@testing-library\jest-dom\types\__tests__\bun","bun"
"C:\xampp\htdocs\smart-asset-management\frontend\node_modules\@testing-library\jest-dom\types\__tests__\jest","jest"
"C:\xampp\htdocs\smart-asset-management\frontend\node_modules\@testing-library\jest-dom\types\__tests__\jest-globals","jest-globals"
"C:\xampp\htdocs\smart-asset-management\frontend\node_modules\@testing-library\jest-dom\types\__tests__\vitest","vitest"
"C:\xampp\htdocs\smart-asset-management\frontend\node_modules\@tootallnate","@tootallnate"
"C:\xampp\htdocs\smart-asset-management\frontend\node_modules\@tootallnate\once","once"
"C:\xampp\htdocs\smart-asset-management\frontend\node_modules\@tootallnate\once\dist","dist"
"C:\xampp\htdocs\smart-asset-management\frontend\node_modules\@types","@types"
"C:\xampp\htdocs\smart-asset-management\frontend\node_modules\@types\aria-query","aria-query"
"C:\xampp\htdocs\smart-asset-management\frontend\node_modules\@types\babel__core","babel__core"
"C:\xampp\htdocs\smart-asset-management\frontend\node_modules\@types\babel__generator","babel__generator"
"C:\xampp\htdocs\smart-asset-management\frontend\node_modules\@types\babel__template","babel__template"
"C:\xampp\htdocs\smart-asset-management\frontend\node_modules\@types\babel__traverse","babel__traverse"
"C:\xampp\htdocs\smart-asset-management\frontend\node_modules\@types\body-parser","body-parser"
"C:\xampp\htdocs\smart-asset-management\frontend\node_modules\@types\bonjour","bonjour"
"C:\xampp\htdocs\smart-asset-management\frontend\node_modules\@types\connect","connect"
"C:\xampp\htdocs\smart-asset-management\frontend\node_modules\@types\connect-history-api-fallback","connect-history-api-fallback"
"C:\xampp\htdocs\smart-asset-management\frontend\node_modules\@types\eslint","eslint"
"C:\xampp\htdocs\smart-asset-management\frontend\node_modules\@types\eslint\rules","rules"
"C:\xampp\htdocs\smart-asset-management\frontend\node_modules\@types\estree","estree"
"C:\xampp\htdocs\smart-asset-management\frontend\node_modules\@types\express","express"
"C:\xampp\htdocs\smart-asset-management\frontend\node_modules\@types\express\node_modules","node_modules"
"C:\xampp\htdocs\smart-asset-management\frontend\node_modules\@types\express\node_modules\@types","@types"
"C:\xampp\htdocs\smart-asset-management\frontend\node_modules\@types\express\node_modules\@types\express-serve-static-core","express-serve-static-core"
"C:\xampp\htdocs\smart-asset-management\frontend\node_modules\@types\express-serve-static-core","express-serve-static-core"
"C:\xampp\htdocs\smart-asset-management\frontend\node_modules\@types\graceful-fs","graceful-fs"
"C:\xampp\htdocs\smart-asset-management\frontend\node_modules\@types\html-minifier-terser","html-minifier-terser"
"C:\xampp\htdocs\smart-asset-management\frontend\node_modules\@types\http-errors","http-errors"
"C:\xampp\htdocs\smart-asset-management\frontend\node_modules\@types\http-proxy","http-proxy"
"C:\xampp\htdocs\smart-asset-management\frontend\node_modules\@types\istanbul-lib-coverage","istanbul-lib-coverage"
"C:\xampp\htdocs\smart-asset-management\frontend\node_modules\@types\istanbul-lib-report","istanbul-lib-report"
"C:\xampp\htdocs\smart-asset-management\frontend\node_modules\@types\istanbul-reports","istanbul-reports"
"C:\xampp\htdocs\smart-asset-management\frontend\node_modules\@types\json5","json5"
"C:\xampp\htdocs\smart-asset-management\frontend\node_modules\@types\json-schema","json-schema"
"C:\xampp\htdocs\smart-asset-management\frontend\node_modules\@types\mime","mime"
"C:\xampp\htdocs\smart-asset-management\frontend\node_modules\@types\node","node"
"C:\xampp\htdocs\smart-asset-management\frontend\node_modules\@types\node\assert","assert"
"C:\xampp\htdocs\smart-asset-management\frontend\node_modules\@types\node\dns","dns"
"C:\xampp\htdocs\smart-asset-management\frontend\node_modules\@types\node\fs","fs"
"C:\xampp\htdocs\smart-asset-management\frontend\node_modules\@types\node\inspector","inspector"
"C:\xampp\htdocs\smart-asset-management\frontend\node_modules\@types\node\path","path"
"C:\xampp\htdocs\smart-asset-management\frontend\node_modules\@types\node\readline","readline"
"C:\xampp\htdocs\smart-asset-management\frontend\node_modules\@types\node\stream","stream"
"C:\xampp\htdocs\smart-asset-management\frontend\node_modules\@types\node\test","test"
"C:\xampp\htdocs\smart-asset-management\frontend\node_modules\@types\node\timers","timers"
"C:\xampp\htdocs\smart-asset-management\frontend\node_modules\@types\node\ts5.6","ts5.6"
"C:\xampp\htdocs\smart-asset-management\frontend\node_modules\@types\node\ts5.6\compatibility","compatibility"
"C:\xampp\htdocs\smart-asset-management\frontend\node_modules\@types\node\ts5.7","ts5.7"
"C:\xampp\htdocs\smart-asset-management\frontend\node_modules\@types\node\ts5.7\compatibility","compatibility"
"C:\xampp\htdocs\smart-asset-management\frontend\node_modules\@types\node\util","util"
"C:\xampp\htdocs\smart-asset-management\frontend\node_modules\@types\node\web-globals","web-globals"
"C:\xampp\htdocs\smart-asset-management\frontend\node_modules\@types\node\zlib","zlib"
"C:\xampp\htdocs\smart-asset-management\frontend\node_modules\@types\node-forge","node-forge"
"C:\xampp\htdocs\smart-asset-management\frontend\node_modules\@types\pako","pako"
"C:\xampp\htdocs\smart-asset-management\frontend\node_modules\@types\parse-json","parse-json"
"C:\xampp\htdocs\smart-asset-management\frontend\node_modules\@types\prettier","prettier"
"C:\xampp\htdocs\smart-asset-management\frontend\node_modules\@types\q","q"
"C:\xampp\htdocs\smart-asset-management\frontend\node_modules\@types\qs","qs"
"C:\xampp\htdocs\smart-asset-management\frontend\node_modules\@types\raf","raf"
"C:\xampp\htdocs\smart-asset-management\frontend\node_modules\@types\range-parser","range-parser"
"C:\xampp\htdocs\smart-asset-management\frontend\node_modules\@types\resolve","resolve"
"C:\xampp\htdocs\smart-asset-management\frontend\node_modules\@types\retry","retry"
"C:\xampp\htdocs\smart-asset-management\frontend\node_modules\@types\semver","semver"
"C:\xampp\htdocs\smart-asset-management\frontend\node_modules\@types\semver\classes","classes"
"C:\xampp\htdocs\smart-asset-management\frontend\node_modules\@types\semver\functions","functions"
"C:\xampp\htdocs\smart-asset-management\frontend\node_modules\@types\semver\internals","internals"
"C:\xampp\htdocs\smart-asset-management\frontend\node_modules\@types\semver\ranges","ranges"
"C:\xampp\htdocs\smart-asset-management\frontend\node_modules\@types\send","send"
"C:\xampp\htdocs\smart-asset-management\frontend\node_modules\@types\serve-index","serve-index"
"C:\xampp\htdocs\smart-asset-management\frontend\node_modules\@types\serve-static","serve-static"
"C:\xampp\htdocs\smart-asset-management\frontend\node_modules\@types\serve-static\node_modules","node_modules"
"C:\xampp\htdocs\smart-asset-management\frontend\node_modules\@types\serve-static\node_modules\@types","@types"
"C:\xampp\htdocs\smart-asset-management\frontend\node_modules\@types\serve-static\node_modules\@types\send","send"
"C:\xampp\htdocs\smart-asset-management\frontend\node_modules\@types\sockjs","sockjs"
"C:\xampp\htdocs\smart-asset-management\frontend\node_modules\@types\stack-utils","stack-utils"
"C:\xampp\htdocs\smart-asset-management\frontend\node_modules\@types\trusted-types","trusted-types"
"C:\xampp\htdocs\smart-asset-management\frontend\node_modules\@types\trusted-types\lib","lib"
"C:\xampp\htdocs\smart-asset-management\frontend\node_modules\@types\ws","ws"
"C:\xampp\htdocs\smart-asset-management\frontend\node_modules\@types\yargs","yargs"
"C:\xampp\htdocs\smart-asset-management\frontend\node_modules\@types\yargs-parser","yargs-parser"
"C:\xampp\htdocs\smart-asset-management\frontend\node_modules\@typescript-eslint","@typescript-eslint"
"C:\xampp\htdocs\smart-asset-management\frontend\node_modules\@typescript-eslint\eslint-plugin","eslint-plugin"
"C:\xampp\htdocs\smart-asset-management\frontend\node_modules\@typescript-eslint\eslint-plugin\dist","dist"
"C:\xampp\htdocs\smart-asset-management\frontend\node_modules\@typescript-eslint\eslint-plugin\dist\configs","configs"
"C:\xampp\htdocs\smart-asset-management\frontend\node_modules\@typescript-eslint\eslint-plugin\dist\rules","rules"
"C:\xampp\htdocs\smart-asset-management\frontend\node_modules\@typescript-eslint\eslint-plugin\dist\rules\enum-utils","enum-utils"
"C:\xampp\htdocs\smart-asset-management\frontend\node_modules\@typescript-eslint\eslint-plugin\dist\rules\naming-convention-utils","naming-convention-utils"
"C:\xampp\htdocs\smart-asset-management\frontend\node_modules\@typescript-eslint\eslint-plugin\dist\util","util"
"C:\xampp\htdocs\smart-asset-management\frontend\node_modules\@typescript-eslint\eslint-plugin\docs","docs"
"C:\xampp\htdocs\smart-asset-management\frontend\node_modules\@typescript-eslint\eslint-plugin\docs\rules","rules"
"C:\xampp\htdocs\smart-asset-management\frontend\node_modules\@typescript-eslint\experimental-utils","experimental-utils"
"C:\xampp\htdocs\smart-asset-management\frontend\node_modules\@typescript-eslint\experimental-utils\_ts3.4","_ts3.4"
"C:\xampp\htdocs\smart-asset-management\frontend\node_modules\@typescript-eslint\experimental-utils\_ts3.4\dist","dist"
"C:\xampp\htdocs\smart-asset-management\frontend\node_modules\@typescript-eslint\experimental-utils\dist","dist"
"C:\xampp\htdocs\smart-asset-management\frontend\node_modules\@typescript-eslint\parser","parser"
"C:\xampp\htdocs\smart-asset-management\frontend\node_modules\@typescript-eslint\parser\_ts3.4","_ts3.4"
"C:\xampp\htdocs\smart-asset-management\frontend\node_modules\@typescript-eslint\parser\_ts3.4\dist","dist"
"C:\xampp\htdocs\smart-asset-management\frontend\node_modules\@typescript-eslint\parser\dist","dist"
"C:\xampp\htdocs\smart-asset-management\frontend\node_modules\@typescript-eslint\scope-manager","scope-manager"
"C:\xampp\htdocs\smart-asset-management\frontend\node_modules\@typescript-eslint\scope-manager\dist","dist"
"C:\xampp\htdocs\smart-asset-management\frontend\node_modules\@typescript-eslint\scope-manager\dist\definition","definition"
"C:\xampp\htdocs\smart-asset-management\frontend\node_modules\@typescript-eslint\scope-manager\dist\lib","lib"
"C:\xampp\htdocs\smart-asset-management\frontend\node_modules\@typescript-eslint\scope-manager\dist\referencer","referencer"
"C:\xampp\htdocs\smart-asset-management\frontend\node_modules\@typescript-eslint\scope-manager\dist\scope","scope"
"C:\xampp\htdocs\smart-asset-management\frontend\node_modules\@typescript-eslint\scope-manager\dist\variable","variable"
"C:\xampp\htdocs\smart-asset-management\frontend\node_modules\@typescript-eslint\types","types"
"C:\xampp\htdocs\smart-asset-management\frontend\node_modules\@typescript-eslint\types\_ts3.4","_ts3.4"
"C:\xampp\htdocs\smart-asset-management\frontend\node_modules\@typescript-eslint\types\_ts3.4\dist","dist"
"C:\xampp\htdocs\smart-asset-management\frontend\node_modules\@typescript-eslint\types\_ts3.4\dist\generated","generated"
"C:\xampp\htdocs\smart-asset-management\frontend\node_modules\@typescript-eslint\types\dist","dist"
"C:\xampp\htdocs\smart-asset-management\frontend\node_modules\@typescript-eslint\types\dist\generated","generated"
"C:\xampp\htdocs\smart-asset-management\frontend\node_modules\@typescript-eslint\typescript-estree","typescript-estree"
"C:\xampp\htdocs\smart-asset-management\frontend\node_modules\@typescript-eslint\typescript-estree\_ts3.4","_ts3.4"
"C:\xampp\htdocs\smart-asset-management\frontend\node_modules\@typescript-eslint\typescript-estree\_ts3.4\dist","dist"
"C:\xampp\htdocs\smart-asset-management\frontend\node_modules\@typescript-eslint\typescript-estree\_ts3.4\dist\create-program","create-program"
"C:\xampp\htdocs\smart-asset-management\frontend\node_modules\@typescript-eslint\typescript-estree\_ts3.4\dist\jsx","jsx"
"C:\xampp\htdocs\smart-asset-management\frontend\node_modules\@typescript-eslint\typescript-estree\_ts3.4\dist\parseSettings","parseSettings"
"C:\xampp\htdocs\smart-asset-management\frontend\node_modules\@typescript-eslint\typescript-estree\_ts3.4\dist\ts-estree","ts-estree"
"C:\xampp\htdocs\smart-asset-management\frontend\node_modules\@typescript-eslint\typescript-estree\dist","dist"
"C:\xampp\htdocs\smart-asset-management\frontend\node_modules\@typescript-eslint\typescript-estree\dist\create-program","create-program"
"C:\xampp\htdocs\smart-asset-management\frontend\node_modules\@typescript-eslint\typescript-estree\dist\jsx","jsx"
"C:\xampp\htdocs\smart-asset-management\frontend\node_modules\@typescript-eslint\typescript-estree\dist\parseSettings","parseSettings"
"C:\xampp\htdocs\smart-asset-management\frontend\node_modules\@typescript-eslint\typescript-estree\dist\ts-estree","ts-estree"
"C:\xampp\htdocs\smart-asset-management\frontend\node_modules\@typescript-eslint\type-utils","type-utils"
"C:\xampp\htdocs\smart-asset-management\frontend\node_modules\@typescript-eslint\type-utils\_ts3.4","_ts3.4"
"C:\xampp\htdocs\smart-asset-management\frontend\node_modules\@typescript-eslint\type-utils\_ts3.4\dist","dist"
"C:\xampp\htdocs\smart-asset-management\frontend\node_modules\@typescript-eslint\type-utils\dist","dist"
"C:\xampp\htdocs\smart-asset-management\frontend\node_modules\@typescript-eslint\utils","utils"
"C:\xampp\htdocs\smart-asset-management\frontend\node_modules\@typescript-eslint\utils\_ts3.4","_ts3.4"
"C:\xampp\htdocs\smart-asset-management\frontend\node_modules\@typescript-eslint\utils\_ts3.4\dist","dist"
"C:\xampp\htdocs\smart-asset-management\frontend\node_modules\@typescript-eslint\utils\_ts3.4\dist\ast-utils","ast-utils"
"C:\xampp\htdocs\smart-asset-management\frontend\node_modules\@typescript-eslint\utils\_ts3.4\dist\ast-utils\eslint-utils","eslint-utils"
"C:\xampp\htdocs\smart-asset-management\frontend\node_modules\@typescript-eslint\utils\_ts3.4\dist\eslint-utils","eslint-utils"
"C:\xampp\htdocs\smart-asset-management\frontend\node_modules\@typescript-eslint\utils\_ts3.4\dist\eslint-utils\rule-tester","rule-tester"
"C:\xampp\htdocs\smart-asset-management\frontend\node_modules\@typescript-eslint\utils\_ts3.4\dist\ts-eslint","ts-eslint"
"C:\xampp\htdocs\smart-asset-management\frontend\node_modules\@typescript-eslint\utils\_ts3.4\dist\ts-eslint-scope","ts-eslint-scope"
"C:\xampp\htdocs\smart-asset-management\frontend\node_modules\@typescript-eslint\utils\dist","dist"
"C:\xampp\htdocs\smart-asset-management\frontend\node_modules\@typescript-eslint\utils\dist\ast-utils","ast-utils"
"C:\xampp\htdocs\smart-asset-management\frontend\node_modules\@typescript-eslint\utils\dist\ast-utils\eslint-utils","eslint-utils"
"C:\xampp\htdocs\smart-asset-management\frontend\node_modules\@typescript-eslint\utils\dist\eslint-utils","eslint-utils"
"C:\xampp\htdocs\smart-asset-management\frontend\node_modules\@typescript-eslint\utils\dist\eslint-utils\rule-tester","rule-tester"
"C:\xampp\htdocs\smart-asset-management\frontend\node_modules\@typescript-eslint\utils\dist\ts-eslint","ts-eslint"
"C:\xampp\htdocs\smart-asset-management\frontend\node_modules\@typescript-eslint\utils\dist\ts-eslint-scope","ts-eslint-scope"
"C:\xampp\htdocs\smart-asset-management\frontend\node_modules\@typescript-eslint\utils\node_modules","node_modules"
"C:\xampp\htdocs\smart-asset-management\frontend\node_modules\@typescript-eslint\utils\node_modules\eslint-scope","eslint-scope"
"C:\xampp\htdocs\smart-asset-management\frontend\node_modules\@typescript-eslint\utils\node_modules\eslint-scope\lib","lib"
"C:\xampp\htdocs\smart-asset-management\frontend\node_modules\@typescript-eslint\utils\node_modules\estraverse","estraverse"
"C:\xampp\htdocs\smart-asset-management\frontend\node_modules\@typescript-eslint\visitor-keys","visitor-keys"
"C:\xampp\htdocs\smart-asset-management\frontend\node_modules\@typescript-eslint\visitor-keys\_ts3.4","_ts3.4"
"C:\xampp\htdocs\smart-asset-management\frontend\node_modules\@typescript-eslint\visitor-keys\_ts3.4\dist","dist"
"C:\xampp\htdocs\smart-asset-management\frontend\node_modules\@typescript-eslint\visitor-keys\dist","dist"
"C:\xampp\htdocs\smart-asset-management\frontend\node_modules\@ungap","@ungap"
"C:\xampp\htdocs\smart-asset-management\frontend\node_modules\@ungap\structured-clone","structured-clone"
"C:\xampp\htdocs\smart-asset-management\frontend\node_modules\@ungap\structured-clone\.github",".github"
"C:\xampp\htdocs\smart-asset-management\frontend\node_modules\@ungap\structured-clone\.github\workflows","workflows"
"C:\xampp\htdocs\smart-asset-management\frontend\node_modules\@ungap\structured-clone\cjs","cjs"
"C:\xampp\htdocs\smart-asset-management\frontend\node_modules\@ungap\structured-clone\esm","esm"
"C:\xampp\htdocs\smart-asset-management\frontend\node_modules\@webassemblyjs","@webassemblyjs"
"C:\xampp\htdocs\smart-asset-management\frontend\node_modules\@webassemblyjs\ast","ast"
"C:\xampp\htdocs\smart-asset-management\frontend\node_modules\@webassemblyjs\ast\esm","esm"
"C:\xampp\htdocs\smart-asset-management\frontend\node_modules\@webassemblyjs\ast\esm\transform","transform"
"C:\xampp\htdocs\smart-asset-management\frontend\node_modules\@webassemblyjs\ast\esm\transform\ast-module-to-module-context","ast-module-to-module-context"
"C:\xampp\htdocs\smart-asset-management\frontend\node_modules\@webassemblyjs\ast\esm\transform\denormalize-type-references","denormalize-type-references"
"C:\xampp\htdocs\smart-asset-management\frontend\node_modules\@webassemblyjs\ast\esm\transform\wast-identifier-to-index","wast-identifier-to-index"
"C:\xampp\htdocs\smart-asset-management\frontend\node_modules\@webassemblyjs\ast\esm\types","types"
"C:\xampp\htdocs\smart-asset-management\frontend\node_modules\@webassemblyjs\ast\lib","lib"
"C:\xampp\htdocs\smart-asset-management\frontend\node_modules\@webassemblyjs\ast\lib\transform","transform"
"C:\xampp\htdocs\smart-asset-management\frontend\node_modules\@webassemblyjs\ast\lib\transform\ast-module-to-module-context","ast-module-to-module-context"
"C:\xampp\htdocs\smart-asset-management\frontend\node_modules\@webassemblyjs\ast\lib\transform\denormalize-type-references","denormalize-type-references"
"C:\xampp\htdocs\smart-asset-management\frontend\node_modules\@webassemblyjs\ast\lib\transform\wast-identifier-to-index","wast-identifier-to-index"
"C:\xampp\htdocs\smart-asset-management\frontend\node_modules\@webassemblyjs\ast\lib\types","types"
"C:\xampp\htdocs\smart-asset-management\frontend\node_modules\@webassemblyjs\ast\scripts","scripts"
"C:\xampp\htdocs\smart-asset-management\frontend\node_modules\@webassemblyjs\floating-point-hex-parser","floating-point-hex-parser"
"C:\xampp\htdocs\smart-asset-management\frontend\node_modules\@webassemblyjs\floating-point-hex-parser\esm","esm"
"C:\xampp\htdocs\smart-asset-management\frontend\node_modules\@webassemblyjs\floating-point-hex-parser\lib","lib"
"C:\xampp\htdocs\smart-asset-management\frontend\node_modules\@webassemblyjs\helper-api-error","helper-api-error"
"C:\xampp\htdocs\smart-asset-management\frontend\node_modules\@webassemblyjs\helper-api-error\esm","esm"
"C:\xampp\htdocs\smart-asset-management\frontend\node_modules\@webassemblyjs\helper-api-error\lib","lib"
"C:\xampp\htdocs\smart-asset-management\frontend\node_modules\@webassemblyjs\helper-buffer","helper-buffer"
"C:\xampp\htdocs\smart-asset-management\frontend\node_modules\@webassemblyjs\helper-buffer\esm","esm"
"C:\xampp\htdocs\smart-asset-management\frontend\node_modules\@webassemblyjs\helper-buffer\lib","lib"
"C:\xampp\htdocs\smart-asset-management\frontend\node_modules\@webassemblyjs\helper-numbers","helper-numbers"
"C:\xampp\htdocs\smart-asset-management\frontend\node_modules\@webassemblyjs\helper-numbers\esm","esm"
"C:\xampp\htdocs\smart-asset-management\frontend\node_modules\@webassemblyjs\helper-numbers\lib","lib"
"C:\xampp\htdocs\smart-asset-management\frontend\node_modules\@webassemblyjs\helper-numbers\src","src"
"C:\xampp\htdocs\smart-asset-management\frontend\node_modules\@webassemblyjs\helper-wasm-bytecode","helper-wasm-bytecode"
"C:\xampp\htdocs\smart-asset-management\frontend\node_modules\@webassemblyjs\helper-wasm-bytecode\esm","esm"
"C:\xampp\htdocs\smart-asset-management\frontend\node_modules\@webassemblyjs\helper-wasm-bytecode\lib","lib"
"C:\xampp\htdocs\smart-asset-management\frontend\node_modules\@webassemblyjs\helper-wasm-section","helper-wasm-section"
"C:\xampp\htdocs\smart-asset-management\frontend\node_modules\@webassemblyjs\helper-wasm-section\esm","esm"
"C:\xampp\htdocs\smart-asset-management\frontend\node_modules\@webassemblyjs\helper-wasm-section\lib","lib"
"C:\xampp\htdocs\smart-asset-management\frontend\node_modules\@webassemblyjs\ieee754","ieee754"
"C:\xampp\htdocs\smart-asset-management\frontend\node_modules\@webassemblyjs\ieee754\esm","esm"
"C:\xampp\htdocs\smart-asset-management\frontend\node_modules\@webassemblyjs\ieee754\lib","lib"
"C:\xampp\htdocs\smart-asset-management\frontend\node_modules\@webassemblyjs\ieee754\src","src"
"C:\xampp\htdocs\smart-asset-management\frontend\node_modules\@webassemblyjs\leb128","leb128"
"C:\xampp\htdocs\smart-asset-management\frontend\node_modules\@webassemblyjs\leb128\esm","esm"
"C:\xampp\htdocs\smart-asset-management\frontend\node_modules\@webassemblyjs\leb128\lib","lib"
"C:\xampp\htdocs\smart-asset-management\frontend\node_modules\@webassemblyjs\utf8","utf8"
"C:\xampp\htdocs\smart-asset-management\frontend\node_modules\@webassemblyjs\utf8\esm","esm"
"C:\xampp\htdocs\smart-asset-management\frontend\node_modules\@webassemblyjs\utf8\lib","lib"
"C:\xampp\htdocs\smart-asset-management\frontend\node_modules\@webassemblyjs\utf8\src","src"
"C:\xampp\htdocs\smart-asset-management\frontend\node_modules\@webassemblyjs\utf8\test","test"
"C:\xampp\htdocs\smart-asset-management\frontend\node_modules\@webassemblyjs\wasm-edit","wasm-edit"
"C:\xampp\htdocs\smart-asset-management\frontend\node_modules\@webassemblyjs\wasm-edit\esm","esm"
"C:\xampp\htdocs\smart-asset-management\frontend\node_modules\@webassemblyjs\wasm-edit\lib","lib"
"C:\xampp\htdocs\smart-asset-management\frontend\node_modules\@webassemblyjs\wasm-gen","wasm-gen"
"C:\xampp\htdocs\smart-asset-management\frontend\node_modules\@webassemblyjs\wasm-gen\esm","esm"
"C:\xampp\htdocs\smart-asset-management\frontend\node_modules\@webassemblyjs\wasm-gen\esm\encoder","encoder"
"C:\xampp\htdocs\smart-asset-management\frontend\node_modules\@webassemblyjs\wasm-gen\lib","lib"
"C:\xampp\htdocs\smart-asset-management\frontend\node_modules\@webassemblyjs\wasm-gen\lib\encoder","encoder"
"C:\xampp\htdocs\smart-asset-management\frontend\node_modules\@webassemblyjs\wasm-opt","wasm-opt"
"C:\xampp\htdocs\smart-asset-management\frontend\node_modules\@webassemblyjs\wasm-opt\esm","esm"
"C:\xampp\htdocs\smart-asset-management\frontend\node_modules\@webassemblyjs\wasm-opt\lib","lib"
"C:\xampp\htdocs\smart-asset-management\frontend\node_modules\@webassemblyjs\wasm-parser","wasm-parser"
"C:\xampp\htdocs\smart-asset-management\frontend\node_modules\@webassemblyjs\wasm-parser\esm","esm"
"C:\xampp\htdocs\smart-asset-management\frontend\node_modules\@webassemblyjs\wasm-parser\esm\types","types"
"C:\xampp\htdocs\smart-asset-management\frontend\node_modules\@webassemblyjs\wasm-parser\lib","lib"
"C:\xampp\htdocs\smart-asset-management\frontend\node_modules\@webassemblyjs\wasm-parser\lib\types","types"
"C:\xampp\htdocs\smart-asset-management\frontend\node_modules\@webassemblyjs\wast-printer","wast-printer"
"C:\xampp\htdocs\smart-asset-management\frontend\node_modules\@webassemblyjs\wast-printer\esm","esm"
"C:\xampp\htdocs\smart-asset-management\frontend\node_modules\@webassemblyjs\wast-printer\lib","lib"
"C:\xampp\htdocs\smart-asset-management\frontend\node_modules\@xtuc","@xtuc"
"C:\xampp\htdocs\smart-asset-management\frontend\node_modules\@xtuc\ieee754","ieee754"
"C:\xampp\htdocs\smart-asset-management\frontend\node_modules\@xtuc\ieee754\dist","dist"
"C:\xampp\htdocs\smart-asset-management\frontend\node_modules\@xtuc\long","long"
"C:\xampp\htdocs\smart-asset-management\frontend\node_modules\@xtuc\long\dist","dist"
"C:\xampp\htdocs\smart-asset-management\frontend\node_modules\@xtuc\long\src","src"
"C:\xampp\htdocs\smart-asset-management\frontend\node_modules\abab","abab"
"C:\xampp\htdocs\smart-asset-management\frontend\node_modules\abab\lib","lib"
"C:\xampp\htdocs\smart-asset-management\frontend\node_modules\accepts","accepts"
"C:\xampp\htdocs\smart-asset-management\frontend\node_modules\accepts\node_modules","node_modules"
"C:\xampp\htdocs\smart-asset-management\frontend\node_modules\accepts\node_modules\negotiator","negotiator"
"C:\xampp\htdocs\smart-asset-management\frontend\node_modules\accepts\node_modules\negotiator\lib","lib"
"C:\xampp\htdocs\smart-asset-management\frontend\node_modules\acorn","acorn"
"C:\xampp\htdocs\smart-asset-management\frontend\node_modules\acorn\bin","bin"
"C:\xampp\htdocs\smart-asset-management\frontend\node_modules\acorn\dist","dist"
"C:\xampp\htdocs\smart-asset-management\frontend\node_modules\acorn-globals","acorn-globals"
"C:\xampp\htdocs\smart-asset-management\frontend\node_modules\acorn-globals\node_modules","node_modules"
"C:\xampp\htdocs\smart-asset-management\frontend\node_modules\acorn-globals\node_modules\.bin",".bin"
"C:\xampp\htdocs\smart-asset-management\frontend\node_modules\acorn-globals\node_modules\acorn","acorn"
"C:\xampp\htdocs\smart-asset-management\frontend\node_modules\acorn-globals\node_modules\acorn\bin","bin"
"C:\xampp\htdocs\smart-asset-management\frontend\node_modules\acorn-globals\node_modules\acorn\dist","dist"
"C:\xampp\htdocs\smart-asset-management\frontend\node_modules\acorn-jsx","acorn-jsx"
"C:\xampp\htdocs\smart-asset-management\frontend\node_modules\acorn-walk","acorn-walk"
"C:\xampp\htdocs\smart-asset-management\frontend\node_modules\acorn-walk\dist","dist"
"C:\xampp\htdocs\smart-asset-management\frontend\node_modules\address","address"
"C:\xampp\htdocs\smart-asset-management\frontend\node_modules\address\lib","lib"
"C:\xampp\htdocs\smart-asset-management\frontend\node_modules\adjust-sourcemap-loader","adjust-sourcemap-loader"
"C:\xampp\htdocs\smart-asset-management\frontend\node_modules\adjust-sourcemap-loader\codec","codec"
"C:\xampp\htdocs\smart-asset-management\frontend\node_modules\adjust-sourcemap-loader\codec\utility","utility"
"C:\xampp\htdocs\smart-asset-management\frontend\node_modules\adjust-sourcemap-loader\lib","lib"
"C:\xampp\htdocs\smart-asset-management\frontend\node_modules\adjust-sourcemap-loader\lib\process","process"
"C:\xampp\htdocs\smart-asset-management\frontend\node_modules\adler-32","adler-32"
"C:\xampp\htdocs\smart-asset-management\frontend\node_modules\adler-32\types","types"
"C:\xampp\htdocs\smart-asset-management\frontend\node_modules\agent-base","agent-base"
"C:\xampp\htdocs\smart-asset-management\frontend\node_modules\agent-base\dist","dist"
"C:\xampp\htdocs\smart-asset-management\frontend\node_modules\agent-base\dist\src","src"
"C:\xampp\htdocs\smart-asset-management\frontend\node_modules\agent-base\src","src"
"C:\xampp\htdocs\smart-asset-management\frontend\node_modules\ajv","ajv"
"C:\xampp\htdocs\smart-asset-management\frontend\node_modules\ajv\dist","dist"
"C:\xampp\htdocs\smart-asset-management\frontend\node_modules\ajv\lib","lib"
"C:\xampp\htdocs\smart-asset-management\frontend\node_modules\ajv\lib\compile","compile"
"C:\xampp\htdocs\smart-asset-management\frontend\node_modules\ajv\lib\dot","dot"
"C:\xampp\htdocs\smart-asset-management\frontend\node_modules\ajv\lib\dotjs","dotjs"
"C:\xampp\htdocs\smart-asset-management\frontend\node_modules\ajv\lib\refs","refs"
"C:\xampp\htdocs\smart-asset-management\frontend\node_modules\ajv\scripts","scripts"
"C:\xampp\htdocs\smart-asset-management\frontend\node_modules\ajv-formats","ajv-formats"
"C:\xampp\htdocs\smart-asset-management\frontend\node_modules\ajv-formats\dist","dist"
"C:\xampp\htdocs\smart-asset-management\frontend\node_modules\ajv-formats\node_modules","node_modules"
"C:\xampp\htdocs\smart-asset-management\frontend\node_modules\ajv-formats\node_modules\ajv","ajv"
"C:\xampp\htdocs\smart-asset-management\frontend\node_modules\ajv-formats\node_modules\ajv\dist","dist"
"C:\xampp\htdocs\smart-asset-management\frontend\node_modules\ajv-formats\node_modules\ajv\dist\compile","compile"
"C:\xampp\htdocs\smart-asset-management\frontend\node_modules\ajv-formats\node_modules\ajv\dist\compile\codegen","codegen"
"C:\xampp\htdocs\smart-asset-management\frontend\node_modules\ajv-formats\node_modules\ajv\dist\compile\jtd","jtd"
"C:\xampp\htdocs\smart-asset-management\frontend\node_modules\ajv-formats\node_modules\ajv\dist\compile\validate","validate"
"C:\xampp\htdocs\smart-asset-management\frontend\node_modules\ajv-formats\node_modules\ajv\dist\refs","refs"
"C:\xampp\htdocs\smart-asset-management\frontend\node_modules\ajv-formats\node_modules\ajv\dist\refs\json-schema-2019-09","json-schema-2019-09"
"C:\xampp\htdocs\smart-asset-management\frontend\node_modules\ajv-formats\node_modules\ajv\dist\refs\json-schema-2019-09\meta","meta"
"C:\xampp\htdocs\smart-asset-management\frontend\node_modules\ajv-formats\node_modules\ajv\dist\refs\json-schema-2020-12","json-schema-2020-12"
"C:\xampp\htdocs\smart-asset-management\frontend\node_modules\ajv-formats\node_modules\ajv\dist\refs\json-schema-2020-12\meta","meta"
"C:\xampp\htdocs\smart-asset-management\frontend\node_modules\ajv-formats\node_modules\ajv\dist\runtime","runtime"
"C:\xampp\htdocs\smart-asset-management\frontend\node_modules\ajv-formats\node_modules\ajv\dist\standalone","standalone"
"C:\xampp\htdocs\smart-asset-management\frontend\node_modules\ajv-formats\node_modules\ajv\dist\types","types"
"C:\xampp\htdocs\smart-asset-management\frontend\node_modules\ajv-formats\node_modules\ajv\dist\vocabularies","vocabularies"
"C:\xampp\htdocs\smart-asset-management\frontend\node_modules\ajv-formats\node_modules\ajv\dist\vocabularies\applicator","applicator"
"C:\xampp\htdocs\smart-asset-management\frontend\node_modules\ajv-formats\node_modules\ajv\dist\vocabularies\core","core"
"C:\xampp\htdocs\smart-asset-management\frontend\node_modules\ajv-formats\node_modules\ajv\dist\vocabularies\discriminator","discriminator"
"C:\xampp\htdocs\smart-asset-management\frontend\node_modules\ajv-formats\node_modules\ajv\dist\vocabularies\dynamic","dynamic"
"C:\xampp\htdocs\smart-asset-management\frontend\node_modules\ajv-formats\node_modules\ajv\dist\vocabularies\format","format"
"C:\xampp\htdocs\smart-asset-management\frontend\node_modules\ajv-formats\node_modules\ajv\dist\vocabularies\jtd","jtd"
"C:\xampp\htdocs\smart-asset-management\frontend\node_modules\ajv-formats\node_modules\ajv\dist\vocabularies\unevaluated","unevaluated"
"C:\xampp\htdocs\smart-asset-management\frontend\node_modules\ajv-formats\node_modules\ajv\dist\vocabularies\validation","validation"
"C:\xampp\htdocs\smart-asset-management\frontend\node_modules\ajv-formats\node_modules\ajv\lib","lib"
"C:\xampp\htdocs\smart-asset-management\frontend\node_modules\ajv-formats\node_modules\ajv\lib\compile","compile"
"C:\xampp\htdocs\smart-asset-management\frontend\node_modules\ajv-formats\node_modules\ajv\lib\compile\codegen","codegen"
"C:\xampp\htdocs\smart-asset-management\frontend\node_modules\ajv-formats\node_modules\ajv\lib\compile\jtd","jtd"
"C:\xampp\htdocs\smart-asset-management\frontend\node_modules\ajv-formats\node_modules\ajv\lib\compile\validate","validate"
"C:\xampp\htdocs\smart-asset-management\frontend\node_modules\ajv-formats\node_modules\ajv\lib\refs","refs"
"C:\xampp\htdocs\smart-asset-management\frontend\node_modules\ajv-formats\node_modules\ajv\lib\refs\json-schema-2019-09","json-schema-2019-09"
"C:\xampp\htdocs\smart-asset-management\frontend\node_modules\ajv-formats\node_modules\ajv\lib\refs\json-schema-2019-09\meta","meta"
"C:\xampp\htdocs\smart-asset-management\frontend\node_modules\ajv-formats\node_modules\ajv\lib\refs\json-schema-2020-12","json-schema-2020-12"
"C:\xampp\htdocs\smart-asset-management\frontend\node_modules\ajv-formats\node_modules\ajv\lib\refs\json-schema-2020-12\meta","meta"
"C:\xampp\htdocs\smart-asset-management\frontend\node_modules\ajv-formats\node_modules\ajv\lib\runtime","runtime"
"C:\xampp\htdocs\smart-asset-management\frontend\node_modules\ajv-formats\node_modules\ajv\lib\standalone","standalone"
"C:\xampp\htdocs\smart-asset-management\frontend\node_modules\ajv-formats\node_modules\ajv\lib\types","types"
"C:\xampp\htdocs\smart-asset-management\frontend\node_modules\ajv-formats\node_modules\ajv\lib\vocabularies","vocabularies"
"C:\xampp\htdocs\smart-asset-management\frontend\node_modules\ajv-formats\node_modules\ajv\lib\vocabularies\applicator","applicator"
"C:\xampp\htdocs\smart-asset-management\frontend\node_modules\ajv-formats\node_modules\ajv\lib\vocabularies\core","core"
"C:\xampp\htdocs\smart-asset-management\frontend\node_modules\ajv-formats\node_modules\ajv\lib\vocabularies\discriminator","discriminator"
"C:\xampp\htdocs\smart-asset-management\frontend\node_modules\ajv-formats\node_modules\ajv\lib\vocabularies\dynamic","dynamic"
"C:\xampp\htdocs\smart-asset-management\frontend\node_modules\ajv-formats\node_modules\ajv\lib\vocabularies\format","format"
"C:\xampp\htdocs\smart-asset-management\frontend\node_modules\ajv-formats\node_modules\ajv\lib\vocabularies\jtd","jtd"
"C:\xampp\htdocs\smart-asset-management\frontend\node_modules\ajv-formats\node_modules\ajv\lib\vocabularies\unevaluated","unevaluated"
"C:\xampp\htdocs\smart-asset-management\frontend\node_modules\ajv-formats\node_modules\ajv\lib\vocabularies\validation","validation"
"C:\xampp\htdocs\smart-asset-management\frontend\node_modules\ajv-formats\node_modules\json-schema-traverse","json-schema-traverse"
"C:\xampp\htdocs\smart-asset-management\frontend\node_modules\ajv-formats\node_modules\json-schema-traverse\.github",".github"
"C:\xampp\htdocs\smart-asset-management\frontend\node_modules\ajv-formats\node_modules\json-schema-traverse\.github\workflows","workflows"
"C:\xampp\htdocs\smart-asset-management\frontend\node_modules\ajv-formats\node_modules\json-schema-traverse\spec","spec"
"C:\xampp\htdocs\smart-asset-management\frontend\node_modules\ajv-formats\node_modules\json-schema-traverse\spec\fixtures","fixtures"
"C:\xampp\htdocs\smart-asset-management\frontend\node_modules\ajv-formats\src","src"
"C:\xampp\htdocs\smart-asset-management\frontend\node_modules\ajv-keywords","ajv-keywords"
"C:\xampp\htdocs\smart-asset-management\frontend\node_modules\ajv-keywords\keywords","keywords"
"C:\xampp\htdocs\smart-asset-management\frontend\node_modules\ajv-keywords\keywords\dot","dot"
"C:\xampp\htdocs\smart-asset-management\frontend\node_modules\ajv-keywords\keywords\dotjs","dotjs"
"C:\xampp\htdocs\smart-asset-management\frontend\node_modules\ansi-escapes","ansi-escapes"
"C:\xampp\htdocs\smart-asset-management\frontend\node_modules\ansi-escapes\node_modules","node_modules"
"C:\xampp\htdocs\smart-asset-management\frontend\node_modules\ansi-escapes\node_modules\type-fest","type-fest"
"C:\xampp\htdocs\smart-asset-management\frontend\node_modules\ansi-escapes\node_modules\type-fest\source","source"
"C:\xampp\htdocs\smart-asset-management\frontend\node_modules\ansi-escapes\node_modules\type-fest\ts41","ts41"
"C:\xampp\htdocs\smart-asset-management\frontend\node_modules\ansi-html","ansi-html"
"C:\xampp\htdocs\smart-asset-management\frontend\node_modules\ansi-html\bin","bin"
"C:\xampp\htdocs\smart-asset-management\frontend\node_modules\ansi-html-community","ansi-html-community"
"C:\xampp\htdocs\smart-asset-management\frontend\node_modules\ansi-html-community\bin","bin"
"C:\xampp\htdocs\smart-asset-management\frontend\node_modules\ansi-regex","ansi-regex"
"C:\xampp\htdocs\smart-asset-management\frontend\node_modules\ansi-styles","ansi-styles"
"C:\xampp\htdocs\smart-asset-management\frontend\node_modules\anymatch","anymatch"
"C:\xampp\htdocs\smart-asset-management\frontend\node_modules\any-promise","any-promise"
"C:\xampp\htdocs\smart-asset-management\frontend\node_modules\any-promise\register","register"
"C:\xampp\htdocs\smart-asset-management\frontend\node_modules\arg","arg"
"C:\xampp\htdocs\smart-asset-management\frontend\node_modules\argparse","argparse"
"C:\xampp\htdocs\smart-asset-management\frontend\node_modules\argparse\lib","lib"
"C:\xampp\htdocs\smart-asset-management\frontend\node_modules\argparse\lib\action","action"
"C:\xampp\htdocs\smart-asset-management\frontend\node_modules\argparse\lib\action\append","append"
"C:\xampp\htdocs\smart-asset-management\frontend\node_modules\argparse\lib\action\store","store"
"C:\xampp\htdocs\smart-asset-management\frontend\node_modules\argparse\lib\argument","argument"
"C:\xampp\htdocs\smart-asset-management\frontend\node_modules\argparse\lib\help","help"
"C:\xampp\htdocs\smart-asset-management\frontend\node_modules\aria-query","aria-query"
"C:\xampp\htdocs\smart-asset-management\frontend\node_modules\aria-query\lib","lib"
"C:\xampp\htdocs\smart-asset-management\frontend\node_modules\aria-query\lib\etc","etc"
"C:\xampp\htdocs\smart-asset-management\frontend\node_modules\aria-query\lib\etc\roles","roles"
"C:\xampp\htdocs\smart-asset-management\frontend\node_modules\aria-query\lib\etc\roles\abstract","abstract"
"C:\xampp\htdocs\smart-asset-management\frontend\node_modules\aria-query\lib\etc\roles\dpub","dpub"
"C:\xampp\htdocs\smart-asset-management\frontend\node_modules\aria-query\lib\etc\roles\graphics","graphics"
"C:\xampp\htdocs\smart-asset-management\frontend\node_modules\aria-query\lib\etc\roles\literal","literal"
"C:\xampp\htdocs\smart-asset-management\frontend\node_modules\aria-query\lib\util","util"
"C:\xampp\htdocs\smart-asset-management\frontend\node_modules\array.prototype.findlast","array.prototype.findlast"
"C:\xampp\htdocs\smart-asset-management\frontend\node_modules\array.prototype.findlast\.github",".github"
"C:\xampp\htdocs\smart-asset-management\frontend\node_modules\array.prototype.findlast\test","test"
"C:\xampp\htdocs\smart-asset-management\frontend\node_modules\array.prototype.findlastindex","array.prototype.findlastindex"
"C:\xampp\htdocs\smart-asset-management\frontend\node_modules\array.prototype.findlastindex\.github",".github"
"C:\xampp\htdocs\smart-asset-management\frontend\node_modules\array.prototype.findlastindex\test","test"
"C:\xampp\htdocs\smart-asset-management\frontend\node_modules\array.prototype.flat","array.prototype.flat"
"C:\xampp\htdocs\smart-asset-management\frontend\node_modules\array.prototype.flat\.github",".github"
"C:\xampp\htdocs\smart-asset-management\frontend\node_modules\array.prototype.flat\test","test"
"C:\xampp\htdocs\smart-asset-management\frontend\node_modules\array.prototype.flatmap","array.prototype.flatmap"
"C:\xampp\htdocs\smart-asset-management\frontend\node_modules\array.prototype.flatmap\.github",".github"
"C:\xampp\htdocs\smart-asset-management\frontend\node_modules\array.prototype.flatmap\test","test"
"C:\xampp\htdocs\smart-asset-management\frontend\node_modules\array.prototype.reduce","array.prototype.reduce"
"C:\xampp\htdocs\smart-asset-management\frontend\node_modules\array.prototype.reduce\test","test"
"C:\xampp\htdocs\smart-asset-management\frontend\node_modules\array.prototype.tosorted","array.prototype.tosorted"
"C:\xampp\htdocs\smart-asset-management\frontend\node_modules\array.prototype.tosorted\.github",".github"
"C:\xampp\htdocs\smart-asset-management\frontend\node_modules\array.prototype.tosorted\test","test"
"C:\xampp\htdocs\smart-asset-management\frontend\node_modules\arraybuffer.prototype.slice","arraybuffer.prototype.slice"
"C:\xampp\htdocs\smart-asset-management\frontend\node_modules\arraybuffer.prototype.slice\test","test"
"C:\xampp\htdocs\smart-asset-management\frontend\node_modules\array-buffer-byte-length","array-buffer-byte-length"
"C:\xampp\htdocs\smart-asset-management\frontend\node_modules\array-buffer-byte-length\.github",".github"
"C:\xampp\htdocs\smart-asset-management\frontend\node_modules\array-buffer-byte-length\test","test"
"C:\xampp\htdocs\smart-asset-management\frontend\node_modules\array-flatten","array-flatten"
"C:\xampp\htdocs\smart-asset-management\frontend\node_modules\array-includes","array-includes"
"C:\xampp\htdocs\smart-asset-management\frontend\node_modules\array-includes\.github",".github"
"C:\xampp\htdocs\smart-asset-management\frontend\node_modules\array-includes\test","test"
"C:\xampp\htdocs\smart-asset-management\frontend\node_modules\array-union","array-union"
"C:\xampp\htdocs\smart-asset-management\frontend\node_modules\asap","asap"
"C:\xampp\htdocs\smart-asset-management\frontend\node_modules\ast-types-flow","ast-types-flow"
"C:\xampp\htdocs\smart-asset-management\frontend\node_modules\ast-types-flow\lib","lib"
"C:\xampp\htdocs\smart-asset-management\frontend\node_modules\async","async"
"C:\xampp\htdocs\smart-asset-management\frontend\node_modules\async\dist","dist"
"C:\xampp\htdocs\smart-asset-management\frontend\node_modules\async\internal","internal"
"C:\xampp\htdocs\smart-asset-management\frontend\node_modules\async-function","async-function"
"C:\xampp\htdocs\smart-asset-management\frontend\node_modules\async-function\.github",".github"
"C:\xampp\htdocs\smart-asset-management\frontend\node_modules\async-function\test","test"
"C:\xampp\htdocs\smart-asset-management\frontend\node_modules\asynckit","asynckit"
"C:\xampp\htdocs\smart-asset-management\frontend\node_modules\asynckit\lib","lib"
"C:\xampp\htdocs\smart-asset-management\frontend\node_modules\at-least-node","at-least-node"
"C:\xampp\htdocs\smart-asset-management\frontend\node_modules\autoprefixer","autoprefixer"
"C:\xampp\htdocs\smart-asset-management\frontend\node_modules\autoprefixer\bin","bin"
"C:\xampp\htdocs\smart-asset-management\frontend\node_modules\autoprefixer\data","data"
"C:\xampp\htdocs\smart-asset-management\frontend\node_modules\autoprefixer\lib","lib"
"C:\xampp\htdocs\smart-asset-management\frontend\node_modules\autoprefixer\lib\hacks","hacks"
"C:\xampp\htdocs\smart-asset-management\frontend\node_modules\available-typed-arrays","available-typed-arrays"
"C:\xampp\htdocs\smart-asset-management\frontend\node_modules\available-typed-arrays\.github",".github"
"C:\xampp\htdocs\smart-asset-management\frontend\node_modules\available-typed-arrays\test","test"
"C:\xampp\htdocs\smart-asset-management\frontend\node_modules\axe-core","axe-core"
"C:\xampp\htdocs\smart-asset-management\frontend\node_modules\axe-core\locales","locales"
"C:\xampp\htdocs\smart-asset-management\frontend\node_modules\axios","axios"
"C:\xampp\htdocs\smart-asset-management\frontend\node_modules\axios\dist","dist"
"C:\xampp\htdocs\smart-asset-management\frontend\node_modules\axios\dist\browser","browser"
"C:\xampp\htdocs\smart-asset-management\frontend\node_modules\axios\dist\esm","esm"
"C:\xampp\htdocs\smart-asset-management\frontend\node_modules\axios\dist\node","node"
"C:\xampp\htdocs\smart-asset-management\frontend\node_modules\axios\lib","lib"
"C:\xampp\htdocs\smart-asset-management\frontend\node_modules\axios\lib\adapters","adapters"
"C:\xampp\htdocs\smart-asset-management\frontend\node_modules\axios\lib\cancel","cancel"
"C:\xampp\htdocs\smart-asset-management\frontend\node_modules\axios\lib\core","core"
"C:\xampp\htdocs\smart-asset-management\frontend\node_modules\axios\lib\defaults","defaults"
"C:\xampp\htdocs\smart-asset-management\frontend\node_modules\axios\lib\env","env"
"C:\xampp\htdocs\smart-asset-management\frontend\node_modules\axios\lib\env\classes","classes"
"C:\xampp\htdocs\smart-asset-management\frontend\node_modules\axios\lib\helpers","helpers"
"C:\xampp\htdocs\smart-asset-management\frontend\node_modules\axios\lib\platform","platform"
"C:\xampp\htdocs\smart-asset-management\frontend\node_modules\axios\lib\platform\browser","browser"
"C:\xampp\htdocs\smart-asset-management\frontend\node_modules\axios\lib\platform\browser\classes","classes"
"C:\xampp\htdocs\smart-asset-management\frontend\node_modules\axios\lib\platform\common","common"
"C:\xampp\htdocs\smart-asset-management\frontend\node_modules\axios\lib\platform\node","node"
"C:\xampp\htdocs\smart-asset-management\frontend\node_modules\axios\lib\platform\node\classes","classes"
"C:\xampp\htdocs\smart-asset-management\frontend\node_modules\axobject-query","axobject-query"
"C:\xampp\htdocs\smart-asset-management\frontend\node_modules\axobject-query\lib","lib"
"C:\xampp\htdocs\smart-asset-management\frontend\node_modules\axobject-query\lib\etc","etc"
"C:\xampp\htdocs\smart-asset-management\frontend\node_modules\axobject-query\lib\etc\objects","objects"
"C:\xampp\htdocs\smart-asset-management\frontend\node_modules\axobject-query\lib\util","util"
"C:\xampp\htdocs\smart-asset-management\frontend\node_modules\babel-jest","babel-jest"
"C:\xampp\htdocs\smart-asset-management\frontend\node_modules\babel-jest\build","build"
"C:\xampp\htdocs\smart-asset-management\frontend\node_modules\babel-loader","babel-loader"
"C:\xampp\htdocs\smart-asset-management\frontend\node_modules\babel-loader\lib","lib"
"C:\xampp\htdocs\smart-asset-management\frontend\node_modules\babel-loader\node_modules","node_modules"
"C:\xampp\htdocs\smart-asset-management\frontend\node_modules\babel-loader\node_modules\schema-utils","schema-utils"
"C:\xampp\htdocs\smart-asset-management\frontend\node_modules\babel-loader\node_modules\schema-utils\declarations","declarations"
"C:\xampp\htdocs\smart-asset-management\frontend\node_modules\babel-loader\node_modules\schema-utils\declarations\keywords","keywords"
"C:\xampp\htdocs\smart-asset-management\frontend\node_modules\babel-loader\node_modules\schema-utils\declarations\util","util"
"C:\xampp\htdocs\smart-asset-management\frontend\node_modules\babel-loader\node_modules\schema-utils\dist","dist"
"C:\xampp\htdocs\smart-asset-management\frontend\node_modules\babel-loader\node_modules\schema-utils\dist\keywords","keywords"
"C:\xampp\htdocs\smart-asset-management\frontend\node_modules\babel-loader\node_modules\schema-utils\dist\util","util"
"C:\xampp\htdocs\smart-asset-management\frontend\node_modules\babel-plugin-istanbul","babel-plugin-istanbul"
"C:\xampp\htdocs\smart-asset-management\frontend\node_modules\babel-plugin-istanbul\lib","lib"
"C:\xampp\htdocs\smart-asset-management\frontend\node_modules\babel-plugin-jest-hoist","babel-plugin-jest-hoist"
"C:\xampp\htdocs\smart-asset-management\frontend\node_modules\babel-plugin-jest-hoist\build","build"
"C:\xampp\htdocs\smart-asset-management\frontend\node_modules\babel-plugin-macros","babel-plugin-macros"
"C:\xampp\htdocs\smart-asset-management\frontend\node_modules\babel-plugin-macros\dist","dist"
"C:\xampp\htdocs\smart-asset-management\frontend\node_modules\babel-plugin-named-asset-import","babel-plugin-named-asset-import"
"C:\xampp\htdocs\smart-asset-management\frontend\node_modules\babel-plugin-polyfill-corejs2","babel-plugin-polyfill-corejs2"
"C:\xampp\htdocs\smart-asset-management\frontend\node_modules\babel-plugin-polyfill-corejs2\esm","esm"
"C:\xampp\htdocs\smart-asset-management\frontend\node_modules\babel-plugin-polyfill-corejs2\lib","lib"
"C:\xampp\htdocs\smart-asset-management\frontend\node_modules\babel-plugin-polyfill-corejs2\node_modules","node_modules"
"C:\xampp\htdocs\smart-asset-management\frontend\node_modules\babel-plugin-polyfill-corejs2\node_modules\.bin",".bin"
"C:\xampp\htdocs\smart-asset-management\frontend\node_modules\babel-plugin-polyfill-corejs2\node_modules\semver","semver"
"C:\xampp\htdocs\smart-asset-management\frontend\node_modules\babel-plugin-polyfill-corejs2\node_modules\semver\bin","bin"
"C:\xampp\htdocs\smart-asset-management\frontend\node_modules\babel-plugin-polyfill-corejs3","babel-plugin-polyfill-corejs3"
"C:\xampp\htdocs\smart-asset-management\frontend\node_modules\babel-plugin-polyfill-corejs3\core-js-compat","core-js-compat"
"C:\xampp\htdocs\smart-asset-management\frontend\node_modules\babel-plugin-polyfill-corejs3\esm","esm"
"C:\xampp\htdocs\smart-asset-management\frontend\node_modules\babel-plugin-polyfill-corejs3\lib","lib"
"C:\xampp\htdocs\smart-asset-management\frontend\node_modules\babel-plugin-polyfill-regenerator","babel-plugin-polyfill-regenerator"
"C:\xampp\htdocs\smart-asset-management\frontend\node_modules\babel-plugin-polyfill-regenerator\esm","esm"
"C:\xampp\htdocs\smart-asset-management\frontend\node_modules\babel-plugin-polyfill-regenerator\lib","lib"
"C:\xampp\htdocs\smart-asset-management\frontend\node_modules\babel-plugin-transform-react-remove-prop-types","babel-plugin-transform-react-remove-prop-types"
"C:\xampp\htdocs\smart-asset-management\frontend\node_modules\babel-plugin-transform-react-remove-prop-types\lib","lib"
"C:\xampp\htdocs\smart-asset-management\frontend\node_modules\babel-plugin-transform-react-remove-prop-types\src","src"
"C:\xampp\htdocs\smart-asset-management\frontend\node_modules\babel-preset-current-node-syntax","babel-preset-current-node-syntax"
"C:\xampp\htdocs\smart-asset-management\frontend\node_modules\babel-preset-current-node-syntax\.github",".github"
"C:\xampp\htdocs\smart-asset-management\frontend\node_modules\babel-preset-current-node-syntax\.github\workflows","workflows"
"C:\xampp\htdocs\smart-asset-management\frontend\node_modules\babel-preset-current-node-syntax\src","src"
"C:\xampp\htdocs\smart-asset-management\frontend\node_modules\babel-preset-jest","babel-preset-jest"
"C:\xampp\htdocs\smart-asset-management\frontend\node_modules\babel-preset-react-app","babel-preset-react-app"
"C:\xampp\htdocs\smart-asset-management\frontend\node_modules\babel-preset-react-app\node_modules","node_modules"
"C:\xampp\htdocs\smart-asset-management\frontend\node_modules\babel-preset-react-app\node_modules\@babel","@babel"
"C:\xampp\htdocs\smart-asset-management\frontend\node_modules\babel-preset-react-app\node_modules\@babel\plugin-proposal-private-property-in-object","plugin-proposal-private-property-in-object"
"C:\xampp\htdocs\smart-asset-management\frontend\node_modules\babel-preset-react-app\node_modules\@babel\plugin-proposal-private-property-in-object\lib","lib"
"C:\xampp\htdocs\smart-asset-management\frontend\node_modules\balanced-match","balanced-match"
"C:\xampp\htdocs\smart-asset-management\frontend\node_modules\balanced-match\.github",".github"
"C:\xampp\htdocs\smart-asset-management\frontend\node_modules\base64-arraybuffer","base64-arraybuffer"
"C:\xampp\htdocs\smart-asset-management\frontend\node_modules\base64-arraybuffer\dist","dist"
"C:\xampp\htdocs\smart-asset-management\frontend\node_modules\base64-arraybuffer\dist\lib","lib"
"C:\xampp\htdocs\smart-asset-management\frontend\node_modules\base64-arraybuffer\dist\types","types"
"C:\xampp\htdocs\smart-asset-management\frontend\node_modules\baseline-browser-mapping","baseline-browser-mapping"
"C:\xampp\htdocs\smart-asset-management\frontend\node_modules\baseline-browser-mapping\dist","dist"
"C:\xampp\htdocs\smart-asset-management\frontend\node_modules\batch","batch"
"C:\xampp\htdocs\smart-asset-management\frontend\node_modules\bfj","bfj"
"C:\xampp\htdocs\smart-asset-management\frontend\node_modules\bfj\src","src"
"C:\xampp\htdocs\smart-asset-management\frontend\node_modules\bfj\test","test"
"C:\xampp\htdocs\smart-asset-management\frontend\node_modules\bfj\test\unit","unit"
"C:\xampp\htdocs\smart-asset-management\frontend\node_modules\big.js","big.js"
"C:\xampp\htdocs\smart-asset-management\frontend\node_modules\binary-extensions","binary-extensions"
"C:\xampp\htdocs\smart-asset-management\frontend\node_modules\bluebird","bluebird"
"C:\xampp\htdocs\smart-asset-management\frontend\node_modules\bluebird\js","js"
"C:\xampp\htdocs\smart-asset-management\frontend\node_modules\bluebird\js\browser","browser"
"C:\xampp\htdocs\smart-asset-management\frontend\node_modules\bluebird\js\release","release"
"C:\xampp\htdocs\smart-asset-management\frontend\node_modules\body-parser","body-parser"
"C:\xampp\htdocs\smart-asset-management\frontend\node_modules\body-parser\lib","lib"
"C:\xampp\htdocs\smart-asset-management\frontend\node_modules\body-parser\lib\types","types"
"C:\xampp\htdocs\smart-asset-management\frontend\node_modules\body-parser\node_modules","node_modules"
"C:\xampp\htdocs\smart-asset-management\frontend\node_modules\body-parser\node_modules\debug","debug"
"C:\xampp\htdocs\smart-asset-management\frontend\node_modules\body-parser\node_modules\debug\src","src"
"C:\xampp\htdocs\smart-asset-management\frontend\node_modules\body-parser\node_modules\iconv-lite","iconv-lite"
"C:\xampp\htdocs\smart-asset-management\frontend\node_modules\body-parser\node_modules\iconv-lite\encodings","encodings"
"C:\xampp\htdocs\smart-asset-management\frontend\node_modules\body-parser\node_modules\iconv-lite\encodings\tables","tables"
"C:\xampp\htdocs\smart-asset-management\frontend\node_modules\body-parser\node_modules\iconv-lite\lib","lib"
"C:\xampp\htdocs\smart-asset-management\frontend\node_modules\body-parser\node_modules\ms","ms"
"C:\xampp\htdocs\smart-asset-management\frontend\node_modules\bonjour-service","bonjour-service"
"C:\xampp\htdocs\smart-asset-management\frontend\node_modules\bonjour-service\dist","dist"
"C:\xampp\htdocs\smart-asset-management\frontend\node_modules\bonjour-service\dist\lib","lib"
"C:\xampp\htdocs\smart-asset-management\frontend\node_modules\bonjour-service\dist\lib\utils","utils"
"C:\xampp\htdocs\smart-asset-management\frontend\node_modules\bonjour-service\types","types"
"C:\xampp\htdocs\smart-asset-management\frontend\node_modules\boolbase","boolbase"
"C:\xampp\htdocs\smart-asset-management\frontend\node_modules\brace-expansion","brace-expansion"
"C:\xampp\htdocs\smart-asset-management\frontend\node_modules\braces","braces"
"C:\xampp\htdocs\smart-asset-management\frontend\node_modules\braces\lib","lib"
"C:\xampp\htdocs\smart-asset-management\frontend\node_modules\browser-process-hrtime","browser-process-hrtime"
"C:\xampp\htdocs\smart-asset-management\frontend\node_modules\browserslist","browserslist"
"C:\xampp\htdocs\smart-asset-management\frontend\node_modules\bser","bser"
"C:\xampp\htdocs\smart-asset-management\frontend\node_modules\buffer-from","buffer-from"
"C:\xampp\htdocs\smart-asset-management\frontend\node_modules\builtin-modules","builtin-modules"
"C:\xampp\htdocs\smart-asset-management\frontend\node_modules\bytes","bytes"
"C:\xampp\htdocs\smart-asset-management\frontend\node_modules\call-bind","call-bind"
"C:\xampp\htdocs\smart-asset-management\frontend\node_modules\call-bind\.github",".github"
"C:\xampp\htdocs\smart-asset-management\frontend\node_modules\call-bind\test","test"
"C:\xampp\htdocs\smart-asset-management\frontend\node_modules\call-bind-apply-helpers","call-bind-apply-helpers"
"C:\xampp\htdocs\smart-asset-management\frontend\node_modules\call-bind-apply-helpers\.github",".github"
"C:\xampp\htdocs\smart-asset-management\frontend\node_modules\call-bind-apply-helpers\test","test"
"C:\xampp\htdocs\smart-asset-management\frontend\node_modules\call-bound","call-bound"
"C:\xampp\htdocs\smart-asset-management\frontend\node_modules\call-bound\.github",".github"
"C:\xampp\htdocs\smart-asset-management\frontend\node_modules\call-bound\test","test"
"C:\xampp\htdocs\smart-asset-management\frontend\node_modules\callsites","callsites"
"C:\xampp\htdocs\smart-asset-management\frontend\node_modules\camelcase","camelcase"
"C:\xampp\htdocs\smart-asset-management\frontend\node_modules\camel-case","camel-case"
"C:\xampp\htdocs\smart-asset-management\frontend\node_modules\camel-case\dist","dist"
"C:\xampp\htdocs\smart-asset-management\frontend\node_modules\camel-case\dist.es2015","dist.es2015"
"C:\xampp\htdocs\smart-asset-management\frontend\node_modules\camelcase-css","camelcase-css"
"C:\xampp\htdocs\smart-asset-management\frontend\node_modules\caniuse-api","caniuse-api"
"C:\xampp\htdocs\smart-asset-management\frontend\node_modules\caniuse-api\dist","dist"
"C:\xampp\htdocs\smart-asset-management\frontend\node_modules\caniuse-lite","caniuse-lite"
"C:\xampp\htdocs\smart-asset-management\frontend\node_modules\caniuse-lite\data","data"
"C:\xampp\htdocs\smart-asset-management\frontend\node_modules\caniuse-lite\data\features","features"
"C:\xampp\htdocs\smart-asset-management\frontend\node_modules\caniuse-lite\data\regions","regions"
"C:\xampp\htdocs\smart-asset-management\frontend\node_modules\caniuse-lite\dist","dist"
"C:\xampp\htdocs\smart-asset-management\frontend\node_modules\caniuse-lite\dist\lib","lib"
"C:\xampp\htdocs\smart-asset-management\frontend\node_modules\caniuse-lite\dist\unpacker","unpacker"
"C:\xampp\htdocs\smart-asset-management\frontend\node_modules\canvg","canvg"
"C:\xampp\htdocs\smart-asset-management\frontend\node_modules\canvg\lib","lib"
"C:\xampp\htdocs\smart-asset-management\frontend\node_modules\canvg\lib\Document","Document"
"C:\xampp\htdocs\smart-asset-management\frontend\node_modules\canvg\lib\presets","presets"
"C:\xampp\htdocs\smart-asset-management\frontend\node_modules\canvg\lib\Transform","Transform"
"C:\xampp\htdocs\smart-asset-management\frontend\node_modules\canvg\lib\util","util"
"C:\xampp\htdocs\smart-asset-management\frontend\node_modules\case-sensitive-paths-webpack-plugin","case-sensitive-paths-webpack-plugin"
"C:\xampp\htdocs\smart-asset-management\frontend\node_modules\cfb","cfb"
"C:\xampp\htdocs\smart-asset-management\frontend\node_modules\cfb\dist","dist"
"C:\xampp\htdocs\smart-asset-management\frontend\node_modules\cfb\types","types"
"C:\xampp\htdocs\smart-asset-management\frontend\node_modules\chalk","chalk"
"C:\xampp\htdocs\smart-asset-management\frontend\node_modules\chalk\node_modules","node_modules"
"C:\xampp\htdocs\smart-asset-management\frontend\node_modules\chalk\node_modules\ansi-styles","ansi-styles"
"C:\xampp\htdocs\smart-asset-management\frontend\node_modules\chalk\source","source"
"C:\xampp\htdocs\smart-asset-management\frontend\node_modules\char-regex","char-regex"
"C:\xampp\htdocs\smart-asset-management\frontend\node_modules\chart.js","chart.js"
"C:\xampp\htdocs\smart-asset-management\frontend\node_modules\chart.js\auto","auto"
"C:\xampp\htdocs\smart-asset-management\frontend\node_modules\chart.js\dist","dist"
"C:\xampp\htdocs\smart-asset-management\frontend\node_modules\chart.js\dist\chunks","chunks"
"C:\xampp\htdocs\smart-asset-management\frontend\node_modules\chart.js\dist\controllers","controllers"
"C:\xampp\htdocs\smart-asset-management\frontend\node_modules\chart.js\dist\core","core"
"C:\xampp\htdocs\smart-asset-management\frontend\node_modules\chart.js\dist\elements","elements"
"C:\xampp\htdocs\smart-asset-management\frontend\node_modules\chart.js\dist\helpers","helpers"
"C:\xampp\htdocs\smart-asset-management\frontend\node_modules\chart.js\dist\platform","platform"
"C:\xampp\htdocs\smart-asset-management\frontend\node_modules\chart.js\dist\plugins","plugins"
"C:\xampp\htdocs\smart-asset-management\frontend\node_modules\chart.js\dist\plugins\plugin.filler","plugin.filler"
"C:\xampp\htdocs\smart-asset-management\frontend\node_modules\chart.js\dist\scales","scales"
"C:\xampp\htdocs\smart-asset-management\frontend\node_modules\chart.js\dist\types","types"
"C:\xampp\htdocs\smart-asset-management\frontend\node_modules\chart.js\helpers","helpers"
"C:\xampp\htdocs\smart-asset-management\frontend\node_modules\check-types","check-types"
"C:\xampp\htdocs\smart-asset-management\frontend\node_modules\check-types\src","src"
"C:\xampp\htdocs\smart-asset-management\frontend\node_modules\chokidar","chokidar"
"C:\xampp\htdocs\smart-asset-management\frontend\node_modules\chokidar\lib","lib"
"C:\xampp\htdocs\smart-asset-management\frontend\node_modules\chokidar\node_modules","node_modules"
"C:\xampp\htdocs\smart-asset-management\frontend\node_modules\chokidar\node_modules\glob-parent","glob-parent"
"C:\xampp\htdocs\smart-asset-management\frontend\node_modules\chokidar\types","types"
"C:\xampp\htdocs\smart-asset-management\frontend\node_modules\chrome-trace-event","chrome-trace-event"
"C:\xampp\htdocs\smart-asset-management\frontend\node_modules\chrome-trace-event\dist","dist"
"C:\xampp\htdocs\smart-asset-management\frontend\node_modules\ci-info","ci-info"
"C:\xampp\htdocs\smart-asset-management\frontend\node_modules\cjs-module-lexer","cjs-module-lexer"
"C:\xampp\htdocs\smart-asset-management\frontend\node_modules\cjs-module-lexer\dist","dist"
"C:\xampp\htdocs\smart-asset-management\frontend\node_modules\clean-css","clean-css"
"C:\xampp\htdocs\smart-asset-management\frontend\node_modules\clean-css\lib","lib"
"C:\xampp\htdocs\smart-asset-management\frontend\node_modules\clean-css\lib\optimizer","optimizer"
"C:\xampp\htdocs\smart-asset-management\frontend\node_modules\clean-css\lib\optimizer\configuration","configuration"
"C:\xampp\htdocs\smart-asset-management\frontend\node_modules\clean-css\lib\optimizer\configuration\properties","properties"
"C:\xampp\htdocs\smart-asset-management\frontend\node_modules\clean-css\lib\optimizer\level-0","level-0"
"C:\xampp\htdocs\smart-asset-management\frontend\node_modules\clean-css\lib\optimizer\level-1","level-1"
"C:\xampp\htdocs\smart-asset-management\frontend\node_modules\clean-css\lib\optimizer\level-1\property-optimizers","property-optimizers"
"C:\xampp\htdocs\smart-asset-management\frontend\node_modules\clean-css\lib\optimizer\level-1\value-optimizers","value-optimizers"
"C:\xampp\htdocs\smart-asset-management\frontend\node_modules\clean-css\lib\optimizer\level-1\value-optimizers\color","color"
"C:\xampp\htdocs\smart-asset-management\frontend\node_modules\clean-css\lib\optimizer\level-2","level-2"
"C:\xampp\htdocs\smart-asset-management\frontend\node_modules\clean-css\lib\optimizer\level-2\properties","properties"
"C:\xampp\htdocs\smart-asset-management\frontend\node_modules\clean-css\lib\options","options"
"C:\xampp\htdocs\smart-asset-management\frontend\node_modules\clean-css\lib\reader","reader"
"C:\xampp\htdocs\smart-asset-management\frontend\node_modules\clean-css\lib\tokenizer","tokenizer"
"C:\xampp\htdocs\smart-asset-management\frontend\node_modules\clean-css\lib\utils","utils"
"C:\xampp\htdocs\smart-asset-management\frontend\node_modules\clean-css\lib\writer","writer"
"C:\xampp\htdocs\smart-asset-management\frontend\node_modules\clean-css\node_modules","node_modules"
"C:\xampp\htdocs\smart-asset-management\frontend\node_modules\clean-css\node_modules\source-map","source-map"
"C:\xampp\htdocs\smart-asset-management\frontend\node_modules\clean-css\node_modules\source-map\dist","dist"
"C:\xampp\htdocs\smart-asset-management\frontend\node_modules\clean-css\node_modules\source-map\lib","lib"
"C:\xampp\htdocs\smart-asset-management\frontend\node_modules\cliui","cliui"
"C:\xampp\htdocs\smart-asset-management\frontend\node_modules\cliui\build","build"
"C:\xampp\htdocs\smart-asset-management\frontend\node_modules\cliui\build\lib","lib"
"C:\xampp\htdocs\smart-asset-management\frontend\node_modules\clsx","clsx"
"C:\xampp\htdocs\smart-asset-management\frontend\node_modules\clsx\dist","dist"
"C:\xampp\htdocs\smart-asset-management\frontend\node_modules\co","co"
"C:\xampp\htdocs\smart-asset-management\frontend\node_modules\coa","coa"
"C:\xampp\htdocs\smart-asset-management\frontend\node_modules\coa\lib","lib"
"C:\xampp\htdocs\smart-asset-management\frontend\node_modules\coa\node_modules","node_modules"
"C:\xampp\htdocs\smart-asset-management\frontend\node_modules\coa\node_modules\ansi-styles","ansi-styles"
"C:\xampp\htdocs\smart-asset-management\frontend\node_modules\coa\node_modules\chalk","chalk"
"C:\xampp\htdocs\smart-asset-management\frontend\node_modules\coa\node_modules\chalk\types","types"
"C:\xampp\htdocs\smart-asset-management\frontend\node_modules\coa\node_modules\color-convert","color-convert"
"C:\xampp\htdocs\smart-asset-management\frontend\node_modules\coa\node_modules\color-name","color-name"
"C:\xampp\htdocs\smart-asset-management\frontend\node_modules\coa\node_modules\escape-string-regexp","escape-string-regexp"
"C:\xampp\htdocs\smart-asset-management\frontend\node_modules\coa\node_modules\has-flag","has-flag"
"C:\xampp\htdocs\smart-asset-management\frontend\node_modules\coa\node_modules\supports-color","supports-color"
"C:\xampp\htdocs\smart-asset-management\frontend\node_modules\codepage","codepage"
"C:\xampp\htdocs\smart-asset-management\frontend\node_modules\codepage\bits","bits"
"C:\xampp\htdocs\smart-asset-management\frontend\node_modules\codepage\dist","dist"
"C:\xampp\htdocs\smart-asset-management\frontend\node_modules\codepage\types","types"
"C:\xampp\htdocs\smart-asset-management\frontend\node_modules\collect-v8-coverage","collect-v8-coverage"
"C:\xampp\htdocs\smart-asset-management\frontend\node_modules\color-convert","color-convert"
"C:\xampp\htdocs\smart-asset-management\frontend\node_modules\colord","colord"
"C:\xampp\htdocs\smart-asset-management\frontend\node_modules\colord\colorModels","colorModels"
"C:\xampp\htdocs\smart-asset-management\frontend\node_modules\colord\get","get"
"C:\xampp\htdocs\smart-asset-management\frontend\node_modules\colord\manipulate","manipulate"
"C:\xampp\htdocs\smart-asset-management\frontend\node_modules\colord\plugins","plugins"
"C:\xampp\htdocs\smart-asset-management\frontend\node_modules\colorette","colorette"
"C:\xampp\htdocs\smart-asset-management\frontend\node_modules\color-name","color-name"
"C:\xampp\htdocs\smart-asset-management\frontend\node_modules\combined-stream","combined-stream"
"C:\xampp\htdocs\smart-asset-management\frontend\node_modules\combined-stream\lib","lib"
"C:\xampp\htdocs\smart-asset-management\frontend\node_modules\commander","commander"
"C:\xampp\htdocs\smart-asset-management\frontend\node_modules\commander\lib","lib"
"C:\xampp\htdocs\smart-asset-management\frontend\node_modules\commander\typings","typings"
"C:\xampp\htdocs\smart-asset-management\frontend\node_modules\commondir","commondir"
"C:\xampp\htdocs\smart-asset-management\frontend\node_modules\commondir\example","example"
"C:\xampp\htdocs\smart-asset-management\frontend\node_modules\commondir\test","test"
"C:\xampp\htdocs\smart-asset-management\frontend\node_modules\common-tags","common-tags"
"C:\xampp\htdocs\smart-asset-management\frontend\node_modules\common-tags\dist","dist"
"C:\xampp\htdocs\smart-asset-management\frontend\node_modules\common-tags\es","es"
"C:\xampp\htdocs\smart-asset-management\frontend\node_modules\common-tags\es\codeBlock","codeBlock"
"C:\xampp\htdocs\smart-asset-management\frontend\node_modules\common-tags\es\commaLists","commaLists"
"C:\xampp\htdocs\smart-asset-management\frontend\node_modules\common-tags\es\commaListsAnd","commaListsAnd"
"C:\xampp\htdocs\smart-asset-management\frontend\node_modules\common-tags\es\commaListsOr","commaListsOr"
"C:\xampp\htdocs\smart-asset-management\frontend\node_modules\common-tags\es\html","html"
"C:\xampp\htdocs\smart-asset-management\frontend\node_modules\common-tags\es\inlineArrayTransformer","inlineArrayTransformer"
"C:\xampp\htdocs\smart-asset-management\frontend\node_modules\common-tags\es\inlineLists","inlineLists"
"C:\xampp\htdocs\smart-asset-management\frontend\node_modules\common-tags\es\oneLine","oneLine"
"C:\xampp\htdocs\smart-asset-management\frontend\node_modules\common-tags\es\oneLineCommaLists","oneLineCommaLists"
"C:\xampp\htdocs\smart-asset-management\frontend\node_modules\common-tags\es\oneLineCommaListsAnd","oneLineCommaListsAnd"
"C:\xampp\htdocs\smart-asset-management\frontend\node_modules\common-tags\es\oneLineCommaListsOr","oneLineCommaListsOr"
"C:\xampp\htdocs\smart-asset-management\frontend\node_modules\common-tags\es\oneLineInlineLists","oneLineInlineLists"
"C:\xampp\htdocs\smart-asset-management\frontend\node_modules\common-tags\es\oneLineTrim","oneLineTrim"
"C:\xampp\htdocs\smart-asset-management\frontend\node_modules\common-tags\es\removeNonPrintingValuesTransformer","removeNonPrintingValuesTransformer"
"C:\xampp\htdocs\smart-asset-management\frontend\node_modules\common-tags\es\replaceResultTransformer","replaceResultTransformer"
"C:\xampp\htdocs\smart-asset-management\frontend\node_modules\common-tags\es\replaceStringTransformer","replaceStringTransformer"
"C:\xampp\htdocs\smart-asset-management\frontend\node_modules\common-tags\es\replaceSubstitutionTransformer","replaceSubstitutionTransformer"
"C:\xampp\htdocs\smart-asset-management\frontend\node_modules\common-tags\es\safeHtml","safeHtml"
"C:\xampp\htdocs\smart-asset-management\frontend\node_modules\common-tags\es\source","source"
"C:\xampp\htdocs\smart-asset-management\frontend\node_modules\common-tags\es\splitStringTransformer","splitStringTransformer"
"C:\xampp\htdocs\smart-asset-management\frontend\node_modules\common-tags\es\stripIndent","stripIndent"
"C:\xampp\htdocs\smart-asset-management\frontend\node_modules\common-tags\es\stripIndents","stripIndents"
"C:\xampp\htdocs\smart-asset-management\frontend\node_modules\common-tags\es\stripIndentTransformer","stripIndentTransformer"
"C:\xampp\htdocs\smart-asset-management\frontend\node_modules\common-tags\es\TemplateTag","TemplateTag"
"C:\xampp\htdocs\smart-asset-management\frontend\node_modules\common-tags\es\trimResultTransformer","trimResultTransformer"
"C:\xampp\htdocs\smart-asset-management\frontend\node_modules\common-tags\es\utils","utils"
"C:\xampp\htdocs\smart-asset-management\frontend\node_modules\common-tags\es\utils\readFromFixture","readFromFixture"
"C:\xampp\htdocs\smart-asset-management\frontend\node_modules\common-tags\lib","lib"
"C:\xampp\htdocs\smart-asset-management\frontend\node_modules\common-tags\lib\codeBlock","codeBlock"
"C:\xampp\htdocs\smart-asset-management\frontend\node_modules\common-tags\lib\commaLists","commaLists"
"C:\xampp\htdocs\smart-asset-management\frontend\node_modules\common-tags\lib\commaListsAnd","commaListsAnd"
"C:\xampp\htdocs\smart-asset-management\frontend\node_modules\common-tags\lib\commaListsOr","commaListsOr"
"C:\xampp\htdocs\smart-asset-management\frontend\node_modules\common-tags\lib\html","html"
"C:\xampp\htdocs\smart-asset-management\frontend\node_modules\common-tags\lib\inlineArrayTransformer","inlineArrayTransformer"
"C:\xampp\htdocs\smart-asset-management\frontend\node_modules\common-tags\lib\inlineLists","inlineLists"
"C:\xampp\htdocs\smart-asset-management\frontend\node_modules\common-tags\lib\oneLine","oneLine"
"C:\xampp\htdocs\smart-asset-management\frontend\node_modules\common-tags\lib\oneLineCommaLists","oneLineCommaLists"
"C:\xampp\htdocs\smart-asset-management\frontend\node_modules\common-tags\lib\oneLineCommaListsAnd","oneLineCommaListsAnd"
"C:\xampp\htdocs\smart-asset-management\frontend\node_modules\common-tags\lib\oneLineCommaListsOr","oneLineCommaListsOr"
"C:\xampp\htdocs\smart-asset-management\frontend\node_modules\common-tags\lib\oneLineInlineLists","oneLineInlineLists"
"C:\xampp\htdocs\smart-asset-management\frontend\node_modules\common-tags\lib\oneLineTrim","oneLineTrim"
"C:\xampp\htdocs\smart-asset-management\frontend\node_modules\common-tags\lib\removeNonPrintingValuesTransformer","removeNonPrintingValuesTransformer"
"C:\xampp\htdocs\smart-asset-management\frontend\node_modules\common-tags\lib\replaceResultTransformer","replaceResultTransformer"
"C:\xampp\htdocs\smart-asset-management\frontend\node_modules\common-tags\lib\replaceStringTransformer","replaceStringTransformer"
"C:\xampp\htdocs\smart-asset-management\frontend\node_modules\common-tags\lib\replaceSubstitutionTransformer","replaceSubstitutionTransformer"
"C:\xampp\htdocs\smart-asset-management\frontend\node_modules\common-tags\lib\safeHtml","safeHtml"
"C:\xampp\htdocs\smart-asset-management\frontend\node_modules\common-tags\lib\source","source"
"C:\xampp\htdocs\smart-asset-management\frontend\node_modules\common-tags\lib\splitStringTransformer","splitStringTransformer"
"C:\xampp\htdocs\smart-asset-management\frontend\node_modules\common-tags\lib\stripIndent","stripIndent"
"C:\xampp\htdocs\smart-asset-management\frontend\node_modules\common-tags\lib\stripIndents","stripIndents"
"C:\xampp\htdocs\smart-asset-management\frontend\node_modules\common-tags\lib\stripIndentTransformer","stripIndentTransformer"
"C:\xampp\htdocs\smart-asset-management\frontend\node_modules\common-tags\lib\TemplateTag","TemplateTag"
"C:\xampp\htdocs\smart-asset-management\frontend\node_modules\common-tags\lib\trimResultTransformer","trimResultTransformer"
"C:\xampp\htdocs\smart-asset-management\frontend\node_modules\common-tags\lib\utils","utils"
"C:\xampp\htdocs\smart-asset-management\frontend\node_modules\common-tags\lib\utils\readFromFixture","readFromFixture"
"C:\xampp\htdocs\smart-asset-management\frontend\node_modules\compressible","compressible"
"C:\xampp\htdocs\smart-asset-management\frontend\node_modules\compression","compression"
"C:\xampp\htdocs\smart-asset-management\frontend\node_modules\compression\node_modules","node_modules"
"C:\xampp\htdocs\smart-asset-management\frontend\node_modules\compression\node_modules\debug","debug"
"C:\xampp\htdocs\smart-asset-management\frontend\node_modules\compression\node_modules\debug\src","src"
"C:\xampp\htdocs\smart-asset-management\frontend\node_modules\compression\node_modules\ms","ms"
"C:\xampp\htdocs\smart-asset-management\frontend\node_modules\concat-map","concat-map"
"C:\xampp\htdocs\smart-asset-management\frontend\node_modules\concat-map\example","example"
"C:\xampp\htdocs\smart-asset-management\frontend\node_modules\concat-map\test","test"
"C:\xampp\htdocs\smart-asset-management\frontend\node_modules\confusing-browser-globals","confusing-browser-globals"
"C:\xampp\htdocs\smart-asset-management\frontend\node_modules\connect-history-api-fallback","connect-history-api-fallback"
"C:\xampp\htdocs\smart-asset-management\frontend\node_modules\connect-history-api-fallback\lib","lib"
"C:\xampp\htdocs\smart-asset-management\frontend\node_modules\content-disposition","content-disposition"
"C:\xampp\htdocs\smart-asset-management\frontend\node_modules\content-type","content-type"
"C:\xampp\htdocs\smart-asset-management\frontend\node_modules\convert-source-map","convert-source-map"
"C:\xampp\htdocs\smart-asset-management\frontend\node_modules\cookie","cookie"
"C:\xampp\htdocs\smart-asset-management\frontend\node_modules\cookie-signature","cookie-signature"
"C:\xampp\htdocs\smart-asset-management\frontend\node_modules\core-js","core-js"
"C:\xampp\htdocs\smart-asset-management\frontend\node_modules\core-js\actual","actual"
"C:\xampp\htdocs\smart-asset-management\frontend\node_modules\core-js\actual\array","array"
"C:\xampp\htdocs\smart-asset-management\frontend\node_modules\core-js\actual\array\virtual","virtual"
"C:\xampp\htdocs\smart-asset-management\frontend\node_modules\core-js\actual\array-buffer","array-buffer"
"C:\xampp\htdocs\smart-asset-management\frontend\node_modules\core-js\actual\async-disposable-stack","async-disposable-stack"
"C:\xampp\htdocs\smart-asset-management\frontend\node_modules\core-js\actual\async-iterator","async-iterator"
"C:\xampp\htdocs\smart-asset-management\frontend\node_modules\core-js\actual\data-view","data-view"
"C:\xampp\htdocs\smart-asset-management\frontend\node_modules\core-js\actual\date","date"
"C:\xampp\htdocs\smart-asset-management\frontend\node_modules\core-js\actual\disposable-stack","disposable-stack"
"C:\xampp\htdocs\smart-asset-management\frontend\node_modules\core-js\actual\dom-collections","dom-collections"
"C:\xampp\htdocs\smart-asset-management\frontend\node_modules\core-js\actual\dom-exception","dom-exception"
"C:\xampp\htdocs\smart-asset-management\frontend\node_modules\core-js\actual\error","error"
"C:\xampp\htdocs\smart-asset-management\frontend\node_modules\core-js\actual\function","function"
"C:\xampp\htdocs\smart-asset-management\frontend\node_modules\core-js\actual\function\virtual","virtual"
"C:\xampp\htdocs\smart-asset-management\frontend\node_modules\core-js\actual\instance","instance"
"C:\xampp\htdocs\smart-asset-management\frontend\node_modules\core-js\actual\iterator","iterator"
"C:\xampp\htdocs\smart-asset-management\frontend\node_modules\core-js\actual\json","json"
"C:\xampp\htdocs\smart-asset-management\frontend\node_modules\core-js\actual\map","map"
"C:\xampp\htdocs\smart-asset-management\frontend\node_modules\core-js\actual\math","math"
"C:\xampp\htdocs\smart-asset-management\frontend\node_modules\core-js\actual\number","number"
"C:\xampp\htdocs\smart-asset-management\frontend\node_modules\core-js\actual\number\virtual","virtual"
"C:\xampp\htdocs\smart-asset-management\frontend\node_modules\core-js\actual\object","object"
"C:\xampp\htdocs\smart-asset-management\frontend\node_modules\core-js\actual\promise","promise"
"C:\xampp\htdocs\smart-asset-management\frontend\node_modules\core-js\actual\reflect","reflect"
"C:\xampp\htdocs\smart-asset-management\frontend\node_modules\core-js\actual\regexp","regexp"
"C:\xampp\htdocs\smart-asset-management\frontend\node_modules\core-js\actual\set","set"
"C:\xampp\htdocs\smart-asset-management\frontend\node_modules\core-js\actual\string","string"
"C:\xampp\htdocs\smart-asset-management\frontend\node_modules\core-js\actual\string\virtual","virtual"
"C:\xampp\htdocs\smart-asset-management\frontend\node_modules\core-js\actual\symbol","symbol"
"C:\xampp\htdocs\smart-asset-management\frontend\node_modules\core-js\actual\typed-array","typed-array"
"C:\xampp\htdocs\smart-asset-management\frontend\node_modules\core-js\actual\url","url"
"C:\xampp\htdocs\smart-asset-management\frontend\node_modules\core-js\actual\url-search-params","url-search-params"
"C:\xampp\htdocs\smart-asset-management\frontend\node_modules\core-js\actual\weak-map","weak-map"
"C:\xampp\htdocs\smart-asset-management\frontend\node_modules\core-js\actual\weak-set","weak-set"
"C:\xampp\htdocs\smart-asset-management\frontend\node_modules\core-js\es","es"
"C:\xampp\htdocs\smart-asset-management\frontend\node_modules\core-js\es\array","array"
"C:\xampp\htdocs\smart-asset-management\frontend\node_modules\core-js\es\array\virtual","virtual"
"C:\xampp\htdocs\smart-asset-management\frontend\node_modules\core-js\es\array-buffer","array-buffer"
"C:\xampp\htdocs\smart-asset-management\frontend\node_modules\core-js\es\async-disposable-stack","async-disposable-stack"
"C:\xampp\htdocs\smart-asset-management\frontend\node_modules\core-js\es\async-iterator","async-iterator"
"C:\xampp\htdocs\smart-asset-management\frontend\node_modules\core-js\es\data-view","data-view"
"C:\xampp\htdocs\smart-asset-management\frontend\node_modules\core-js\es\date","date"
"C:\xampp\htdocs\smart-asset-management\frontend\node_modules\core-js\es\disposable-stack","disposable-stack"
"C:\xampp\htdocs\smart-asset-management\frontend\node_modules\core-js\es\error","error"
"C:\xampp\htdocs\smart-asset-management\frontend\node_modules\core-js\es\function","function"
"C:\xampp\htdocs\smart-asset-management\frontend\node_modules\core-js\es\function\virtual","virtual"
"C:\xampp\htdocs\smart-asset-management\frontend\node_modules\core-js\es\instance","instance"
"C:\xampp\htdocs\smart-asset-management\frontend\node_modules\core-js\es\iterator","iterator"
"C:\xampp\htdocs\smart-asset-management\frontend\node_modules\core-js\es\json","json"
"C:\xampp\htdocs\smart-asset-management\frontend\node_modules\core-js\es\map","map"
"C:\xampp\htdocs\smart-asset-management\frontend\node_modules\core-js\es\math","math"
"C:\xampp\htdocs\smart-asset-management\frontend\node_modules\core-js\es\number","number"
"C:\xampp\htdocs\smart-asset-management\frontend\node_modules\core-js\es\number\virtual","virtual"
"C:\xampp\htdocs\smart-asset-management\frontend\node_modules\core-js\es\object","object"
"C:\xampp\htdocs\smart-asset-management\frontend\node_modules\core-js\es\promise","promise"
"C:\xampp\htdocs\smart-asset-management\frontend\node_modules\core-js\es\reflect","reflect"
"C:\xampp\htdocs\smart-asset-management\frontend\node_modules\core-js\es\regexp","regexp"
"C:\xampp\htdocs\smart-asset-management\frontend\node_modules\core-js\es\set","set"
"C:\xampp\htdocs\smart-asset-management\frontend\node_modules\core-js\es\string","string"
"C:\xampp\htdocs\smart-asset-management\frontend\node_modules\core-js\es\string\virtual","virtual"
"C:\xampp\htdocs\smart-asset-management\frontend\node_modules\core-js\es\symbol","symbol"
"C:\xampp\htdocs\smart-asset-management\frontend\node_modules\core-js\es\typed-array","typed-array"
"C:\xampp\htdocs\smart-asset-management\frontend\node_modules\core-js\es\weak-map","weak-map"
"C:\xampp\htdocs\smart-asset-management\frontend\node_modules\core-js\es\weak-set","weak-set"
"C:\xampp\htdocs\smart-asset-management\frontend\node_modules\core-js\features","features"
"C:\xampp\htdocs\smart-asset-management\frontend\node_modules\core-js\features\array","array"
"C:\xampp\htdocs\smart-asset-management\frontend\node_modules\core-js\features\array\virtual","virtual"
"C:\xampp\htdocs\smart-asset-management\frontend\node_modules\core-js\features\array-buffer","array-buffer"
"C:\xampp\htdocs\smart-asset-management\frontend\node_modules\core-js\features\async-disposable-stack","async-disposable-stack"
"C:\xampp\htdocs\smart-asset-management\frontend\node_modules\core-js\features\async-iterator","async-iterator"
"C:\xampp\htdocs\smart-asset-management\frontend\node_modules\core-js\features\bigint","bigint"
"C:\xampp\htdocs\smart-asset-management\frontend\node_modules\core-js\features\data-view","data-view"
"C:\xampp\htdocs\smart-asset-management\frontend\node_modules\core-js\features\date","date"
"C:\xampp\htdocs\smart-asset-management\frontend\node_modules\core-js\features\disposable-stack","disposable-stack"
"C:\xampp\htdocs\smart-asset-management\frontend\node_modules\core-js\features\dom-collections","dom-collections"
"C:\xampp\htdocs\smart-asset-management\frontend\node_modules\core-js\features\dom-exception","dom-exception"
"C:\xampp\htdocs\smart-asset-management\frontend\node_modules\core-js\features\error","error"
"C:\xampp\htdocs\smart-asset-management\frontend\node_modules\core-js\features\function","function"
"C:\xampp\htdocs\smart-asset-management\frontend\node_modules\core-js\features\function\virtual","virtual"
"C:\xampp\htdocs\smart-asset-management\frontend\node_modules\core-js\features\instance","instance"
"C:\xampp\htdocs\smart-asset-management\frontend\node_modules\core-js\features\iterator","iterator"
"C:\xampp\htdocs\smart-asset-management\frontend\node_modules\core-js\features\json","json"
"C:\xampp\htdocs\smart-asset-management\frontend\node_modules\core-js\features\map","map"
"C:\xampp\htdocs\smart-asset-management\frontend\node_modules\core-js\features\math","math"
"C:\xampp\htdocs\smart-asset-management\frontend\node_modules\core-js\features\number","number"
"C:\xampp\htdocs\smart-asset-management\frontend\node_modules\core-js\features\number\virtual","virtual"
"C:\xampp\htdocs\smart-asset-management\frontend\node_modules\core-js\features\object","object"
"C:\xampp\htdocs\smart-asset-management\frontend\node_modules\core-js\features\observable","observable"
"C:\xampp\htdocs\smart-asset-management\frontend\node_modules\core-js\features\promise","promise"
"C:\xampp\htdocs\smart-asset-management\frontend\node_modules\core-js\features\reflect","reflect"
"C:\xampp\htdocs\smart-asset-management\frontend\node_modules\core-js\features\regexp","regexp"
"C:\xampp\htdocs\smart-asset-management\frontend\node_modules\core-js\features\set","set"
"C:\xampp\htdocs\smart-asset-management\frontend\node_modules\core-js\features\string","string"
"C:\xampp\htdocs\smart-asset-management\frontend\node_modules\core-js\features\string\virtual","virtual"
"C:\xampp\htdocs\smart-asset-management\frontend\node_modules\core-js\features\symbol","symbol"
"C:\xampp\htdocs\smart-asset-management\frontend\node_modules\core-js\features\typed-array","typed-array"
"C:\xampp\htdocs\smart-asset-management\frontend\node_modules\core-js\features\url","url"
"C:\xampp\htdocs\smart-asset-management\frontend\node_modules\core-js\features\url-search-params","url-search-params"
"C:\xampp\htdocs\smart-asset-management\frontend\node_modules\core-js\features\weak-map","weak-map"
"C:\xampp\htdocs\smart-asset-management\frontend\node_modules\core-js\features\weak-set","weak-set"
"C:\xampp\htdocs\smart-asset-management\frontend\node_modules\core-js\full","full"
"C:\xampp\htdocs\smart-asset-management\frontend\node_modules\core-js\full\array","array"
"C:\xampp\htdocs\smart-asset-management\frontend\node_modules\core-js\full\array\virtual","virtual"
"C:\xampp\htdocs\smart-asset-management\frontend\node_modules\core-js\full\array-buffer","array-buffer"
"C:\xampp\htdocs\smart-asset-management\frontend\node_modules\core-js\full\async-disposable-stack","async-disposable-stack"
"C:\xampp\htdocs\smart-asset-management\frontend\node_modules\core-js\full\async-iterator","async-iterator"
"C:\xampp\htdocs\smart-asset-management\frontend\node_modules\core-js\full\bigint","bigint"
"C:\xampp\htdocs\smart-asset-management\frontend\node_modules\core-js\full\data-view","data-view"
"C:\xampp\htdocs\smart-asset-management\frontend\node_modules\core-js\full\date","date"
"C:\xampp\htdocs\smart-asset-management\frontend\node_modules\core-js\full\disposable-stack","disposable-stack"
"C:\xampp\htdocs\smart-asset-management\frontend\node_modules\core-js\full\dom-collections","dom-collections"
"C:\xampp\htdocs\smart-asset-management\frontend\node_modules\core-js\full\dom-exception","dom-exception"
"C:\xampp\htdocs\smart-asset-management\frontend\node_modules\core-js\full\error","error"
"C:\xampp\htdocs\smart-asset-management\frontend\node_modules\core-js\full\function","function"
"C:\xampp\htdocs\smart-asset-management\frontend\node_modules\core-js\full\function\virtual","virtual"
"C:\xampp\htdocs\smart-asset-management\frontend\node_modules\core-js\full\instance","instance"
"C:\xampp\htdocs\smart-asset-management\frontend\node_modules\core-js\full\iterator","iterator"
"C:\xampp\htdocs\smart-asset-management\frontend\node_modules\core-js\full\json","json"
"C:\xampp\htdocs\smart-asset-management\frontend\node_modules\core-js\full\map","map"
"C:\xampp\htdocs\smart-asset-management\frontend\node_modules\core-js\full\math","math"
"C:\xampp\htdocs\smart-asset-management\frontend\node_modules\core-js\full\number","number"
"C:\xampp\htdocs\smart-asset-management\frontend\node_modules\core-js\full\number\virtual","virtual"
"C:\xampp\htdocs\smart-asset-management\frontend\node_modules\core-js\full\object","object"
"C:\xampp\htdocs\smart-asset-management\frontend\node_modules\core-js\full\observable","observable"
"C:\xampp\htdocs\smart-asset-management\frontend\node_modules\core-js\full\promise","promise"
"C:\xampp\htdocs\smart-asset-management\frontend\node_modules\core-js\full\reflect","reflect"
"C:\xampp\htdocs\smart-asset-management\frontend\node_modules\core-js\full\regexp","regexp"
"C:\xampp\htdocs\smart-asset-management\frontend\node_modules\core-js\full\set","set"
"C:\xampp\htdocs\smart-asset-management\frontend\node_modules\core-js\full\string","string"
"C:\xampp\htdocs\smart-asset-management\frontend\node_modules\core-js\full\string\virtual","virtual"
"C:\xampp\htdocs\smart-asset-management\frontend\node_modules\core-js\full\symbol","symbol"
"C:\xampp\htdocs\smart-asset-management\frontend\node_modules\core-js\full\typed-array","typed-array"
"C:\xampp\htdocs\smart-asset-management\frontend\node_modules\core-js\full\url","url"
"C:\xampp\htdocs\smart-asset-management\frontend\node_modules\core-js\full\url-search-params","url-search-params"
"C:\xampp\htdocs\smart-asset-management\frontend\node_modules\core-js\full\weak-map","weak-map"
"C:\xampp\htdocs\smart-asset-management\frontend\node_modules\core-js\full\weak-set","weak-set"
"C:\xampp\htdocs\smart-asset-management\frontend\node_modules\core-js\internals","internals"
"C:\xampp\htdocs\smart-asset-management\frontend\node_modules\core-js\modules","modules"
"C:\xampp\htdocs\smart-asset-management\frontend\node_modules\core-js\proposals","proposals"
"C:\xampp\htdocs\smart-asset-management\frontend\node_modules\core-js\stable","stable"
"C:\xampp\htdocs\smart-asset-management\frontend\node_modules\core-js\stable\array","array"
"C:\xampp\htdocs\smart-asset-management\frontend\node_modules\core-js\stable\array\virtual","virtual"
"C:\xampp\htdocs\smart-asset-management\frontend\node_modules\core-js\stable\array-buffer","array-buffer"
"C:\xampp\htdocs\smart-asset-management\frontend\node_modules\core-js\stable\async-disposable-stack","async-disposable-stack"
"C:\xampp\htdocs\smart-asset-management\frontend\node_modules\core-js\stable\async-iterator","async-iterator"
"C:\xampp\htdocs\smart-asset-management\frontend\node_modules\core-js\stable\data-view","data-view"
"C:\xampp\htdocs\smart-asset-management\frontend\node_modules\core-js\stable\date","date"
"C:\xampp\htdocs\smart-asset-management\frontend\node_modules\core-js\stable\disposable-stack","disposable-stack"
"C:\xampp\htdocs\smart-asset-management\frontend\node_modules\core-js\stable\dom-collections","dom-collections"
"C:\xampp\htdocs\smart-asset-management\frontend\node_modules\core-js\stable\dom-exception","dom-exception"
"C:\xampp\htdocs\smart-asset-management\frontend\node_modules\core-js\stable\error","error"
"C:\xampp\htdocs\smart-asset-management\frontend\node_modules\core-js\stable\function","function"
"C:\xampp\htdocs\smart-asset-management\frontend\node_modules\core-js\stable\function\virtual","virtual"
"C:\xampp\htdocs\smart-asset-management\frontend\node_modules\core-js\stable\instance","instance"
"C:\xampp\htdocs\smart-asset-management\frontend\node_modules\core-js\stable\iterator","iterator"
"C:\xampp\htdocs\smart-asset-management\frontend\node_modules\core-js\stable\json","json"
"C:\xampp\htdocs\smart-asset-management\frontend\node_modules\core-js\stable\map","map"
"C:\xampp\htdocs\smart-asset-management\frontend\node_modules\core-js\stable\math","math"
"C:\xampp\htdocs\smart-asset-management\frontend\node_modules\core-js\stable\number","number"
"C:\xampp\htdocs\smart-asset-management\frontend\node_modules\core-js\stable\number\virtual","virtual"
"C:\xampp\htdocs\smart-asset-management\frontend\node_modules\core-js\stable\object","object"
"C:\xampp\htdocs\smart-asset-management\frontend\node_modules\core-js\stable\promise","promise"
"C:\xampp\htdocs\smart-asset-management\frontend\node_modules\core-js\stable\reflect","reflect"
"C:\xampp\htdocs\smart-asset-management\frontend\node_modules\core-js\stable\regexp","regexp"
"C:\xampp\htdocs\smart-asset-management\frontend\node_modules\core-js\stable\set","set"
"C:\xampp\htdocs\smart-asset-management\frontend\node_modules\core-js\stable\string","string"
"C:\xampp\htdocs\smart-asset-management\frontend\node_modules\core-js\stable\string\virtual","virtual"
"C:\xampp\htdocs\smart-asset-management\frontend\node_modules\core-js\stable\symbol","symbol"
"C:\xampp\htdocs\smart-asset-management\frontend\node_modules\core-js\stable\typed-array","typed-array"
"C:\xampp\htdocs\smart-asset-management\frontend\node_modules\core-js\stable\url","url"
"C:\xampp\htdocs\smart-asset-management\frontend\node_modules\core-js\stable\url-search-params","url-search-params"
"C:\xampp\htdocs\smart-asset-management\frontend\node_modules\core-js\stable\weak-map","weak-map"
"C:\xampp\htdocs\smart-asset-management\frontend\node_modules\core-js\stable\weak-set","weak-set"
"C:\xampp\htdocs\smart-asset-management\frontend\node_modules\core-js\stage","stage"
"C:\xampp\htdocs\smart-asset-management\frontend\node_modules\core-js\web","web"
"C:\xampp\htdocs\smart-asset-management\frontend\node_modules\core-js-compat","core-js-compat"
"C:\xampp\htdocs\smart-asset-management\frontend\node_modules\core-js-pure","core-js-pure"
"C:\xampp\htdocs\smart-asset-management\frontend\node_modules\core-js-pure\actual","actual"
"C:\xampp\htdocs\smart-asset-management\frontend\node_modules\core-js-pure\actual\array","array"
"C:\xampp\htdocs\smart-asset-management\frontend\node_modules\core-js-pure\actual\array\virtual","virtual"
"C:\xampp\htdocs\smart-asset-management\frontend\node_modules\core-js-pure\actual\array-buffer","array-buffer"
"C:\xampp\htdocs\smart-asset-management\frontend\node_modules\core-js-pure\actual\async-disposable-stack","async-disposable-stack"
"C:\xampp\htdocs\smart-asset-management\frontend\node_modules\core-js-pure\actual\async-iterator","async-iterator"
"C:\xampp\htdocs\smart-asset-management\frontend\node_modules\core-js-pure\actual\data-view","data-view"
"C:\xampp\htdocs\smart-asset-management\frontend\node_modules\core-js-pure\actual\date","date"
"C:\xampp\htdocs\smart-asset-management\frontend\node_modules\core-js-pure\actual\disposable-stack","disposable-stack"
"C:\xampp\htdocs\smart-asset-management\frontend\node_modules\core-js-pure\actual\dom-collections","dom-collections"
"C:\xampp\htdocs\smart-asset-management\frontend\node_modules\core-js-pure\actual\dom-exception","dom-exception"
"C:\xampp\htdocs\smart-asset-management\frontend\node_modules\core-js-pure\actual\error","error"
"C:\xampp\htdocs\smart-asset-management\frontend\node_modules\core-js-pure\actual\function","function"
"C:\xampp\htdocs\smart-asset-management\frontend\node_modules\core-js-pure\actual\function\virtual","virtual"
"C:\xampp\htdocs\smart-asset-management\frontend\node_modules\core-js-pure\actual\instance","instance"
"C:\xampp\htdocs\smart-asset-management\frontend\node_modules\core-js-pure\actual\iterator","iterator"
"C:\xampp\htdocs\smart-asset-management\frontend\node_modules\core-js-pure\actual\json","json"
"C:\xampp\htdocs\smart-asset-management\frontend\node_modules\core-js-pure\actual\map","map"
"C:\xampp\htdocs\smart-asset-management\frontend\node_modules\core-js-pure\actual\math","math"
"C:\xampp\htdocs\smart-asset-management\frontend\node_modules\core-js-pure\actual\number","number"
"C:\xampp\htdocs\smart-asset-management\frontend\node_modules\core-js-pure\actual\number\virtual","virtual"
"C:\xampp\htdocs\smart-asset-management\frontend\node_modules\core-js-pure\actual\object","object"
"C:\xampp\htdocs\smart-asset-management\frontend\node_modules\core-js-pure\actual\promise","promise"
"C:\xampp\htdocs\smart-asset-management\frontend\node_modules\core-js-pure\actual\reflect","reflect"
"C:\xampp\htdocs\smart-asset-management\frontend\node_modules\core-js-pure\actual\regexp","regexp"
"C:\xampp\htdocs\smart-asset-management\frontend\node_modules\core-js-pure\actual\set","set"
"C:\xampp\htdocs\smart-asset-management\frontend\node_modules\core-js-pure\actual\string","string"
"C:\xampp\htdocs\smart-asset-management\frontend\node_modules\core-js-pure\actual\string\virtual","virtual"
"C:\xampp\htdocs\smart-asset-management\frontend\node_modules\core-js-pure\actual\symbol","symbol"
"C:\xampp\htdocs\smart-asset-management\frontend\node_modules\core-js-pure\actual\typed-array","typed-array"
"C:\xampp\htdocs\smart-asset-management\frontend\node_modules\core-js-pure\actual\url","url"
"C:\xampp\htdocs\smart-asset-management\frontend\node_modules\core-js-pure\actual\url-search-params","url-search-params"
"C:\xampp\htdocs\smart-asset-management\frontend\node_modules\core-js-pure\actual\weak-map","weak-map"
"C:\xampp\htdocs\smart-asset-management\frontend\node_modules\core-js-pure\actual\weak-set","weak-set"
"C:\xampp\htdocs\smart-asset-management\frontend\node_modules\core-js-pure\es","es"
"C:\xampp\htdocs\smart-asset-management\frontend\node_modules\core-js-pure\es\array","array"
"C:\xampp\htdocs\smart-asset-management\frontend\node_modules\core-js-pure\es\array\virtual","virtual"
"C:\xampp\htdocs\smart-asset-management\frontend\node_modules\core-js-pure\es\array-buffer","array-buffer"
"C:\xampp\htdocs\smart-asset-management\frontend\node_modules\core-js-pure\es\async-disposable-stack","async-disposable-stack"
"C:\xampp\htdocs\smart-asset-management\frontend\node_modules\core-js-pure\es\async-iterator","async-iterator"
"C:\xampp\htdocs\smart-asset-management\frontend\node_modules\core-js-pure\es\data-view","data-view"
"C:\xampp\htdocs\smart-asset-management\frontend\node_modules\core-js-pure\es\date","date"
"C:\xampp\htdocs\smart-asset-management\frontend\node_modules\core-js-pure\es\disposable-stack","disposable-stack"
"C:\xampp\htdocs\smart-asset-management\frontend\node_modules\core-js-pure\es\error","error"
"C:\xampp\htdocs\smart-asset-management\frontend\node_modules\core-js-pure\es\function","function"
"C:\xampp\htdocs\smart-asset-management\frontend\node_modules\core-js-pure\es\function\virtual","virtual"
"C:\xampp\htdocs\smart-asset-management\frontend\node_modules\core-js-pure\es\instance","instance"
"C:\xampp\htdocs\smart-asset-management\frontend\node_modules\core-js-pure\es\iterator","iterator"
"C:\xampp\htdocs\smart-asset-management\frontend\node_modules\core-js-pure\es\json","json"
"C:\xampp\htdocs\smart-asset-management\frontend\node_modules\core-js-pure\es\map","map"
"C:\xampp\htdocs\smart-asset-management\frontend\node_modules\core-js-pure\es\math","math"
"C:\xampp\htdocs\smart-asset-management\frontend\node_modules\core-js-pure\es\number","number"
"C:\xampp\htdocs\smart-asset-management\frontend\node_modules\core-js-pure\es\number\virtual","virtual"
"C:\xampp\htdocs\smart-asset-management\frontend\node_modules\core-js-pure\es\object","object"
"C:\xampp\htdocs\smart-asset-management\frontend\node_modules\core-js-pure\es\promise","promise"
"C:\xampp\htdocs\smart-asset-management\frontend\node_modules\core-js-pure\es\reflect","reflect"
"C:\xampp\htdocs\smart-asset-management\frontend\node_modules\core-js-pure\es\regexp","regexp"
"C:\xampp\htdocs\smart-asset-management\frontend\node_modules\core-js-pure\es\set","set"
"C:\xampp\htdocs\smart-asset-management\frontend\node_modules\core-js-pure\es\string","string"
"C:\xampp\htdocs\smart-asset-management\frontend\node_modules\core-js-pure\es\string\virtual","virtual"
"C:\xampp\htdocs\smart-asset-management\frontend\node_modules\core-js-pure\es\symbol","symbol"
"C:\xampp\htdocs\smart-asset-management\frontend\node_modules\core-js-pure\es\typed-array","typed-array"
"C:\xampp\htdocs\smart-asset-management\frontend\node_modules\core-js-pure\es\weak-map","weak-map"
"C:\xampp\htdocs\smart-asset-management\frontend\node_modules\core-js-pure\es\weak-set","weak-set"
"C:\xampp\htdocs\smart-asset-management\frontend\node_modules\core-js-pure\features","features"
"C:\xampp\htdocs\smart-asset-management\frontend\node_modules\core-js-pure\features\array","array"
"C:\xampp\htdocs\smart-asset-management\frontend\node_modules\core-js-pure\features\array\virtual","virtual"
"C:\xampp\htdocs\smart-asset-management\frontend\node_modules\core-js-pure\features\array-buffer","array-buffer"
"C:\xampp\htdocs\smart-asset-management\frontend\node_modules\core-js-pure\features\async-disposable-stack","async-disposable-stack"
"C:\xampp\htdocs\smart-asset-management\frontend\node_modules\core-js-pure\features\async-iterator","async-iterator"
"C:\xampp\htdocs\smart-asset-management\frontend\node_modules\core-js-pure\features\bigint","bigint"
"C:\xampp\htdocs\smart-asset-management\frontend\node_modules\core-js-pure\features\data-view","data-view"
"C:\xampp\htdocs\smart-asset-management\frontend\node_modules\core-js-pure\features\date","date"
"C:\xampp\htdocs\smart-asset-management\frontend\node_modules\core-js-pure\features\disposable-stack","disposable-stack"
"C:\xampp\htdocs\smart-asset-management\frontend\node_modules\core-js-pure\features\dom-collections","dom-collections"
"C:\xampp\htdocs\smart-asset-management\frontend\node_modules\core-js-pure\features\dom-exception","dom-exception"
"C:\xampp\htdocs\smart-asset-management\frontend\node_modules\core-js-pure\features\error","error"
"C:\xampp\htdocs\smart-asset-management\frontend\node_modules\core-js-pure\features\function","function"
"C:\xampp\htdocs\smart-asset-management\frontend\node_modules\core-js-pure\features\function\virtual","virtual"
"C:\xampp\htdocs\smart-asset-management\frontend\node_modules\core-js-pure\features\instance","instance"
"C:\xampp\htdocs\smart-asset-management\frontend\node_modules\core-js-pure\features\iterator","iterator"
"C:\xampp\htdocs\smart-asset-management\frontend\node_modules\core-js-pure\features\json","json"
"C:\xampp\htdocs\smart-asset-management\frontend\node_modules\core-js-pure\features\map","map"
"C:\xampp\htdocs\smart-asset-management\frontend\node_modules\core-js-pure\features\math","math"
"C:\xampp\htdocs\smart-asset-management\frontend\node_modules\core-js-pure\features\number","number"
"C:\xampp\htdocs\smart-asset-management\frontend\node_modules\core-js-pure\features\number\virtual","virtual"
"C:\xampp\htdocs\smart-asset-management\frontend\node_modules\core-js-pure\features\object","object"
"C:\xampp\htdocs\smart-asset-management\frontend\node_modules\core-js-pure\features\observable","observable"
"C:\xampp\htdocs\smart-asset-management\frontend\node_modules\core-js-pure\features\promise","promise"
"C:\xampp\htdocs\smart-asset-management\frontend\node_modules\core-js-pure\features\reflect","reflect"
"C:\xampp\htdocs\smart-asset-management\frontend\node_modules\core-js-pure\features\regexp","regexp"
"C:\xampp\htdocs\smart-asset-management\frontend\node_modules\core-js-pure\features\set","set"
"C:\xampp\htdocs\smart-asset-management\frontend\node_modules\core-js-pure\features\string","string"
"C:\xampp\htdocs\smart-asset-management\frontend\node_modules\core-js-pure\features\string\virtual","virtual"
"C:\xampp\htdocs\smart-asset-management\frontend\node_modules\core-js-pure\features\symbol","symbol"
"C:\xampp\htdocs\smart-asset-management\frontend\node_modules\core-js-pure\features\typed-array","typed-array"
"C:\xampp\htdocs\smart-asset-management\frontend\node_modules\core-js-pure\features\url","url"
"C:\xampp\htdocs\smart-asset-management\frontend\node_modules\core-js-pure\features\url-search-params","url-search-params"
"C:\xampp\htdocs\smart-asset-management\frontend\node_modules\core-js-pure\features\weak-map","weak-map"
"C:\xampp\htdocs\smart-asset-management\frontend\node_modules\core-js-pure\features\weak-set","weak-set"
"C:\xampp\htdocs\smart-asset-management\frontend\node_modules\core-js-pure\full","full"
"C:\xampp\htdocs\smart-asset-management\frontend\node_modules\core-js-pure\full\array","array"
"C:\xampp\htdocs\smart-asset-management\frontend\node_modules\core-js-pure\full\array\virtual","virtual"
"C:\xampp\htdocs\smart-asset-management\frontend\node_modules\core-js-pure\full\array-buffer","array-buffer"
"C:\xampp\htdocs\smart-asset-management\frontend\node_modules\core-js-pure\full\async-disposable-stack","async-disposable-stack"
"C:\xampp\htdocs\smart-asset-management\frontend\node_modules\core-js-pure\full\async-iterator","async-iterator"
"C:\xampp\htdocs\smart-asset-management\frontend\node_modules\core-js-pure\full\bigint","bigint"
"C:\xampp\htdocs\smart-asset-management\frontend\node_modules\core-js-pure\full\data-view","data-view"
"C:\xampp\htdocs\smart-asset-management\frontend\node_modules\core-js-pure\full\date","date"
"C:\xampp\htdocs\smart-asset-management\frontend\node_modules\core-js-pure\full\disposable-stack","disposable-stack"
"C:\xampp\htdocs\smart-asset-management\frontend\node_modules\core-js-pure\full\dom-collections","dom-collections"
"C:\xampp\htdocs\smart-asset-management\frontend\node_modules\core-js-pure\full\dom-exception","dom-exception"
"C:\xampp\htdocs\smart-asset-management\frontend\node_modules\core-js-pure\full\error","error"
"C:\xampp\htdocs\smart-asset-management\frontend\node_modules\core-js-pure\full\function","function"
"C:\xampp\htdocs\smart-asset-management\frontend\node_modules\core-js-pure\full\function\virtual","virtual"
"C:\xampp\htdocs\smart-asset-management\frontend\node_modules\core-js-pure\full\instance","instance"
"C:\xampp\htdocs\smart-asset-management\frontend\node_modules\core-js-pure\full\iterator","iterator"
"C:\xampp\htdocs\smart-asset-management\frontend\node_modules\core-js-pure\full\json","json"
"C:\xampp\htdocs\smart-asset-management\frontend\node_modules\core-js-pure\full\map","map"
"C:\xampp\htdocs\smart-asset-management\frontend\node_modules\core-js-pure\full\math","math"
"C:\xampp\htdocs\smart-asset-management\frontend\node_modules\core-js-pure\full\number","number"
"C:\xampp\htdocs\smart-asset-management\frontend\node_modules\core-js-pure\full\number\virtual","virtual"
"C:\xampp\htdocs\smart-asset-management\frontend\node_modules\core-js-pure\full\object","object"
"C:\xampp\htdocs\smart-asset-management\frontend\node_modules\core-js-pure\full\observable","observable"
"C:\xampp\htdocs\smart-asset-management\frontend\node_modules\core-js-pure\full\promise","promise"
"C:\xampp\htdocs\smart-asset-management\frontend\node_modules\core-js-pure\full\reflect","reflect"
"C:\xampp\htdocs\smart-asset-management\frontend\node_modules\core-js-pure\full\regexp","regexp"
"C:\xampp\htdocs\smart-asset-management\frontend\node_modules\core-js-pure\full\set","set"
"C:\xampp\htdocs\smart-asset-management\frontend\node_modules\core-js-pure\full\string","string"
"C:\xampp\htdocs\smart-asset-management\frontend\node_modules\core-js-pure\full\string\virtual","virtual"
"C:\xampp\htdocs\smart-asset-management\frontend\node_modules\core-js-pure\full\symbol","symbol"
"C:\xampp\htdocs\smart-asset-management\frontend\node_modules\core-js-pure\full\typed-array","typed-array"
"C:\xampp\htdocs\smart-asset-management\frontend\node_modules\core-js-pure\full\url","url"
"C:\xampp\htdocs\smart-asset-management\frontend\node_modules\core-js-pure\full\url-search-params","url-search-params"
"C:\xampp\htdocs\smart-asset-management\frontend\node_modules\core-js-pure\full\weak-map","weak-map"
"C:\xampp\htdocs\smart-asset-management\frontend\node_modules\core-js-pure\full\weak-set","weak-set"
"C:\xampp\htdocs\smart-asset-management\frontend\node_modules\core-js-pure\internals","internals"
"C:\xampp\htdocs\smart-asset-management\frontend\node_modules\core-js-pure\modules","modules"
"C:\xampp\htdocs\smart-asset-management\frontend\node_modules\core-js-pure\proposals","proposals"
"C:\xampp\htdocs\smart-asset-management\frontend\node_modules\core-js-pure\stable","stable"
"C:\xampp\htdocs\smart-asset-management\frontend\node_modules\core-js-pure\stable\array","array"
"C:\xampp\htdocs\smart-asset-management\frontend\node_modules\core-js-pure\stable\array\virtual","virtual"
"C:\xampp\htdocs\smart-asset-management\frontend\node_modules\core-js-pure\stable\array-buffer","array-buffer"
"C:\xampp\htdocs\smart-asset-management\frontend\node_modules\core-js-pure\stable\async-disposable-stack","async-disposable-stack"
"C:\xampp\htdocs\smart-asset-management\frontend\node_modules\core-js-pure\stable\async-iterator","async-iterator"
"C:\xampp\htdocs\smart-asset-management\frontend\node_modules\core-js-pure\stable\data-view","data-view"
"C:\xampp\htdocs\smart-asset-management\frontend\node_modules\core-js-pure\stable\date","date"
"C:\xampp\htdocs\smart-asset-management\frontend\node_modules\core-js-pure\stable\disposable-stack","disposable-stack"
"C:\xampp\htdocs\smart-asset-management\frontend\node_modules\core-js-pure\stable\dom-collections","dom-collections"
"C:\xampp\htdocs\smart-asset-management\frontend\node_modules\core-js-pure\stable\dom-exception","dom-exception"
"C:\xampp\htdocs\smart-asset-management\frontend\node_modules\core-js-pure\stable\error","error"
"C:\xampp\htdocs\smart-asset-management\frontend\node_modules\core-js-pure\stable\function","function"
"C:\xampp\htdocs\smart-asset-management\frontend\node_modules\core-js-pure\stable\function\virtual","virtual"
"C:\xampp\htdocs\smart-asset-management\frontend\node_modules\core-js-pure\stable\instance","instance"
"C:\xampp\htdocs\smart-asset-management\frontend\node_modules\core-js-pure\stable\iterator","iterator"
"C:\xampp\htdocs\smart-asset-management\frontend\node_modules\core-js-pure\stable\json","json"
"C:\xampp\htdocs\smart-asset-management\frontend\node_modules\core-js-pure\stable\map","map"
"C:\xampp\htdocs\smart-asset-management\frontend\node_modules\core-js-pure\stable\math","math"
"C:\xampp\htdocs\smart-asset-management\frontend\node_modules\core-js-pure\stable\number","number"
"C:\xampp\htdocs\smart-asset-management\frontend\node_modules\core-js-pure\stable\number\virtual","virtual"
"C:\xampp\htdocs\smart-asset-management\frontend\node_modules\core-js-pure\stable\object","object"
"C:\xampp\htdocs\smart-asset-management\frontend\node_modules\core-js-pure\stable\promise","promise"
"C:\xampp\htdocs\smart-asset-management\frontend\node_modules\core-js-pure\stable\reflect","reflect"
"C:\xampp\htdocs\smart-asset-management\frontend\node_modules\core-js-pure\stable\regexp","regexp"
"C:\xampp\htdocs\smart-asset-management\frontend\node_modules\core-js-pure\stable\set","set"
"C:\xampp\htdocs\smart-asset-management\frontend\node_modules\core-js-pure\stable\string","string"
"C:\xampp\htdocs\smart-asset-management\frontend\node_modules\core-js-pure\stable\string\virtual","virtual"
"C:\xampp\htdocs\smart-asset-management\frontend\node_modules\core-js-pure\stable\symbol","symbol"
"C:\xampp\htdocs\smart-asset-management\frontend\node_modules\core-js-pure\stable\typed-array","typed-array"
"C:\xampp\htdocs\smart-asset-management\frontend\node_modules\core-js-pure\stable\url","url"
"C:\xampp\htdocs\smart-asset-management\frontend\node_modules\core-js-pure\stable\url-search-params","url-search-params"
"C:\xampp\htdocs\smart-asset-management\frontend\node_modules\core-js-pure\stable\weak-map","weak-map"
"C:\xampp\htdocs\smart-asset-management\frontend\node_modules\core-js-pure\stable\weak-set","weak-set"
"C:\xampp\htdocs\smart-asset-management\frontend\node_modules\core-js-pure\stage","stage"
"C:\xampp\htdocs\smart-asset-management\frontend\node_modules\core-js-pure\web","web"
"C:\xampp\htdocs\smart-asset-management\frontend\node_modules\core-util-is","core-util-is"
"C:\xampp\htdocs\smart-asset-management\frontend\node_modules\core-util-is\lib","lib"
"C:\xampp\htdocs\smart-asset-management\frontend\node_modules\cosmiconfig","cosmiconfig"
"C:\xampp\htdocs\smart-asset-management\frontend\node_modules\cosmiconfig\dist","dist"
"C:\xampp\htdocs\smart-asset-management\frontend\node_modules\crc-32","crc-32"
"C:\xampp\htdocs\smart-asset-management\frontend\node_modules\crc-32\bin","bin"
"C:\xampp\htdocs\smart-asset-management\frontend\node_modules\crc-32\types","types"
"C:\xampp\htdocs\smart-asset-management\frontend\node_modules\cross-spawn","cross-spawn"
"C:\xampp\htdocs\smart-asset-management\frontend\node_modules\cross-spawn\lib","lib"
"C:\xampp\htdocs\smart-asset-management\frontend\node_modules\cross-spawn\lib\util","util"
"C:\xampp\htdocs\smart-asset-management\frontend\node_modules\crypto-random-string","crypto-random-string"
"C:\xampp\htdocs\smart-asset-management\frontend\node_modules\css.escape","css.escape"
"C:\xampp\htdocs\smart-asset-management\frontend\node_modules\css-blank-pseudo","css-blank-pseudo"
"C:\xampp\htdocs\smart-asset-management\frontend\node_modules\css-blank-pseudo\dist","dist"
"C:\xampp\htdocs\smart-asset-management\frontend\node_modules\cssdb","cssdb"
"C:\xampp\htdocs\smart-asset-management\frontend\node_modules\css-declaration-sorter","css-declaration-sorter"
"C:\xampp\htdocs\smart-asset-management\frontend\node_modules\css-declaration-sorter\dist","dist"
"C:\xampp\htdocs\smart-asset-management\frontend\node_modules\css-declaration-sorter\orders","orders"
"C:\xampp\htdocs\smart-asset-management\frontend\node_modules\css-declaration-sorter\src","src"
"C:\xampp\htdocs\smart-asset-management\frontend\node_modules\cssesc","cssesc"
"C:\xampp\htdocs\smart-asset-management\frontend\node_modules\cssesc\bin","bin"
"C:\xampp\htdocs\smart-asset-management\frontend\node_modules\cssesc\man","man"
"C:\xampp\htdocs\smart-asset-management\frontend\node_modules\css-has-pseudo","css-has-pseudo"
"C:\xampp\htdocs\smart-asset-management\frontend\node_modules\css-has-pseudo\dist","dist"
"C:\xampp\htdocs\smart-asset-management\frontend\node_modules\css-line-break","css-line-break"
"C:\xampp\htdocs\smart-asset-management\frontend\node_modules\css-line-break\dist","dist"
"C:\xampp\htdocs\smart-asset-management\frontend\node_modules\css-line-break\dist\lib","lib"
"C:\xampp\htdocs\smart-asset-management\frontend\node_modules\css-line-break\dist\types","types"
"C:\xampp\htdocs\smart-asset-management\frontend\node_modules\css-loader","css-loader"
"C:\xampp\htdocs\smart-asset-management\frontend\node_modules\css-loader\dist","dist"
"C:\xampp\htdocs\smart-asset-management\frontend\node_modules\css-loader\dist\plugins","plugins"
"C:\xampp\htdocs\smart-asset-management\frontend\node_modules\css-loader\dist\runtime","runtime"
"C:\xampp\htdocs\smart-asset-management\frontend\node_modules\css-minimizer-webpack-plugin","css-minimizer-webpack-plugin"
"C:\xampp\htdocs\smart-asset-management\frontend\node_modules\css-minimizer-webpack-plugin\dist","dist"
"C:\xampp\htdocs\smart-asset-management\frontend\node_modules\css-minimizer-webpack-plugin\node_modules","node_modules"
"C:\xampp\htdocs\smart-asset-management\frontend\node_modules\css-minimizer-webpack-plugin\node_modules\source-map","source-map"
"C:\xampp\htdocs\smart-asset-management\frontend\node_modules\css-minimizer-webpack-plugin\node_modules\source-map\dist","dist"
"C:\xampp\htdocs\smart-asset-management\frontend\node_modules\css-minimizer-webpack-plugin\node_modules\source-map\lib","lib"
"C:\xampp\htdocs\smart-asset-management\frontend\node_modules\css-minimizer-webpack-plugin\types","types"
"C:\xampp\htdocs\smart-asset-management\frontend\node_modules\cssnano","cssnano"
"C:\xampp\htdocs\smart-asset-management\frontend\node_modules\cssnano\src","src"
"C:\xampp\htdocs\smart-asset-management\frontend\node_modules\cssnano\src\postcss-discard-comments","postcss-discard-comments"
"C:\xampp\htdocs\smart-asset-management\frontend\node_modules\cssnano\src\postcss-discard-empty","postcss-discard-empty"
"C:\xampp\htdocs\smart-asset-management\frontend\node_modules\cssnano\src\postcss-normalize-whitespace","postcss-normalize-whitespace"
"C:\xampp\htdocs\smart-asset-management\frontend\node_modules\cssnano\types","types"
"C:\xampp\htdocs\smart-asset-management\frontend\node_modules\cssnano-preset-default","cssnano-preset-default"
"C:\xampp\htdocs\smart-asset-management\frontend\node_modules\cssnano-preset-default\src","src"
"C:\xampp\htdocs\smart-asset-management\frontend\node_modules\cssnano-preset-default\types","types"
"C:\xampp\htdocs\smart-asset-management\frontend\node_modules\cssnano-utils","cssnano-utils"
"C:\xampp\htdocs\smart-asset-management\frontend\node_modules\cssnano-utils\src","src"
"C:\xampp\htdocs\smart-asset-management\frontend\node_modules\cssnano-utils\types","types"
"C:\xampp\htdocs\smart-asset-management\frontend\node_modules\csso","csso"
"C:\xampp\htdocs\smart-asset-management\frontend\node_modules\csso\dist","dist"
"C:\xampp\htdocs\smart-asset-management\frontend\node_modules\csso\lib","lib"
"C:\xampp\htdocs\smart-asset-management\frontend\node_modules\csso\lib\clean","clean"
"C:\xampp\htdocs\smart-asset-management\frontend\node_modules\csso\lib\replace","replace"
"C:\xampp\htdocs\smart-asset-management\frontend\node_modules\csso\lib\replace\atrule","atrule"
"C:\xampp\htdocs\smart-asset-management\frontend\node_modules\csso\lib\replace\property","property"
"C:\xampp\htdocs\smart-asset-management\frontend\node_modules\csso\lib\restructure","restructure"
"C:\xampp\htdocs\smart-asset-management\frontend\node_modules\csso\lib\restructure\prepare","prepare"
"C:\xampp\htdocs\smart-asset-management\frontend\node_modules\csso\node_modules","node_modules"
"C:\xampp\htdocs\smart-asset-management\frontend\node_modules\csso\node_modules\css-tree","css-tree"
"C:\xampp\htdocs\smart-asset-management\frontend\node_modules\csso\node_modules\css-tree\data","data"
"C:\xampp\htdocs\smart-asset-management\frontend\node_modules\csso\node_modules\css-tree\dist","dist"
"C:\xampp\htdocs\smart-asset-management\frontend\node_modules\csso\node_modules\css-tree\lib","lib"
"C:\xampp\htdocs\smart-asset-management\frontend\node_modules\csso\node_modules\css-tree\lib\common","common"
"C:\xampp\htdocs\smart-asset-management\frontend\node_modules\csso\node_modules\css-tree\lib\convertor","convertor"
"C:\xampp\htdocs\smart-asset-management\frontend\node_modules\csso\node_modules\css-tree\lib\definition-syntax","definition-syntax"
"C:\xampp\htdocs\smart-asset-management\frontend\node_modules\csso\node_modules\css-tree\lib\generator","generator"
"C:\xampp\htdocs\smart-asset-management\frontend\node_modules\csso\node_modules\css-tree\lib\lexer","lexer"
"C:\xampp\htdocs\smart-asset-management\frontend\node_modules\csso\node_modules\css-tree\lib\parser","parser"
"C:\xampp\htdocs\smart-asset-management\frontend\node_modules\csso\node_modules\css-tree\lib\syntax","syntax"
"C:\xampp\htdocs\smart-asset-management\frontend\node_modules\csso\node_modules\css-tree\lib\syntax\atrule","atrule"
"C:\xampp\htdocs\smart-asset-management\frontend\node_modules\csso\node_modules\css-tree\lib\syntax\config","config"
"C:\xampp\htdocs\smart-asset-management\frontend\node_modules\csso\node_modules\css-tree\lib\syntax\function","function"
"C:\xampp\htdocs\smart-asset-management\frontend\node_modules\csso\node_modules\css-tree\lib\syntax\node","node"
"C:\xampp\htdocs\smart-asset-management\frontend\node_modules\csso\node_modules\css-tree\lib\syntax\pseudo","pseudo"
"C:\xampp\htdocs\smart-asset-management\frontend\node_modules\csso\node_modules\css-tree\lib\syntax\pseudo\common","common"
"C:\xampp\htdocs\smart-asset-management\frontend\node_modules\csso\node_modules\css-tree\lib\syntax\scope","scope"
"C:\xampp\htdocs\smart-asset-management\frontend\node_modules\csso\node_modules\css-tree\lib\tokenizer","tokenizer"
"C:\xampp\htdocs\smart-asset-management\frontend\node_modules\csso\node_modules\css-tree\lib\utils","utils"
"C:\xampp\htdocs\smart-asset-management\frontend\node_modules\csso\node_modules\css-tree\lib\walker","walker"
"C:\xampp\htdocs\smart-asset-management\frontend\node_modules\csso\node_modules\mdn-data","mdn-data"
"C:\xampp\htdocs\smart-asset-management\frontend\node_modules\csso\node_modules\mdn-data\api","api"
"C:\xampp\htdocs\smart-asset-management\frontend\node_modules\csso\node_modules\mdn-data\css","css"
"C:\xampp\htdocs\smart-asset-management\frontend\node_modules\csso\node_modules\mdn-data\l10n","l10n"
"C:\xampp\htdocs\smart-asset-management\frontend\node_modules\csso\node_modules\source-map","source-map"
"C:\xampp\htdocs\smart-asset-management\frontend\node_modules\csso\node_modules\source-map\dist","dist"
"C:\xampp\htdocs\smart-asset-management\frontend\node_modules\csso\node_modules\source-map\lib","lib"
"C:\xampp\htdocs\smart-asset-management\frontend\node_modules\cssom","cssom"
"C:\xampp\htdocs\smart-asset-management\frontend\node_modules\cssom\lib","lib"
"C:\xampp\htdocs\smart-asset-management\frontend\node_modules\css-prefers-color-scheme","css-prefers-color-scheme"
"C:\xampp\htdocs\smart-asset-management\frontend\node_modules\css-prefers-color-scheme\dist","dist"
"C:\xampp\htdocs\smart-asset-management\frontend\node_modules\css-select","css-select"
"C:\xampp\htdocs\smart-asset-management\frontend\node_modules\css-select\lib","lib"
"C:\xampp\htdocs\smart-asset-management\frontend\node_modules\css-select\lib\pseudo-selectors","pseudo-selectors"
"C:\xampp\htdocs\smart-asset-management\frontend\node_modules\css-select-base-adapter","css-select-base-adapter"
"C:\xampp\htdocs\smart-asset-management\frontend\node_modules\css-select-base-adapter\test","test"
"C:\xampp\htdocs\smart-asset-management\frontend\node_modules\cssstyle","cssstyle"
"C:\xampp\htdocs\smart-asset-management\frontend\node_modules\cssstyle\lib","lib"
"C:\xampp\htdocs\smart-asset-management\frontend\node_modules\cssstyle\lib\properties","properties"
"C:\xampp\htdocs\smart-asset-management\frontend\node_modules\cssstyle\lib\utils","utils"
"C:\xampp\htdocs\smart-asset-management\frontend\node_modules\cssstyle\node_modules","node_modules"
"C:\xampp\htdocs\smart-asset-management\frontend\node_modules\cssstyle\node_modules\cssom","cssom"
"C:\xampp\htdocs\smart-asset-management\frontend\node_modules\cssstyle\node_modules\cssom\lib","lib"
"C:\xampp\htdocs\smart-asset-management\frontend\node_modules\css-tree","css-tree"
"C:\xampp\htdocs\smart-asset-management\frontend\node_modules\css-tree\data","data"
"C:\xampp\htdocs\smart-asset-management\frontend\node_modules\css-tree\dist","dist"
"C:\xampp\htdocs\smart-asset-management\frontend\node_modules\css-tree\lib","lib"
"C:\xampp\htdocs\smart-asset-management\frontend\node_modules\css-tree\lib\common","common"
"C:\xampp\htdocs\smart-asset-management\frontend\node_modules\css-tree\lib\convertor","convertor"
"C:\xampp\htdocs\smart-asset-management\frontend\node_modules\css-tree\lib\definition-syntax","definition-syntax"
"C:\xampp\htdocs\smart-asset-management\frontend\node_modules\css-tree\lib\generator","generator"
"C:\xampp\htdocs\smart-asset-management\frontend\node_modules\css-tree\lib\lexer","lexer"
"C:\xampp\htdocs\smart-asset-management\frontend\node_modules\css-tree\lib\parser","parser"
"C:\xampp\htdocs\smart-asset-management\frontend\node_modules\css-tree\lib\syntax","syntax"
"C:\xampp\htdocs\smart-asset-management\frontend\node_modules\css-tree\lib\syntax\atrule","atrule"
"C:\xampp\htdocs\smart-asset-management\frontend\node_modules\css-tree\lib\syntax\config","config"
"C:\xampp\htdocs\smart-asset-management\frontend\node_modules\css-tree\lib\syntax\function","function"
"C:\xampp\htdocs\smart-asset-management\frontend\node_modules\css-tree\lib\syntax\node","node"
"C:\xampp\htdocs\smart-asset-management\frontend\node_modules\css-tree\lib\syntax\pseudo","pseudo"
"C:\xampp\htdocs\smart-asset-management\frontend\node_modules\css-tree\lib\syntax\pseudo\common","common"
"C:\xampp\htdocs\smart-asset-management\frontend\node_modules\css-tree\lib\syntax\scope","scope"
"C:\xampp\htdocs\smart-asset-management\frontend\node_modules\css-tree\lib\tokenizer","tokenizer"
"C:\xampp\htdocs\smart-asset-management\frontend\node_modules\css-tree\lib\utils","utils"
"C:\xampp\htdocs\smart-asset-management\frontend\node_modules\css-tree\lib\walker","walker"
"C:\xampp\htdocs\smart-asset-management\frontend\node_modules\css-tree\node_modules","node_modules"
"C:\xampp\htdocs\smart-asset-management\frontend\node_modules\css-tree\node_modules\source-map","source-map"
"C:\xampp\htdocs\smart-asset-management\frontend\node_modules\css-tree\node_modules\source-map\dist","dist"
"C:\xampp\htdocs\smart-asset-management\frontend\node_modules\css-tree\node_modules\source-map\lib","lib"
"C:\xampp\htdocs\smart-asset-management\frontend\node_modules\css-what","css-what"
"C:\xampp\htdocs\smart-asset-management\frontend\node_modules\css-what\lib","lib"
"C:\xampp\htdocs\smart-asset-management\frontend\node_modules\css-what\lib\commonjs","commonjs"
"C:\xampp\htdocs\smart-asset-management\frontend\node_modules\css-what\lib\es","es"
"C:\xampp\htdocs\smart-asset-management\frontend\node_modules\damerau-levenshtein","damerau-levenshtein"
"C:\xampp\htdocs\smart-asset-management\frontend\node_modules\damerau-levenshtein\scripts","scripts"
"C:\xampp\htdocs\smart-asset-management\frontend\node_modules\damerau-levenshtein\test","test"
"C:\xampp\htdocs\smart-asset-management\frontend\node_modules\data-urls","data-urls"
"C:\xampp\htdocs\smart-asset-management\frontend\node_modules\data-urls\lib","lib"
"C:\xampp\htdocs\smart-asset-management\frontend\node_modules\data-view-buffer","data-view-buffer"
"C:\xampp\htdocs\smart-asset-management\frontend\node_modules\data-view-buffer\.github",".github"
"C:\xampp\htdocs\smart-asset-management\frontend\node_modules\data-view-buffer\test","test"
"C:\xampp\htdocs\smart-asset-management\frontend\node_modules\data-view-byte-length","data-view-byte-length"
"C:\xampp\htdocs\smart-asset-management\frontend\node_modules\data-view-byte-length\.github",".github"
"C:\xampp\htdocs\smart-asset-management\frontend\node_modules\data-view-byte-length\test","test"
"C:\xampp\htdocs\smart-asset-management\frontend\node_modules\data-view-byte-offset","data-view-byte-offset"
"C:\xampp\htdocs\smart-asset-management\frontend\node_modules\data-view-byte-offset\.github",".github"
"C:\xampp\htdocs\smart-asset-management\frontend\node_modules\data-view-byte-offset\test","test"
"C:\xampp\htdocs\smart-asset-management\frontend\node_modules\debug","debug"
"C:\xampp\htdocs\smart-asset-management\frontend\node_modules\debug\src","src"
"C:\xampp\htdocs\smart-asset-management\frontend\node_modules\decimal.js","decimal.js"
"C:\xampp\htdocs\smart-asset-management\frontend\node_modules\dedent","dedent"
"C:\xampp\htdocs\smart-asset-management\frontend\node_modules\dedent\dist","dist"
"C:\xampp\htdocs\smart-asset-management\frontend\node_modules\deep-is","deep-is"
"C:\xampp\htdocs\smart-asset-management\frontend\node_modules\deep-is\example","example"
"C:\xampp\htdocs\smart-asset-management\frontend\node_modules\deep-is\test","test"
"C:\xampp\htdocs\smart-asset-management\frontend\node_modules\deepmerge","deepmerge"
"C:\xampp\htdocs\smart-asset-management\frontend\node_modules\deepmerge\dist","dist"
"C:\xampp\htdocs\smart-asset-management\frontend\node_modules\default-gateway","default-gateway"
"C:\xampp\htdocs\smart-asset-management\frontend\node_modules\define-data-property","define-data-property"
"C:\xampp\htdocs\smart-asset-management\frontend\node_modules\define-data-property\.github",".github"
"C:\xampp\htdocs\smart-asset-management\frontend\node_modules\define-data-property\test","test"
"C:\xampp\htdocs\smart-asset-management\frontend\node_modules\define-lazy-prop","define-lazy-prop"
"C:\xampp\htdocs\smart-asset-management\frontend\node_modules\define-properties","define-properties"
"C:\xampp\htdocs\smart-asset-management\frontend\node_modules\define-properties\.github",".github"
"C:\xampp\htdocs\smart-asset-management\frontend\node_modules\delayed-stream","delayed-stream"
"C:\xampp\htdocs\smart-asset-management\frontend\node_modules\delayed-stream\lib","lib"
"C:\xampp\htdocs\smart-asset-management\frontend\node_modules\depd","depd"
"C:\xampp\htdocs\smart-asset-management\frontend\node_modules\depd\lib","lib"
"C:\xampp\htdocs\smart-asset-management\frontend\node_modules\depd\lib\browser","browser"
"C:\xampp\htdocs\smart-asset-management\frontend\node_modules\dequal","dequal"
"C:\xampp\htdocs\smart-asset-management\frontend\node_modules\dequal\dist","dist"
"C:\xampp\htdocs\smart-asset-management\frontend\node_modules\dequal\lite","lite"
"C:\xampp\htdocs\smart-asset-management\frontend\node_modules\destroy","destroy"
"C:\xampp\htdocs\smart-asset-management\frontend\node_modules\detect-newline","detect-newline"
"C:\xampp\htdocs\smart-asset-management\frontend\node_modules\detect-node","detect-node"
"C:\xampp\htdocs\smart-asset-management\frontend\node_modules\detect-port-alt","detect-port-alt"
"C:\xampp\htdocs\smart-asset-management\frontend\node_modules\detect-port-alt\.vscode",".vscode"
"C:\xampp\htdocs\smart-asset-management\frontend\node_modules\detect-port-alt\bin","bin"
"C:\xampp\htdocs\smart-asset-management\frontend\node_modules\detect-port-alt\lib","lib"
"C:\xampp\htdocs\smart-asset-management\frontend\node_modules\detect-port-alt\node_modules","node_modules"
"C:\xampp\htdocs\smart-asset-management\frontend\node_modules\detect-port-alt\node_modules\debug","debug"
"C:\xampp\htdocs\smart-asset-management\frontend\node_modules\detect-port-alt\node_modules\debug\src","src"
"C:\xampp\htdocs\smart-asset-management\frontend\node_modules\detect-port-alt\node_modules\ms","ms"
"C:\xampp\htdocs\smart-asset-management\frontend\node_modules\didyoumean","didyoumean"
"C:\xampp\htdocs\smart-asset-management\frontend\node_modules\diff-sequences","diff-sequences"
"C:\xampp\htdocs\smart-asset-management\frontend\node_modules\diff-sequences\build","build"
"C:\xampp\htdocs\smart-asset-management\frontend\node_modules\diff-sequences\perf","perf"
"C:\xampp\htdocs\smart-asset-management\frontend\node_modules\dir-glob","dir-glob"
"C:\xampp\htdocs\smart-asset-management\frontend\node_modules\dlv","dlv"
"C:\xampp\htdocs\smart-asset-management\frontend\node_modules\dlv\dist","dist"
"C:\xampp\htdocs\smart-asset-management\frontend\node_modules\dns-packet","dns-packet"
"C:\xampp\htdocs\smart-asset-management\frontend\node_modules\doctrine","doctrine"
"C:\xampp\htdocs\smart-asset-management\frontend\node_modules\doctrine\lib","lib"
"C:\xampp\htdocs\smart-asset-management\frontend\node_modules\dom-accessibility-api","dom-accessibility-api"
"C:\xampp\htdocs\smart-asset-management\frontend\node_modules\dom-accessibility-api\dist","dist"
"C:\xampp\htdocs\smart-asset-management\frontend\node_modules\dom-accessibility-api\dist\polyfills","polyfills"
"C:\xampp\htdocs\smart-asset-management\frontend\node_modules\dom-converter","dom-converter"
"C:\xampp\htdocs\smart-asset-management\frontend\node_modules\dom-converter\lib","lib"
"C:\xampp\htdocs\smart-asset-management\frontend\node_modules\domelementtype","domelementtype"
"C:\xampp\htdocs\smart-asset-management\frontend\node_modules\domelementtype\lib","lib"
"C:\xampp\htdocs\smart-asset-management\frontend\node_modules\domelementtype\lib\esm","esm"
"C:\xampp\htdocs\smart-asset-management\frontend\node_modules\domexception","domexception"
"C:\xampp\htdocs\smart-asset-management\frontend\node_modules\domexception\lib","lib"
"C:\xampp\htdocs\smart-asset-management\frontend\node_modules\domexception\node_modules","node_modules"
"C:\xampp\htdocs\smart-asset-management\frontend\node_modules\domexception\node_modules\webidl-conversions","webidl-conversions"
"C:\xampp\htdocs\smart-asset-management\frontend\node_modules\domexception\node_modules\webidl-conversions\lib","lib"
"C:\xampp\htdocs\smart-asset-management\frontend\node_modules\domhandler","domhandler"
"C:\xampp\htdocs\smart-asset-management\frontend\node_modules\domhandler\lib","lib"
"C:\xampp\htdocs\smart-asset-management\frontend\node_modules\dompurify","dompurify"
"C:\xampp\htdocs\smart-asset-management\frontend\node_modules\dompurify\dist","dist"
"C:\xampp\htdocs\smart-asset-management\frontend\node_modules\dompurify\src","src"
"C:\xampp\htdocs\smart-asset-management\frontend\node_modules\dom-serializer","dom-serializer"
"C:\xampp\htdocs\smart-asset-management\frontend\node_modules\dom-serializer\lib","lib"
"C:\xampp\htdocs\smart-asset-management\frontend\node_modules\dom-serializer\lib\esm","esm"
"C:\xampp\htdocs\smart-asset-management\frontend\node_modules\domutils","domutils"
"C:\xampp\htdocs\smart-asset-management\frontend\node_modules\domutils\lib","lib"
"C:\xampp\htdocs\smart-asset-management\frontend\node_modules\dot-case","dot-case"
"C:\xampp\htdocs\smart-asset-management\frontend\node_modules\dot-case\dist","dist"
"C:\xampp\htdocs\smart-asset-management\frontend\node_modules\dot-case\dist.es2015","dist.es2015"
"C:\xampp\htdocs\smart-asset-management\frontend\node_modules\dotenv","dotenv"
"C:\xampp\htdocs\smart-asset-management\frontend\node_modules\dotenv\lib","lib"
"C:\xampp\htdocs\smart-asset-management\frontend\node_modules\dotenv\types","types"
"C:\xampp\htdocs\smart-asset-management\frontend\node_modules\dotenv-expand","dotenv-expand"
"C:\xampp\htdocs\smart-asset-management\frontend\node_modules\dotenv-expand\lib","lib"
"C:\xampp\htdocs\smart-asset-management\frontend\node_modules\dunder-proto","dunder-proto"
"C:\xampp\htdocs\smart-asset-management\frontend\node_modules\dunder-proto\.github",".github"
"C:\xampp\htdocs\smart-asset-management\frontend\node_modules\dunder-proto\test","test"
"C:\xampp\htdocs\smart-asset-management\frontend\node_modules\duplexer","duplexer"
"C:\xampp\htdocs\smart-asset-management\frontend\node_modules\duplexer\test","test"
"C:\xampp\htdocs\smart-asset-management\frontend\node_modules\ee-first","ee-first"
"C:\xampp\htdocs\smart-asset-management\frontend\node_modules\ejs","ejs"
"C:\xampp\htdocs\smart-asset-management\frontend\node_modules\ejs\bin","bin"
"C:\xampp\htdocs\smart-asset-management\frontend\node_modules\ejs\lib","lib"
"C:\xampp\htdocs\smart-asset-management\frontend\node_modules\electron-to-chromium","electron-to-chromium"
"C:\xampp\htdocs\smart-asset-management\frontend\node_modules\emittery","emittery"
"C:\xampp\htdocs\smart-asset-management\frontend\node_modules\emoji-regex","emoji-regex"
"C:\xampp\htdocs\smart-asset-management\frontend\node_modules\emoji-regex\es2015","es2015"
"C:\xampp\htdocs\smart-asset-management\frontend\node_modules\emojis-list","emojis-list"
"C:\xampp\htdocs\smart-asset-management\frontend\node_modules\encodeurl","encodeurl"
"C:\xampp\htdocs\smart-asset-management\frontend\node_modules\enhanced-resolve","enhanced-resolve"
"C:\xampp\htdocs\smart-asset-management\frontend\node_modules\enhanced-resolve\lib","lib"
"C:\xampp\htdocs\smart-asset-management\frontend\node_modules\enhanced-resolve\lib\util","util"
"C:\xampp\htdocs\smart-asset-management\frontend\node_modules\entities","entities"
"C:\xampp\htdocs\smart-asset-management\frontend\node_modules\entities\lib","lib"
"C:\xampp\htdocs\smart-asset-management\frontend\node_modules\entities\lib\maps","maps"
"C:\xampp\htdocs\smart-asset-management\frontend\node_modules\error-ex","error-ex"
"C:\xampp\htdocs\smart-asset-management\frontend\node_modules\error-stack-parser","error-stack-parser"
"C:\xampp\htdocs\smart-asset-management\frontend\node_modules\error-stack-parser\dist","dist"
"C:\xampp\htdocs\smart-asset-management\frontend\node_modules\es-abstract","es-abstract"
"C:\xampp\htdocs\smart-asset-management\frontend\node_modules\es-abstract\2015","2015"
"C:\xampp\htdocs\smart-asset-management\frontend\node_modules\es-abstract\2015\tables","tables"
"C:\xampp\htdocs\smart-asset-management\frontend\node_modules\es-abstract\2016","2016"
"C:\xampp\htdocs\smart-asset-management\frontend\node_modules\es-abstract\2016\tables","tables"
"C:\xampp\htdocs\smart-asset-management\frontend\node_modules\es-abstract\2017","2017"
"C:\xampp\htdocs\smart-asset-management\frontend\node_modules\es-abstract\2017\tables","tables"
"C:\xampp\htdocs\smart-asset-management\frontend\node_modules\es-abstract\2018","2018"
"C:\xampp\htdocs\smart-asset-management\frontend\node_modules\es-abstract\2018\tables","tables"
"C:\xampp\htdocs\smart-asset-management\frontend\node_modules\es-abstract\2019","2019"
"C:\xampp\htdocs\smart-asset-management\frontend\node_modules\es-abstract\2019\tables","tables"
"C:\xampp\htdocs\smart-asset-management\frontend\node_modules\es-abstract\2020","2020"
"C:\xampp\htdocs\smart-asset-management\frontend\node_modules\es-abstract\2020\BigInt","BigInt"
"C:\xampp\htdocs\smart-asset-management\frontend\node_modules\es-abstract\2020\Number","Number"
"C:\xampp\htdocs\smart-asset-management\frontend\node_modules\es-abstract\2020\tables","tables"
"C:\xampp\htdocs\smart-asset-management\frontend\node_modules\es-abstract\2021","2021"
"C:\xampp\htdocs\smart-asset-management\frontend\node_modules\es-abstract\2021\BigInt","BigInt"
"C:\xampp\htdocs\smart-asset-management\frontend\node_modules\es-abstract\2021\Number","Number"
"C:\xampp\htdocs\smart-asset-management\frontend\node_modules\es-abstract\2021\tables","tables"
"C:\xampp\htdocs\smart-asset-management\frontend\node_modules\es-abstract\2022","2022"
"C:\xampp\htdocs\smart-asset-management\frontend\node_modules\es-abstract\2022\BigInt","BigInt"
"C:\xampp\htdocs\smart-asset-management\frontend\node_modules\es-abstract\2022\Number","Number"
"C:\xampp\htdocs\smart-asset-management\frontend\node_modules\es-abstract\2022\tables","tables"
"C:\xampp\htdocs\smart-asset-management\frontend\node_modules\es-abstract\2023","2023"
"C:\xampp\htdocs\smart-asset-management\frontend\node_modules\es-abstract\2023\BigInt","BigInt"
"C:\xampp\htdocs\smart-asset-management\frontend\node_modules\es-abstract\2023\Number","Number"
"C:\xampp\htdocs\smart-asset-management\frontend\node_modules\es-abstract\2023\tables","tables"
"C:\xampp\htdocs\smart-asset-management\frontend\node_modules\es-abstract\2024","2024"
"C:\xampp\htdocs\smart-asset-management\frontend\node_modules\es-abstract\2024\BigInt","BigInt"
"C:\xampp\htdocs\smart-asset-management\frontend\node_modules\es-abstract\2024\Number","Number"
"C:\xampp\htdocs\smart-asset-management\frontend\node_modules\es-abstract\2024\tables","tables"
"C:\xampp\htdocs\smart-asset-management\frontend\node_modules\es-abstract\2025","2025"
"C:\xampp\htdocs\smart-asset-management\frontend\node_modules\es-abstract\2025\BigInt","BigInt"
"C:\xampp\htdocs\smart-asset-management\frontend\node_modules\es-abstract\2025\Number","Number"
"C:\xampp\htdocs\smart-asset-management\frontend\node_modules\es-abstract\2025\tables","tables"
"C:\xampp\htdocs\smart-asset-management\frontend\node_modules\es-abstract\5","5"
"C:\xampp\htdocs\smart-asset-management\frontend\node_modules\es-abstract\helpers","helpers"
"C:\xampp\htdocs\smart-asset-management\frontend\node_modules\es-abstract\helpers\records","records"
"C:\xampp\htdocs\smart-asset-management\frontend\node_modules\es-abstract\operations","operations"
"C:\xampp\htdocs\smart-asset-management\frontend\node_modules\es-abstract-get","es-abstract-get"
"C:\xampp\htdocs\smart-asset-management\frontend\node_modules\es-abstract-get\.github",".github"
"C:\xampp\htdocs\smart-asset-management\frontend\node_modules\es-abstract-get\test","test"
"C:\xampp\htdocs\smart-asset-management\frontend\node_modules\es-array-method-boxes-properly","es-array-method-boxes-properly"
"C:\xampp\htdocs\smart-asset-management\frontend\node_modules\es-array-method-boxes-properly\.github",".github"
"C:\xampp\htdocs\smart-asset-management\frontend\node_modules\es-array-method-boxes-properly\test","test"
"C:\xampp\htdocs\smart-asset-management\frontend\node_modules\escalade","escalade"
"C:\xampp\htdocs\smart-asset-management\frontend\node_modules\escalade\dist","dist"
"C:\xampp\htdocs\smart-asset-management\frontend\node_modules\escalade\sync","sync"
"C:\xampp\htdocs\smart-asset-management\frontend\node_modules\escape-html","escape-html"
"C:\xampp\htdocs\smart-asset-management\frontend\node_modules\escape-string-regexp","escape-string-regexp"
"C:\xampp\htdocs\smart-asset-management\frontend\node_modules\escodegen","escodegen"
"C:\xampp\htdocs\smart-asset-management\frontend\node_modules\escodegen\bin","bin"
"C:\xampp\htdocs\smart-asset-management\frontend\node_modules\escodegen\node_modules","node_modules"
"C:\xampp\htdocs\smart-asset-management\frontend\node_modules\escodegen\node_modules\source-map","source-map"
"C:\xampp\htdocs\smart-asset-management\frontend\node_modules\escodegen\node_modules\source-map\dist","dist"
"C:\xampp\htdocs\smart-asset-management\frontend\node_modules\escodegen\node_modules\source-map\lib","lib"
"C:\xampp\htdocs\smart-asset-management\frontend\node_modules\es-define-property","es-define-property"
"C:\xampp\htdocs\smart-asset-management\frontend\node_modules\es-define-property\.github",".github"
"C:\xampp\htdocs\smart-asset-management\frontend\node_modules\es-define-property\test","test"
"C:\xampp\htdocs\smart-asset-management\frontend\node_modules\es-errors","es-errors"
"C:\xampp\htdocs\smart-asset-management\frontend\node_modules\es-errors\.github",".github"
"C:\xampp\htdocs\smart-asset-management\frontend\node_modules\es-errors\test","test"
"C:\xampp\htdocs\smart-asset-management\frontend\node_modules\es-iterator-helpers","es-iterator-helpers"
"C:\xampp\htdocs\smart-asset-management\frontend\node_modules\es-iterator-helpers\.github",".github"
"C:\xampp\htdocs\smart-asset-management\frontend\node_modules\es-iterator-helpers\aos","aos"
"C:\xampp\htdocs\smart-asset-management\frontend\node_modules\es-iterator-helpers\Iterator","Iterator"
"C:\xampp\htdocs\smart-asset-management\frontend\node_modules\es-iterator-helpers\Iterator.concat","Iterator.concat"
"C:\xampp\htdocs\smart-asset-management\frontend\node_modules\es-iterator-helpers\Iterator.from","Iterator.from"
"C:\xampp\htdocs\smart-asset-management\frontend\node_modules\es-iterator-helpers\Iterator.prototype","Iterator.prototype"
"C:\xampp\htdocs\smart-asset-management\frontend\node_modules\es-iterator-helpers\Iterator.prototype.chunks","Iterator.prototype.chunks"
"C:\xampp\htdocs\smart-asset-management\frontend\node_modules\es-iterator-helpers\Iterator.prototype.constructor","Iterator.prototype.constructor"
"C:\xampp\htdocs\smart-asset-management\frontend\node_modules\es-iterator-helpers\Iterator.prototype.drop","Iterator.prototype.drop"
"C:\xampp\htdocs\smart-asset-management\frontend\node_modules\es-iterator-helpers\Iterator.prototype.every","Iterator.prototype.every"
"C:\xampp\htdocs\smart-asset-management\frontend\node_modules\es-iterator-helpers\Iterator.prototype.filter","Iterator.prototype.filter"
"C:\xampp\htdocs\smart-asset-management\frontend\node_modules\es-iterator-helpers\Iterator.prototype.find","Iterator.prototype.find"
"C:\xampp\htdocs\smart-asset-management\frontend\node_modules\es-iterator-helpers\Iterator.prototype.flatMap","Iterator.prototype.flatMap"
"C:\xampp\htdocs\smart-asset-management\frontend\node_modules\es-iterator-helpers\Iterator.prototype.forEach","Iterator.prototype.forEach"
"C:\xampp\htdocs\smart-asset-management\frontend\node_modules\es-iterator-helpers\Iterator.prototype.includes","Iterator.prototype.includes"
"C:\xampp\htdocs\smart-asset-management\frontend\node_modules\es-iterator-helpers\Iterator.prototype.join","Iterator.prototype.join"
"C:\xampp\htdocs\smart-asset-management\frontend\node_modules\es-iterator-helpers\Iterator.prototype.map","Iterator.prototype.map"
"C:\xampp\htdocs\smart-asset-management\frontend\node_modules\es-iterator-helpers\Iterator.prototype.reduce","Iterator.prototype.reduce"
"C:\xampp\htdocs\smart-asset-management\frontend\node_modules\es-iterator-helpers\Iterator.prototype.some","Iterator.prototype.some"
"C:\xampp\htdocs\smart-asset-management\frontend\node_modules\es-iterator-helpers\Iterator.prototype.take","Iterator.prototype.take"
"C:\xampp\htdocs\smart-asset-management\frontend\node_modules\es-iterator-helpers\Iterator.prototype.toArray","Iterator.prototype.toArray"
"C:\xampp\htdocs\smart-asset-management\frontend\node_modules\es-iterator-helpers\Iterator.prototype.windows","Iterator.prototype.windows"
"C:\xampp\htdocs\smart-asset-management\frontend\node_modules\es-iterator-helpers\Iterator.zip","Iterator.zip"
"C:\xampp\htdocs\smart-asset-management\frontend\node_modules\es-iterator-helpers\Iterator.zipKeyed","Iterator.zipKeyed"
"C:\xampp\htdocs\smart-asset-management\frontend\node_modules\es-iterator-helpers\IteratorHelperPrototype","IteratorHelperPrototype"
"C:\xampp\htdocs\smart-asset-management\frontend\node_modules\es-iterator-helpers\test","test"
"C:\xampp\htdocs\smart-asset-management\frontend\node_modules\es-iterator-helpers\test\helpers","helpers"
"C:\xampp\htdocs\smart-asset-management\frontend\node_modules\es-iterator-helpers\WrapForValidIteratorPrototype","WrapForValidIteratorPrototype"
"C:\xampp\htdocs\smart-asset-management\frontend\node_modules\eslint","eslint"
"C:\xampp\htdocs\smart-asset-management\frontend\node_modules\eslint\bin","bin"
"C:\xampp\htdocs\smart-asset-management\frontend\node_modules\eslint\conf","conf"
"C:\xampp\htdocs\smart-asset-management\frontend\node_modules\eslint\lib","lib"
"C:\xampp\htdocs\smart-asset-management\frontend\node_modules\eslint\lib\cli-engine","cli-engine"
"C:\xampp\htdocs\smart-asset-management\frontend\node_modules\eslint\lib\cli-engine\formatters","formatters"
"C:\xampp\htdocs\smart-asset-management\frontend\node_modules\eslint\lib\config","config"
"C:\xampp\htdocs\smart-asset-management\frontend\node_modules\eslint\lib\eslint","eslint"
"C:\xampp\htdocs\smart-asset-management\frontend\node_modules\eslint\lib\linter","linter"
"C:\xampp\htdocs\smart-asset-management\frontend\node_modules\eslint\lib\linter\code-path-analysis","code-path-analysis"
"C:\xampp\htdocs\smart-asset-management\frontend\node_modules\eslint\lib\rules","rules"
"C:\xampp\htdocs\smart-asset-management\frontend\node_modules\eslint\lib\rules\utils","utils"
"C:\xampp\htdocs\smart-asset-management\frontend\node_modules\eslint\lib\rules\utils\patterns","patterns"
"C:\xampp\htdocs\smart-asset-management\frontend\node_modules\eslint\lib\rules\utils\unicode","unicode"
"C:\xampp\htdocs\smart-asset-management\frontend\node_modules\eslint\lib\rule-tester","rule-tester"
"C:\xampp\htdocs\smart-asset-management\frontend\node_modules\eslint\lib\shared","shared"
"C:\xampp\htdocs\smart-asset-management\frontend\node_modules\eslint\lib\source-code","source-code"
"C:\xampp\htdocs\smart-asset-management\frontend\node_modules\eslint\lib\source-code\token-store","token-store"
"C:\xampp\htdocs\smart-asset-management\frontend\node_modules\eslint\messages","messages"
"C:\xampp\htdocs\smart-asset-management\frontend\node_modules\eslint\node_modules","node_modules"
"C:\xampp\htdocs\smart-asset-management\frontend\node_modules\eslint\node_modules\.bin",".bin"
"C:\xampp\htdocs\smart-asset-management\frontend\node_modules\eslint\node_modules\argparse","argparse"
"C:\xampp\htdocs\smart-asset-management\frontend\node_modules\eslint\node_modules\argparse\lib","lib"
"C:\xampp\htdocs\smart-asset-management\frontend\node_modules\eslint\node_modules\find-up","find-up"
"C:\xampp\htdocs\smart-asset-management\frontend\node_modules\eslint\node_modules\js-yaml","js-yaml"
"C:\xampp\htdocs\smart-asset-management\frontend\node_modules\eslint\node_modules\js-yaml\bin","bin"
"C:\xampp\htdocs\smart-asset-management\frontend\node_modules\eslint\node_modules\js-yaml\dist","dist"
"C:\xampp\htdocs\smart-asset-management\frontend\node_modules\eslint\node_modules\js-yaml\lib","lib"
"C:\xampp\htdocs\smart-asset-management\frontend\node_modules\eslint\node_modules\js-yaml\lib\schema","schema"
"C:\xampp\htdocs\smart-asset-management\frontend\node_modules\eslint\node_modules\js-yaml\lib\type","type"
"C:\xampp\htdocs\smart-asset-management\frontend\node_modules\eslint\node_modules\locate-path","locate-path"
"C:\xampp\htdocs\smart-asset-management\frontend\node_modules\eslint\node_modules\p-limit","p-limit"
"C:\xampp\htdocs\smart-asset-management\frontend\node_modules\eslint\node_modules\p-locate","p-locate"
"C:\xampp\htdocs\smart-asset-management\frontend\node_modules\eslint-config-react-app","eslint-config-react-app"
"C:\xampp\htdocs\smart-asset-management\frontend\node_modules\eslint-import-resolver-node","eslint-import-resolver-node"
"C:\xampp\htdocs\smart-asset-management\frontend\node_modules\eslint-import-resolver-node\node_modules","node_modules"
"C:\xampp\htdocs\smart-asset-management\frontend\node_modules\eslint-import-resolver-node\node_modules\.bin",".bin"
"C:\xampp\htdocs\smart-asset-management\frontend\node_modules\eslint-import-resolver-node\node_modules\debug","debug"
"C:\xampp\htdocs\smart-asset-management\frontend\node_modules\eslint-import-resolver-node\node_modules\debug\src","src"
"C:\xampp\htdocs\smart-asset-management\frontend\node_modules\eslint-import-resolver-node\node_modules\resolve","resolve"
"C:\xampp\htdocs\smart-asset-management\frontend\node_modules\eslint-import-resolver-node\node_modules\resolve\.github",".github"
"C:\xampp\htdocs\smart-asset-management\frontend\node_modules\eslint-import-resolver-node\node_modules\resolve\bin","bin"
"C:\xampp\htdocs\smart-asset-management\frontend\node_modules\eslint-import-resolver-node\node_modules\resolve\example","example"
"C:\xampp\htdocs\smart-asset-management\frontend\node_modules\eslint-import-resolver-node\node_modules\resolve\lib","lib"
"C:\xampp\htdocs\smart-asset-management\frontend\node_modules\eslint-import-resolver-node\node_modules\resolve\test","test"
"C:\xampp\htdocs\smart-asset-management\frontend\node_modules\eslint-import-resolver-node\node_modules\resolve\test\dotdot","dotdot"
"C:\xampp\htdocs\smart-asset-management\frontend\node_modules\eslint-import-resolver-node\node_modules\resolve\test\dotdot\abc","abc"
"C:\xampp\htdocs\smart-asset-management\frontend\node_modules\eslint-import-resolver-node\node_modules\resolve\test\module_dir","module_dir"
"C:\xampp\htdocs\smart-asset-management\frontend\node_modules\eslint-import-resolver-node\node_modules\resolve\test\module_dir\xmodules","xmodules"
"C:\xampp\htdocs\smart-asset-management\frontend\node_modules\eslint-import-resolver-node\node_modules\resolve\test\module_dir\xmodules\aaa","aaa"
"C:\xampp\htdocs\smart-asset-management\frontend\node_modules\eslint-import-resolver-node\node_modules\resolve\test\module_dir\ymodules","ymodules"
"C:\xampp\htdocs\smart-asset-management\frontend\node_modules\eslint-import-resolver-node\node_modules\resolve\test\module_dir\ymodules\aaa","aaa"
"C:\xampp\htdocs\smart-asset-management\frontend\node_modules\eslint-import-resolver-node\node_modules\resolve\test\module_dir\zmodules","zmodules"
"C:\xampp\htdocs\smart-asset-management\frontend\node_modules\eslint-import-resolver-node\node_modules\resolve\test\module_dir\zmodules\bbb","bbb"
"C:\xampp\htdocs\smart-asset-management\frontend\node_modules\eslint-import-resolver-node\node_modules\resolve\test\node_path","node_path"
"C:\xampp\htdocs\smart-asset-management\frontend\node_modules\eslint-import-resolver-node\node_modules\resolve\test\node_path\x","x"
"C:\xampp\htdocs\smart-asset-management\frontend\node_modules\eslint-import-resolver-node\node_modules\resolve\test\node_path\x\aaa","aaa"
"C:\xampp\htdocs\smart-asset-management\frontend\node_modules\eslint-import-resolver-node\node_modules\resolve\test\node_path\x\ccc","ccc"
"C:\xampp\htdocs\smart-asset-management\frontend\node_modules\eslint-import-resolver-node\node_modules\resolve\test\node_path\y","y"
"C:\xampp\htdocs\smart-asset-management\frontend\node_modules\eslint-import-resolver-node\node_modules\resolve\test\node_path\y\bbb","bbb"
"C:\xampp\htdocs\smart-asset-management\frontend\node_modules\eslint-import-resolver-node\node_modules\resolve\test\node_path\y\ccc","ccc"
"C:\xampp\htdocs\smart-asset-management\frontend\node_modules\eslint-import-resolver-node\node_modules\resolve\test\pathfilter","pathfilter"
"C:\xampp\htdocs\smart-asset-management\frontend\node_modules\eslint-import-resolver-node\node_modules\resolve\test\pathfilter\deep_ref","deep_ref"
"C:\xampp\htdocs\smart-asset-management\frontend\node_modules\eslint-import-resolver-node\node_modules\resolve\test\precedence","precedence"
"C:\xampp\htdocs\smart-asset-management\frontend\node_modules\eslint-import-resolver-node\node_modules\resolve\test\precedence\aaa","aaa"
"C:\xampp\htdocs\smart-asset-management\frontend\node_modules\eslint-import-resolver-node\node_modules\resolve\test\precedence\bbb","bbb"
"C:\xampp\htdocs\smart-asset-management\frontend\node_modules\eslint-import-resolver-node\node_modules\resolve\test\resolver","resolver"
"C:\xampp\htdocs\smart-asset-management\frontend\node_modules\eslint-import-resolver-node\node_modules\resolve\test\resolver\baz","baz"
"C:\xampp\htdocs\smart-asset-management\frontend\node_modules\eslint-import-resolver-node\node_modules\resolve\test\resolver\browser_field","browser_field"
"C:\xampp\htdocs\smart-asset-management\frontend\node_modules\eslint-import-resolver-node\node_modules\resolve\test\resolver\dot_main","dot_main"
"C:\xampp\htdocs\smart-asset-management\frontend\node_modules\eslint-import-resolver-node\node_modules\resolve\test\resolver\dot_slash_main","dot_slash_main"
"C:\xampp\htdocs\smart-asset-management\frontend\node_modules\eslint-import-resolver-node\node_modules\resolve\test\resolver\empty_main","empty_main"
"C:\xampp\htdocs\smart-asset-management\frontend\node_modules\eslint-import-resolver-node\node_modules\resolve\test\resolver\false_main","false_main"
"C:\xampp\htdocs\smart-asset-management\frontend\node_modules\eslint-import-resolver-node\node_modules\resolve\test\resolver\incorrect_main","incorrect_main"
"C:\xampp\htdocs\smart-asset-management\frontend\node_modules\eslint-import-resolver-node\node_modules\resolve\test\resolver\invalid_main","invalid_main"
"C:\xampp\htdocs\smart-asset-management\frontend\node_modules\eslint-import-resolver-node\node_modules\resolve\test\resolver\missing_index","missing_index"
"C:\xampp\htdocs\smart-asset-management\frontend\node_modules\eslint-import-resolver-node\node_modules\resolve\test\resolver\missing_main","missing_main"
"C:\xampp\htdocs\smart-asset-management\frontend\node_modules\eslint-import-resolver-node\node_modules\resolve\test\resolver\multirepo","multirepo"
"C:\xampp\htdocs\smart-asset-management\frontend\node_modules\eslint-import-resolver-node\node_modules\resolve\test\resolver\multirepo\packages","packages"
"C:\xampp\htdocs\smart-asset-management\frontend\node_modules\eslint-import-resolver-node\node_modules\resolve\test\resolver\multirepo\packages\package-a","package-a"
"C:\xampp\htdocs\smart-asset-management\frontend\node_modules\eslint-import-resolver-node\node_modules\resolve\test\resolver\multirepo\packages\package-b","package-b"
"C:\xampp\htdocs\smart-asset-management\frontend\node_modules\eslint-import-resolver-node\node_modules\resolve\test\resolver\nested_symlinks","nested_symlinks"
"C:\xampp\htdocs\smart-asset-management\frontend\node_modules\eslint-import-resolver-node\node_modules\resolve\test\resolver\nested_symlinks\mylib","mylib"
"C:\xampp\htdocs\smart-asset-management\frontend\node_modules\eslint-import-resolver-node\node_modules\resolve\test\resolver\null_main","null_main"
"C:\xampp\htdocs\smart-asset-management\frontend\node_modules\eslint-import-resolver-node\node_modules\resolve\test\resolver\other_path","other_path"
"C:\xampp\htdocs\smart-asset-management\frontend\node_modules\eslint-import-resolver-node\node_modules\resolve\test\resolver\other_path\lib","lib"
"C:\xampp\htdocs\smart-asset-management\frontend\node_modules\eslint-import-resolver-node\node_modules\resolve\test\resolver\quux","quux"
"C:\xampp\htdocs\smart-asset-management\frontend\node_modules\eslint-import-resolver-node\node_modules\resolve\test\resolver\quux\foo","foo"
"C:\xampp\htdocs\smart-asset-management\frontend\node_modules\eslint-import-resolver-node\node_modules\resolve\test\resolver\same_names","same_names"
"C:\xampp\htdocs\smart-asset-management\frontend\node_modules\eslint-import-resolver-node\node_modules\resolve\test\resolver\same_names\foo","foo"
"C:\xampp\htdocs\smart-asset-management\frontend\node_modules\eslint-import-resolver-node\node_modules\resolve\test\resolver\symlinked","symlinked"
"C:\xampp\htdocs\smart-asset-management\frontend\node_modules\eslint-import-resolver-node\node_modules\resolve\test\resolver\symlinked\_","_"
"C:\xampp\htdocs\smart-asset-management\frontend\node_modules\eslint-import-resolver-node\node_modules\resolve\test\resolver\symlinked\_\node_modules","node_modules"
"C:\xampp\htdocs\smart-asset-management\frontend\node_modules\eslint-import-resolver-node\node_modules\resolve\test\resolver\symlinked\_\symlink_target","symlink_target"
"C:\xampp\htdocs\smart-asset-management\frontend\node_modules\eslint-import-resolver-node\node_modules\resolve\test\resolver\symlinked\package","package"
"C:\xampp\htdocs\smart-asset-management\frontend\node_modules\eslint-import-resolver-node\node_modules\resolve\test\resolver\without_basedir","without_basedir"
"C:\xampp\htdocs\smart-asset-management\frontend\node_modules\eslint-import-resolver-node\node_modules\resolve\test\shadowed_core","shadowed_core"
"C:\xampp\htdocs\smart-asset-management\frontend\node_modules\eslint-import-resolver-node\node_modules\resolve\test\shadowed_core\node_modules","node_modules"
"C:\xampp\htdocs\smart-asset-management\frontend\node_modules\eslint-import-resolver-node\node_modules\resolve\test\shadowed_core\node_modules\util","util"
"C:\xampp\htdocs\smart-asset-management\frontend\node_modules\eslint-module-utils","eslint-module-utils"
"C:\xampp\htdocs\smart-asset-management\frontend\node_modules\eslint-module-utils\node_modules","node_modules"
"C:\xampp\htdocs\smart-asset-management\frontend\node_modules\eslint-module-utils\node_modules\debug","debug"
"C:\xampp\htdocs\smart-asset-management\frontend\node_modules\eslint-module-utils\node_modules\debug\src","src"
"C:\xampp\htdocs\smart-asset-management\frontend\node_modules\eslint-plugin-flowtype","eslint-plugin-flowtype"
"C:\xampp\htdocs\smart-asset-management\frontend\node_modules\eslint-plugin-flowtype\dist","dist"
"C:\xampp\htdocs\smart-asset-management\frontend\node_modules\eslint-plugin-flowtype\dist\bin","bin"
"C:\xampp\htdocs\smart-asset-management\frontend\node_modules\eslint-plugin-flowtype\dist\configs","configs"
"C:\xampp\htdocs\smart-asset-management\frontend\node_modules\eslint-plugin-flowtype\dist\rules","rules"
"C:\xampp\htdocs\smart-asset-management\frontend\node_modules\eslint-plugin-flowtype\dist\rules\arrayStyle","arrayStyle"
"C:\xampp\htdocs\smart-asset-management\frontend\node_modules\eslint-plugin-flowtype\dist\rules\typeColonSpacing","typeColonSpacing"
"C:\xampp\htdocs\smart-asset-management\frontend\node_modules\eslint-plugin-flowtype\dist\utilities","utilities"
"C:\xampp\htdocs\smart-asset-management\frontend\node_modules\eslint-plugin-import","eslint-plugin-import"
"C:\xampp\htdocs\smart-asset-management\frontend\node_modules\eslint-plugin-import\config","config"
"C:\xampp\htdocs\smart-asset-management\frontend\node_modules\eslint-plugin-import\config\flat","flat"
"C:\xampp\htdocs\smart-asset-management\frontend\node_modules\eslint-plugin-import\docs","docs"
"C:\xampp\htdocs\smart-asset-management\frontend\node_modules\eslint-plugin-import\docs\rules","rules"
"C:\xampp\htdocs\smart-asset-management\frontend\node_modules\eslint-plugin-import\lib","lib"
"C:\xampp\htdocs\smart-asset-management\frontend\node_modules\eslint-plugin-import\lib\core","core"
"C:\xampp\htdocs\smart-asset-management\frontend\node_modules\eslint-plugin-import\lib\exportMap","exportMap"
"C:\xampp\htdocs\smart-asset-management\frontend\node_modules\eslint-plugin-import\lib\rules","rules"
"C:\xampp\htdocs\smart-asset-management\frontend\node_modules\eslint-plugin-import\memo-parser","memo-parser"
"C:\xampp\htdocs\smart-asset-management\frontend\node_modules\eslint-plugin-import\node_modules","node_modules"
"C:\xampp\htdocs\smart-asset-management\frontend\node_modules\eslint-plugin-import\node_modules\.bin",".bin"
"C:\xampp\htdocs\smart-asset-management\frontend\node_modules\eslint-plugin-import\node_modules\debug","debug"
"C:\xampp\htdocs\smart-asset-management\frontend\node_modules\eslint-plugin-import\node_modules\debug\src","src"
"C:\xampp\htdocs\smart-asset-management\frontend\node_modules\eslint-plugin-import\node_modules\doctrine","doctrine"
"C:\xampp\htdocs\smart-asset-management\frontend\node_modules\eslint-plugin-import\node_modules\doctrine\lib","lib"
"C:\xampp\htdocs\smart-asset-management\frontend\node_modules\eslint-plugin-import\node_modules\semver","semver"
"C:\xampp\htdocs\smart-asset-management\frontend\node_modules\eslint-plugin-import\node_modules\semver\bin","bin"
"C:\xampp\htdocs\smart-asset-management\frontend\node_modules\eslint-plugin-jest","eslint-plugin-jest"
"C:\xampp\htdocs\smart-asset-management\frontend\node_modules\eslint-plugin-jest\docs","docs"
"C:\xampp\htdocs\smart-asset-management\frontend\node_modules\eslint-plugin-jest\docs\rules","rules"
"C:\xampp\htdocs\smart-asset-management\frontend\node_modules\eslint-plugin-jest\lib","lib"
"C:\xampp\htdocs\smart-asset-management\frontend\node_modules\eslint-plugin-jest\lib\processors","processors"
"C:\xampp\htdocs\smart-asset-management\frontend\node_modules\eslint-plugin-jest\lib\rules","rules"
"C:\xampp\htdocs\smart-asset-management\frontend\node_modules\eslint-plugin-jsx-a11y","eslint-plugin-jsx-a11y"
"C:\xampp\htdocs\smart-asset-management\frontend\node_modules\eslint-plugin-jsx-a11y\__mocks__","__mocks__"
"C:\xampp\htdocs\smart-asset-management\frontend\node_modules\eslint-plugin-jsx-a11y\__tests__","__tests__"
"C:\xampp\htdocs\smart-asset-management\frontend\node_modules\eslint-plugin-jsx-a11y\__tests__\__util__","__util__"
"C:\xampp\htdocs\smart-asset-management\frontend\node_modules\eslint-plugin-jsx-a11y\__tests__\__util__\helpers","helpers"
"C:\xampp\htdocs\smart-asset-management\frontend\node_modules\eslint-plugin-jsx-a11y\__tests__\src","src"
"C:\xampp\htdocs\smart-asset-management\frontend\node_modules\eslint-plugin-jsx-a11y\__tests__\src\rules","rules"
"C:\xampp\htdocs\smart-asset-management\frontend\node_modules\eslint-plugin-jsx-a11y\__tests__\src\util","util"
"C:\xampp\htdocs\smart-asset-management\frontend\node_modules\eslint-plugin-jsx-a11y\__tests__\src\util\implicitRoles","implicitRoles"
"C:\xampp\htdocs\smart-asset-management\frontend\node_modules\eslint-plugin-jsx-a11y\docs","docs"
"C:\xampp\htdocs\smart-asset-management\frontend\node_modules\eslint-plugin-jsx-a11y\docs\rules","rules"
"C:\xampp\htdocs\smart-asset-management\frontend\node_modules\eslint-plugin-jsx-a11y\lib","lib"
"C:\xampp\htdocs\smart-asset-management\frontend\node_modules\eslint-plugin-jsx-a11y\lib\configs","configs"
"C:\xampp\htdocs\smart-asset-management\frontend\node_modules\eslint-plugin-jsx-a11y\lib\rules","rules"
"C:\xampp\htdocs\smart-asset-management\frontend\node_modules\eslint-plugin-jsx-a11y\lib\util","util"
"C:\xampp\htdocs\smart-asset-management\frontend\node_modules\eslint-plugin-jsx-a11y\lib\util\implicitRoles","implicitRoles"
"C:\xampp\htdocs\smart-asset-management\frontend\node_modules\eslint-plugin-jsx-a11y\node_modules","node_modules"
"C:\xampp\htdocs\smart-asset-management\frontend\node_modules\eslint-plugin-jsx-a11y\node_modules\aria-query","aria-query"
"C:\xampp\htdocs\smart-asset-management\frontend\node_modules\eslint-plugin-jsx-a11y\node_modules\aria-query\lib","lib"
"C:\xampp\htdocs\smart-asset-management\frontend\node_modules\eslint-plugin-jsx-a11y\node_modules\aria-query\lib\etc","etc"
"C:\xampp\htdocs\smart-asset-management\frontend\node_modules\eslint-plugin-jsx-a11y\node_modules\aria-query\lib\etc\roles","roles"
"C:\xampp\htdocs\smart-asset-management\frontend\node_modules\eslint-plugin-jsx-a11y\node_modules\aria-query\lib\etc\roles\abstract","abstract"
"C:\xampp\htdocs\smart-asset-management\frontend\node_modules\eslint-plugin-jsx-a11y\node_modules\aria-query\lib\etc\roles\dpub","dpub"
"C:\xampp\htdocs\smart-asset-management\frontend\node_modules\eslint-plugin-jsx-a11y\node_modules\aria-query\lib\etc\roles\graphics","graphics"
"C:\xampp\htdocs\smart-asset-management\frontend\node_modules\eslint-plugin-jsx-a11y\node_modules\aria-query\lib\etc\roles\literal","literal"
"C:\xampp\htdocs\smart-asset-management\frontend\node_modules\eslint-plugin-jsx-a11y\node_modules\aria-query\lib\util","util"
"C:\xampp\htdocs\smart-asset-management\frontend\node_modules\eslint-plugin-react","eslint-plugin-react"
"C:\xampp\htdocs\smart-asset-management\frontend\node_modules\eslint-plugin-react\configs","configs"
"C:\xampp\htdocs\smart-asset-management\frontend\node_modules\eslint-plugin-react\lib","lib"
"C:\xampp\htdocs\smart-asset-management\frontend\node_modules\eslint-plugin-react\lib\rules","rules"
"C:\xampp\htdocs\smart-asset-management\frontend\node_modules\eslint-plugin-react\lib\util","util"
"C:\xampp\htdocs\smart-asset-management\frontend\node_modules\eslint-plugin-react\node_modules","node_modules"
"C:\xampp\htdocs\smart-asset-management\frontend\node_modules\eslint-plugin-react\node_modules\.bin",".bin"
"C:\xampp\htdocs\smart-asset-management\frontend\node_modules\eslint-plugin-react\node_modules\doctrine","doctrine"
"C:\xampp\htdocs\smart-asset-management\frontend\node_modules\eslint-plugin-react\node_modules\doctrine\lib","lib"
"C:\xampp\htdocs\smart-asset-management\frontend\node_modules\eslint-plugin-react\node_modules\resolve","resolve"
"C:\xampp\htdocs\smart-asset-management\frontend\node_modules\eslint-plugin-react\node_modules\resolve\.github",".github"
"C:\xampp\htdocs\smart-asset-management\frontend\node_modules\eslint-plugin-react\node_modules\resolve\bin","bin"
"C:\xampp\htdocs\smart-asset-management\frontend\node_modules\eslint-plugin-react\node_modules\resolve\example","example"
"C:\xampp\htdocs\smart-asset-management\frontend\node_modules\eslint-plugin-react\node_modules\resolve\lib","lib"
"C:\xampp\htdocs\smart-asset-management\frontend\node_modules\eslint-plugin-react\node_modules\resolve\test","test"
"C:\xampp\htdocs\smart-asset-management\frontend\node_modules\eslint-plugin-react\node_modules\resolve\test\dotdot","dotdot"
"C:\xampp\htdocs\smart-asset-management\frontend\node_modules\eslint-plugin-react\node_modules\resolve\test\dotdot\abc","abc"
"C:\xampp\htdocs\smart-asset-management\frontend\node_modules\eslint-plugin-react\node_modules\resolve\test\module_dir","module_dir"
"C:\xampp\htdocs\smart-asset-management\frontend\node_modules\eslint-plugin-react\node_modules\resolve\test\module_dir\xmodules","xmodules"
"C:\xampp\htdocs\smart-asset-management\frontend\node_modules\eslint-plugin-react\node_modules\resolve\test\module_dir\xmodules\aaa","aaa"
"C:\xampp\htdocs\smart-asset-management\frontend\node_modules\eslint-plugin-react\node_modules\resolve\test\module_dir\ymodules","ymodules"
"C:\xampp\htdocs\smart-asset-management\frontend\node_modules\eslint-plugin-react\node_modules\resolve\test\module_dir\ymodules\aaa","aaa"
"C:\xampp\htdocs\smart-asset-management\frontend\node_modules\eslint-plugin-react\node_modules\resolve\test\module_dir\zmodules","zmodules"
"C:\xampp\htdocs\smart-asset-management\frontend\node_modules\eslint-plugin-react\node_modules\resolve\test\module_dir\zmodules\bbb","bbb"
"C:\xampp\htdocs\smart-asset-management\frontend\node_modules\eslint-plugin-react\node_modules\resolve\test\node_path","node_path"
"C:\xampp\htdocs\smart-asset-management\frontend\node_modules\eslint-plugin-react\node_modules\resolve\test\node_path\x","x"
"C:\xampp\htdocs\smart-asset-management\frontend\node_modules\eslint-plugin-react\node_modules\resolve\test\node_path\x\aaa","aaa"
"C:\xampp\htdocs\smart-asset-management\frontend\node_modules\eslint-plugin-react\node_modules\resolve\test\node_path\x\ccc","ccc"
"C:\xampp\htdocs\smart-asset-management\frontend\node_modules\eslint-plugin-react\node_modules\resolve\test\node_path\y","y"
"C:\xampp\htdocs\smart-asset-management\frontend\node_modules\eslint-plugin-react\node_modules\resolve\test\node_path\y\bbb","bbb"
"C:\xampp\htdocs\smart-asset-management\frontend\node_modules\eslint-plugin-react\node_modules\resolve\test\node_path\y\ccc","ccc"
"C:\xampp\htdocs\smart-asset-management\frontend\node_modules\eslint-plugin-react\node_modules\resolve\test\pathfilter","pathfilter"
"C:\xampp\htdocs\smart-asset-management\frontend\node_modules\eslint-plugin-react\node_modules\resolve\test\pathfilter\deep_ref","deep_ref"
"C:\xampp\htdocs\smart-asset-management\frontend\node_modules\eslint-plugin-react\node_modules\resolve\test\precedence","precedence"
"C:\xampp\htdocs\smart-asset-management\frontend\node_modules\eslint-plugin-react\node_modules\resolve\test\precedence\aaa","aaa"
"C:\xampp\htdocs\smart-asset-management\frontend\node_modules\eslint-plugin-react\node_modules\resolve\test\precedence\bbb","bbb"
"C:\xampp\htdocs\smart-asset-management\frontend\node_modules\eslint-plugin-react\node_modules\resolve\test\resolver","resolver"
"C:\xampp\htdocs\smart-asset-management\frontend\node_modules\eslint-plugin-react\node_modules\resolve\test\resolver\baz","baz"
"C:\xampp\htdocs\smart-asset-management\frontend\node_modules\eslint-plugin-react\node_modules\resolve\test\resolver\browser_field","browser_field"
"C:\xampp\htdocs\smart-asset-management\frontend\node_modules\eslint-plugin-react\node_modules\resolve\test\resolver\dot_main","dot_main"
"C:\xampp\htdocs\smart-asset-management\frontend\node_modules\eslint-plugin-react\node_modules\resolve\test\resolver\dot_slash_main","dot_slash_main"
"C:\xampp\htdocs\smart-asset-management\frontend\node_modules\eslint-plugin-react\node_modules\resolve\test\resolver\empty_main","empty_main"
"C:\xampp\htdocs\smart-asset-management\frontend\node_modules\eslint-plugin-react\node_modules\resolve\test\resolver\false_main","false_main"
"C:\xampp\htdocs\smart-asset-management\frontend\node_modules\eslint-plugin-react\node_modules\resolve\test\resolver\incorrect_main","incorrect_main"
"C:\xampp\htdocs\smart-asset-management\frontend\node_modules\eslint-plugin-react\node_modules\resolve\test\resolver\invalid_main","invalid_main"
"C:\xampp\htdocs\smart-asset-management\frontend\node_modules\eslint-plugin-react\node_modules\resolve\test\resolver\missing_index","missing_index"
"C:\xampp\htdocs\smart-asset-management\frontend\node_modules\eslint-plugin-react\node_modules\resolve\test\resolver\missing_main","missing_main"
"C:\xampp\htdocs\smart-asset-management\frontend\node_modules\eslint-plugin-react\node_modules\resolve\test\resolver\multirepo","multirepo"
"C:\xampp\htdocs\smart-asset-management\frontend\node_modules\eslint-plugin-react\node_modules\resolve\test\resolver\multirepo\packages","packages"
"C:\xampp\htdocs\smart-asset-management\frontend\node_modules\eslint-plugin-react\node_modules\resolve\test\resolver\multirepo\packages\package-a","package-a"
"C:\xampp\htdocs\smart-asset-management\frontend\node_modules\eslint-plugin-react\node_modules\resolve\test\resolver\multirepo\packages\package-b","package-b"
"C:\xampp\htdocs\smart-asset-management\frontend\node_modules\eslint-plugin-react\node_modules\resolve\test\resolver\nested_symlinks","nested_symlinks"
"C:\xampp\htdocs\smart-asset-management\frontend\node_modules\eslint-plugin-react\node_modules\resolve\test\resolver\nested_symlinks\mylib","mylib"
"C:\xampp\htdocs\smart-asset-management\frontend\node_modules\eslint-plugin-react\node_modules\resolve\test\resolver\null_main","null_main"
"C:\xampp\htdocs\smart-asset-management\frontend\node_modules\eslint-plugin-react\node_modules\resolve\test\resolver\other_path","other_path"
"C:\xampp\htdocs\smart-asset-management\frontend\node_modules\eslint-plugin-react\node_modules\resolve\test\resolver\other_path\lib","lib"
"C:\xampp\htdocs\smart-asset-management\frontend\node_modules\eslint-plugin-react\node_modules\resolve\test\resolver\quux","quux"
"C:\xampp\htdocs\smart-asset-management\frontend\node_modules\eslint-plugin-react\node_modules\resolve\test\resolver\quux\foo","foo"
"C:\xampp\htdocs\smart-asset-management\frontend\node_modules\eslint-plugin-react\node_modules\resolve\test\resolver\same_names","same_names"
"C:\xampp\htdocs\smart-asset-management\frontend\node_modules\eslint-plugin-react\node_modules\resolve\test\resolver\same_names\foo","foo"
"C:\xampp\htdocs\smart-asset-management\frontend\node_modules\eslint-plugin-react\node_modules\resolve\test\resolver\symlinked","symlinked"
"C:\xampp\htdocs\smart-asset-management\frontend\node_modules\eslint-plugin-react\node_modules\resolve\test\resolver\symlinked\_","_"
"C:\xampp\htdocs\smart-asset-management\frontend\node_modules\eslint-plugin-react\node_modules\resolve\test\resolver\symlinked\_\node_modules","node_modules"
"C:\xampp\htdocs\smart-asset-management\frontend\node_modules\eslint-plugin-react\node_modules\resolve\test\resolver\symlinked\_\symlink_target","symlink_target"
"C:\xampp\htdocs\smart-asset-management\frontend\node_modules\eslint-plugin-react\node_modules\resolve\test\resolver\symlinked\package","package"
"C:\xampp\htdocs\smart-asset-management\frontend\node_modules\eslint-plugin-react\node_modules\resolve\test\resolver\without_basedir","without_basedir"
"C:\xampp\htdocs\smart-asset-management\frontend\node_modules\eslint-plugin-react\node_modules\resolve\test\shadowed_core","shadowed_core"
"C:\xampp\htdocs\smart-asset-management\frontend\node_modules\eslint-plugin-react\node_modules\resolve\test\shadowed_core\node_modules","node_modules"
"C:\xampp\htdocs\smart-asset-management\frontend\node_modules\eslint-plugin-react\node_modules\resolve\test\shadowed_core\node_modules\util","util"
"C:\xampp\htdocs\smart-asset-management\frontend\node_modules\eslint-plugin-react\node_modules\semver","semver"
"C:\xampp\htdocs\smart-asset-management\frontend\node_modules\eslint-plugin-react\node_modules\semver\bin","bin"
"C:\xampp\htdocs\smart-asset-management\frontend\node_modules\eslint-plugin-react-hooks","eslint-plugin-react-hooks"
"C:\xampp\htdocs\smart-asset-management\frontend\node_modules\eslint-plugin-react-hooks\cjs","cjs"
"C:\xampp\htdocs\smart-asset-management\frontend\node_modules\eslint-plugin-testing-library","eslint-plugin-testing-library"
"C:\xampp\htdocs\smart-asset-management\frontend\node_modules\eslint-plugin-testing-library\configs","configs"
"C:\xampp\htdocs\smart-asset-management\frontend\node_modules\eslint-plugin-testing-library\create-testing-library-rule","create-testing-library-rule"
"C:\xampp\htdocs\smart-asset-management\frontend\node_modules\eslint-plugin-testing-library\node-utils","node-utils"
"C:\xampp\htdocs\smart-asset-management\frontend\node_modules\eslint-plugin-testing-library\rules","rules"
"C:\xampp\htdocs\smart-asset-management\frontend\node_modules\eslint-plugin-testing-library\utils","utils"
"C:\xampp\htdocs\smart-asset-management\frontend\node_modules\eslint-scope","eslint-scope"
"C:\xampp\htdocs\smart-asset-management\frontend\node_modules\eslint-scope\dist","dist"
"C:\xampp\htdocs\smart-asset-management\frontend\node_modules\eslint-scope\lib","lib"
"C:\xampp\htdocs\smart-asset-management\frontend\node_modules\eslint-visitor-keys","eslint-visitor-keys"
"C:\xampp\htdocs\smart-asset-management\frontend\node_modules\eslint-visitor-keys\dist","dist"
"C:\xampp\htdocs\smart-asset-management\frontend\node_modules\eslint-visitor-keys\lib","lib"
"C:\xampp\htdocs\smart-asset-management\frontend\node_modules\eslint-webpack-plugin","eslint-webpack-plugin"
"C:\xampp\htdocs\smart-asset-management\frontend\node_modules\eslint-webpack-plugin\dist","dist"
"C:\xampp\htdocs\smart-asset-management\frontend\node_modules\eslint-webpack-plugin\node_modules","node_modules"
"C:\xampp\htdocs\smart-asset-management\frontend\node_modules\eslint-webpack-plugin\node_modules\jest-worker","jest-worker"
"C:\xampp\htdocs\smart-asset-management\frontend\node_modules\eslint-webpack-plugin\node_modules\jest-worker\build","build"
"C:\xampp\htdocs\smart-asset-management\frontend\node_modules\eslint-webpack-plugin\node_modules\jest-worker\build\base","base"
"C:\xampp\htdocs\smart-asset-management\frontend\node_modules\eslint-webpack-plugin\node_modules\jest-worker\build\workers","workers"
"C:\xampp\htdocs\smart-asset-management\frontend\node_modules\eslint-webpack-plugin\node_modules\supports-color","supports-color"
"C:\xampp\htdocs\smart-asset-management\frontend\node_modules\eslint-webpack-plugin\types","types"
"C:\xampp\htdocs\smart-asset-management\frontend\node_modules\es-module-lexer","es-module-lexer"
"C:\xampp\htdocs\smart-asset-management\frontend\node_modules\es-module-lexer\dist","dist"
"C:\xampp\htdocs\smart-asset-management\frontend\node_modules\es-module-lexer\types","types"
"C:\xampp\htdocs\smart-asset-management\frontend\node_modules\es-object-atoms","es-object-atoms"
"C:\xampp\htdocs\smart-asset-management\frontend\node_modules\es-object-atoms\.github",".github"
"C:\xampp\htdocs\smart-asset-management\frontend\node_modules\es-object-atoms\test","test"
"C:\xampp\htdocs\smart-asset-management\frontend\node_modules\espree","espree"
"C:\xampp\htdocs\smart-asset-management\frontend\node_modules\espree\dist","dist"
"C:\xampp\htdocs\smart-asset-management\frontend\node_modules\espree\lib","lib"
"C:\xampp\htdocs\smart-asset-management\frontend\node_modules\esprima","esprima"
"C:\xampp\htdocs\smart-asset-management\frontend\node_modules\esprima\bin","bin"
"C:\xampp\htdocs\smart-asset-management\frontend\node_modules\esprima\dist","dist"
"C:\xampp\htdocs\smart-asset-management\frontend\node_modules\esquery","esquery"
"C:\xampp\htdocs\smart-asset-management\frontend\node_modules\esquery\dist","dist"
"C:\xampp\htdocs\smart-asset-management\frontend\node_modules\esrecurse","esrecurse"
"C:\xampp\htdocs\smart-asset-management\frontend\node_modules\es-set-tostringtag","es-set-tostringtag"
"C:\xampp\htdocs\smart-asset-management\frontend\node_modules\es-set-tostringtag\test","test"
"C:\xampp\htdocs\smart-asset-management\frontend\node_modules\es-shim-unscopables","es-shim-unscopables"
"C:\xampp\htdocs\smart-asset-management\frontend\node_modules\es-shim-unscopables\.github",".github"
"C:\xampp\htdocs\smart-asset-management\frontend\node_modules\es-shim-unscopables\test","test"
"C:\xampp\htdocs\smart-asset-management\frontend\node_modules\es-to-primitive","es-to-primitive"
"C:\xampp\htdocs\smart-asset-management\frontend\node_modules\es-to-primitive\.github",".github"
"C:\xampp\htdocs\smart-asset-management\frontend\node_modules\es-to-primitive\helpers","helpers"
"C:\xampp\htdocs\smart-asset-management\frontend\node_modules\es-to-primitive\test","test"
"C:\xampp\htdocs\smart-asset-management\frontend\node_modules\estraverse","estraverse"
"C:\xampp\htdocs\smart-asset-management\frontend\node_modules\estree-walker","estree-walker"
"C:\xampp\htdocs\smart-asset-management\frontend\node_modules\estree-walker\dist","dist"
"C:\xampp\htdocs\smart-asset-management\frontend\node_modules\estree-walker\src","src"
"C:\xampp\htdocs\smart-asset-management\frontend\node_modules\estree-walker\types","types"
"C:\xampp\htdocs\smart-asset-management\frontend\node_modules\esutils","esutils"
"C:\xampp\htdocs\smart-asset-management\frontend\node_modules\esutils\lib","lib"
"C:\xampp\htdocs\smart-asset-management\frontend\node_modules\etag","etag"
"C:\xampp\htdocs\smart-asset-management\frontend\node_modules\eventemitter3","eventemitter3"
"C:\xampp\htdocs\smart-asset-management\frontend\node_modules\eventemitter3\umd","umd"
"C:\xampp\htdocs\smart-asset-management\frontend\node_modules\events","events"
"C:\xampp\htdocs\smart-asset-management\frontend\node_modules\events\.github",".github"
"C:\xampp\htdocs\smart-asset-management\frontend\node_modules\events\tests","tests"
"C:\xampp\htdocs\smart-asset-management\frontend\node_modules\execa","execa"
"C:\xampp\htdocs\smart-asset-management\frontend\node_modules\execa\lib","lib"
"C:\xampp\htdocs\smart-asset-management\frontend\node_modules\exit","exit"
"C:\xampp\htdocs\smart-asset-management\frontend\node_modules\exit\lib","lib"
"C:\xampp\htdocs\smart-asset-management\frontend\node_modules\exit\test","test"
"C:\xampp\htdocs\smart-asset-management\frontend\node_modules\exit\test\fixtures","fixtures"
"C:\xampp\htdocs\smart-asset-management\frontend\node_modules\expect","expect"
"C:\xampp\htdocs\smart-asset-management\frontend\node_modules\expect\build","build"
"C:\xampp\htdocs\smart-asset-management\frontend\node_modules\express","express"
"C:\xampp\htdocs\smart-asset-management\frontend\node_modules\express\lib","lib"
"C:\xampp\htdocs\smart-asset-management\frontend\node_modules\express\lib\middleware","middleware"
"C:\xampp\htdocs\smart-asset-management\frontend\node_modules\express\lib\router","router"
"C:\xampp\htdocs\smart-asset-management\frontend\node_modules\express\node_modules","node_modules"
"C:\xampp\htdocs\smart-asset-management\frontend\node_modules\express\node_modules\debug","debug"
"C:\xampp\htdocs\smart-asset-management\frontend\node_modules\express\node_modules\debug\src","src"
"C:\xampp\htdocs\smart-asset-management\frontend\node_modules\express\node_modules\ms","ms"
"C:\xampp\htdocs\smart-asset-management\frontend\node_modules\fast-deep-equal","fast-deep-equal"
"C:\xampp\htdocs\smart-asset-management\frontend\node_modules\fast-deep-equal\es6","es6"
"C:\xampp\htdocs\smart-asset-management\frontend\node_modules\fast-glob","fast-glob"
"C:\xampp\htdocs\smart-asset-management\frontend\node_modules\fast-glob\node_modules","node_modules"
"C:\xampp\htdocs\smart-asset-management\frontend\node_modules\fast-glob\node_modules\glob-parent","glob-parent"
"C:\xampp\htdocs\smart-asset-management\frontend\node_modules\fast-glob\out","out"
"C:\xampp\htdocs\smart-asset-management\frontend\node_modules\fast-glob\out\managers","managers"
"C:\xampp\htdocs\smart-asset-management\frontend\node_modules\fast-glob\out\providers","providers"
"C:\xampp\htdocs\smart-asset-management\frontend\node_modules\fast-glob\out\providers\filters","filters"
"C:\xampp\htdocs\smart-asset-management\frontend\node_modules\fast-glob\out\providers\matchers","matchers"
"C:\xampp\htdocs\smart-asset-management\frontend\node_modules\fast-glob\out\providers\transformers","transformers"
"C:\xampp\htdocs\smart-asset-management\frontend\node_modules\fast-glob\out\readers","readers"
"C:\xampp\htdocs\smart-asset-management\frontend\node_modules\fast-glob\out\types","types"
"C:\xampp\htdocs\smart-asset-management\frontend\node_modules\fast-glob\out\utils","utils"
"C:\xampp\htdocs\smart-asset-management\frontend\node_modules\fast-json-stable-stringify","fast-json-stable-stringify"
"C:\xampp\htdocs\smart-asset-management\frontend\node_modules\fast-json-stable-stringify\.github",".github"
"C:\xampp\htdocs\smart-asset-management\frontend\node_modules\fast-json-stable-stringify\benchmark","benchmark"
"C:\xampp\htdocs\smart-asset-management\frontend\node_modules\fast-json-stable-stringify\example","example"
"C:\xampp\htdocs\smart-asset-management\frontend\node_modules\fast-json-stable-stringify\test","test"
"C:\xampp\htdocs\smart-asset-management\frontend\node_modules\fast-levenshtein","fast-levenshtein"
"C:\xampp\htdocs\smart-asset-management\frontend\node_modules\fast-png","fast-png"
"C:\xampp\htdocs\smart-asset-management\frontend\node_modules\fast-png\lib","lib"
"C:\xampp\htdocs\smart-asset-management\frontend\node_modules\fast-png\lib\helpers","helpers"
"C:\xampp\htdocs\smart-asset-management\frontend\node_modules\fast-png\lib-esm","lib-esm"
"C:\xampp\htdocs\smart-asset-management\frontend\node_modules\fast-png\lib-esm\helpers","helpers"
"C:\xampp\htdocs\smart-asset-management\frontend\node_modules\fast-png\src","src"
"C:\xampp\htdocs\smart-asset-management\frontend\node_modules\fast-png\src\helpers","helpers"
"C:\xampp\htdocs\smart-asset-management\frontend\node_modules\fastq","fastq"
"C:\xampp\htdocs\smart-asset-management\frontend\node_modules\fastq\test","test"
"C:\xampp\htdocs\smart-asset-management\frontend\node_modules\fast-uri","fast-uri"
"C:\xampp\htdocs\smart-asset-management\frontend\node_modules\fast-uri\.github",".github"
"C:\xampp\htdocs\smart-asset-management\frontend\node_modules\fast-uri\.github\workflows","workflows"
"C:\xampp\htdocs\smart-asset-management\frontend\node_modules\fast-uri\benchmark","benchmark"
"C:\xampp\htdocs\smart-asset-management\frontend\node_modules\fast-uri\lib","lib"
"C:\xampp\htdocs\smart-asset-management\frontend\node_modules\fast-uri\test","test"
"C:\xampp\htdocs\smart-asset-management\frontend\node_modules\fast-uri\test\fixtures","fixtures"
"C:\xampp\htdocs\smart-asset-management\frontend\node_modules\fast-uri\types","types"
"C:\xampp\htdocs\smart-asset-management\frontend\node_modules\faye-websocket","faye-websocket"
"C:\xampp\htdocs\smart-asset-management\frontend\node_modules\faye-websocket\lib","lib"
"C:\xampp\htdocs\smart-asset-management\frontend\node_modules\faye-websocket\lib\faye","faye"
"C:\xampp\htdocs\smart-asset-management\frontend\node_modules\faye-websocket\lib\faye\websocket","websocket"
"C:\xampp\htdocs\smart-asset-management\frontend\node_modules\faye-websocket\lib\faye\websocket\api","api"
"C:\xampp\htdocs\smart-asset-management\frontend\node_modules\fb-watchman","fb-watchman"
"C:\xampp\htdocs\smart-asset-management\frontend\node_modules\fflate","fflate"
"C:\xampp\htdocs\smart-asset-management\frontend\node_modules\fflate\esm","esm"
"C:\xampp\htdocs\smart-asset-management\frontend\node_modules\fflate\lib","lib"
"C:\xampp\htdocs\smart-asset-management\frontend\node_modules\fflate\umd","umd"
"C:\xampp\htdocs\smart-asset-management\frontend\node_modules\file-entry-cache","file-entry-cache"
"C:\xampp\htdocs\smart-asset-management\frontend\node_modules\filelist","filelist"
"C:\xampp\htdocs\smart-asset-management\frontend\node_modules\filelist\node_modules","node_modules"
"C:\xampp\htdocs\smart-asset-management\frontend\node_modules\filelist\node_modules\brace-expansion","brace-expansion"
"C:\xampp\htdocs\smart-asset-management\frontend\node_modules\filelist\node_modules\brace-expansion\.github",".github"
"C:\xampp\htdocs\smart-asset-management\frontend\node_modules\filelist\node_modules\minimatch","minimatch"
"C:\xampp\htdocs\smart-asset-management\frontend\node_modules\filelist\node_modules\minimatch\lib","lib"
"C:\xampp\htdocs\smart-asset-management\frontend\node_modules\file-loader","file-loader"
"C:\xampp\htdocs\smart-asset-management\frontend\node_modules\file-loader\dist","dist"
"C:\xampp\htdocs\smart-asset-management\frontend\node_modules\file-loader\node_modules","node_modules"
"C:\xampp\htdocs\smart-asset-management\frontend\node_modules\file-loader\node_modules\schema-utils","schema-utils"
"C:\xampp\htdocs\smart-asset-management\frontend\node_modules\file-loader\node_modules\schema-utils\declarations","declarations"
"C:\xampp\htdocs\smart-asset-management\frontend\node_modules\file-loader\node_modules\schema-utils\declarations\keywords","keywords"
"C:\xampp\htdocs\smart-asset-management\frontend\node_modules\file-loader\node_modules\schema-utils\declarations\util","util"
"C:\xampp\htdocs\smart-asset-management\frontend\node_modules\file-loader\node_modules\schema-utils\dist","dist"
"C:\xampp\htdocs\smart-asset-management\frontend\node_modules\file-loader\node_modules\schema-utils\dist\keywords","keywords"
"C:\xampp\htdocs\smart-asset-management\frontend\node_modules\file-loader\node_modules\schema-utils\dist\util","util"
"C:\xampp\htdocs\smart-asset-management\frontend\node_modules\filesize","filesize"
"C:\xampp\htdocs\smart-asset-management\frontend\node_modules\filesize\lib","lib"
"C:\xampp\htdocs\smart-asset-management\frontend\node_modules\fill-range","fill-range"
"C:\xampp\htdocs\smart-asset-management\frontend\node_modules\finalhandler","finalhandler"
"C:\xampp\htdocs\smart-asset-management\frontend\node_modules\finalhandler\node_modules","node_modules"
"C:\xampp\htdocs\smart-asset-management\frontend\node_modules\finalhandler\node_modules\debug","debug"
"C:\xampp\htdocs\smart-asset-management\frontend\node_modules\finalhandler\node_modules\debug\src","src"
"C:\xampp\htdocs\smart-asset-management\frontend\node_modules\finalhandler\node_modules\ms","ms"
"C:\xampp\htdocs\smart-asset-management\frontend\node_modules\find-cache-dir","find-cache-dir"
"C:\xampp\htdocs\smart-asset-management\frontend\node_modules\find-up","find-up"
"C:\xampp\htdocs\smart-asset-management\frontend\node_modules\flat-cache","flat-cache"
"C:\xampp\htdocs\smart-asset-management\frontend\node_modules\flat-cache\src","src"
"C:\xampp\htdocs\smart-asset-management\frontend\node_modules\flatted","flatted"
"C:\xampp\htdocs\smart-asset-management\frontend\node_modules\flatted\cjs","cjs"
"C:\xampp\htdocs\smart-asset-management\frontend\node_modules\flatted\esm","esm"
"C:\xampp\htdocs\smart-asset-management\frontend\node_modules\flatted\golang","golang"
"C:\xampp\htdocs\smart-asset-management\frontend\node_modules\flatted\golang\pkg","pkg"
"C:\xampp\htdocs\smart-asset-management\frontend\node_modules\flatted\golang\pkg\flatted","flatted"
"C:\xampp\htdocs\smart-asset-management\frontend\node_modules\flatted\php","php"
"C:\xampp\htdocs\smart-asset-management\frontend\node_modules\flatted\python","python"
"C:\xampp\htdocs\smart-asset-management\frontend\node_modules\flatted\types","types"
"C:\xampp\htdocs\smart-asset-management\frontend\node_modules\follow-redirects","follow-redirects"
"C:\xampp\htdocs\smart-asset-management\frontend\node_modules\for-each","for-each"
"C:\xampp\htdocs\smart-asset-management\frontend\node_modules\for-each\.github",".github"
"C:\xampp\htdocs\smart-asset-management\frontend\node_modules\for-each\test","test"
"C:\xampp\htdocs\smart-asset-management\frontend\node_modules\fork-ts-checker-webpack-plugin","fork-ts-checker-webpack-plugin"
"C:\xampp\htdocs\smart-asset-management\frontend\node_modules\fork-ts-checker-webpack-plugin\lib","lib"
"C:\xampp\htdocs\smart-asset-management\frontend\node_modules\fork-ts-checker-webpack-plugin\lib\error","error"
"C:\xampp\htdocs\smart-asset-management\frontend\node_modules\fork-ts-checker-webpack-plugin\lib\eslint-reporter","eslint-reporter"
"C:\xampp\htdocs\smart-asset-management\frontend\node_modules\fork-ts-checker-webpack-plugin\lib\eslint-reporter\issue","issue"
"C:\xampp\htdocs\smart-asset-management\frontend\node_modules\fork-ts-checker-webpack-plugin\lib\eslint-reporter\reporter","reporter"
"C:\xampp\htdocs\smart-asset-management\frontend\node_modules\fork-ts-checker-webpack-plugin\lib\eslint-reporter\types","types"
"C:\xampp\htdocs\smart-asset-management\frontend\node_modules\fork-ts-checker-webpack-plugin\lib\formatter","formatter"
"C:\xampp\htdocs\smart-asset-management\frontend\node_modules\fork-ts-checker-webpack-plugin\lib\formatter\types","types"
"C:\xampp\htdocs\smart-asset-management\frontend\node_modules\fork-ts-checker-webpack-plugin\lib\hooks","hooks"
"C:\xampp\htdocs\smart-asset-management\frontend\node_modules\fork-ts-checker-webpack-plugin\lib\issue","issue"
"C:\xampp\htdocs\smart-asset-management\frontend\node_modules\fork-ts-checker-webpack-plugin\lib\logger","logger"
"C:\xampp\htdocs\smart-asset-management\frontend\node_modules\fork-ts-checker-webpack-plugin\lib\profile","profile"
"C:\xampp\htdocs\smart-asset-management\frontend\node_modules\fork-ts-checker-webpack-plugin\lib\reporter","reporter"
"C:\xampp\htdocs\smart-asset-management\frontend\node_modules\fork-ts-checker-webpack-plugin\lib\reporter\reporter-rpc","reporter-rpc"
"C:\xampp\htdocs\smart-asset-management\frontend\node_modules\fork-ts-checker-webpack-plugin\lib\rpc","rpc"
"C:\xampp\htdocs\smart-asset-management\frontend\node_modules\fork-ts-checker-webpack-plugin\lib\rpc\error","error"
"C:\xampp\htdocs\smart-asset-management\frontend\node_modules\fork-ts-checker-webpack-plugin\lib\rpc\rpc-ipc","rpc-ipc"
"C:\xampp\htdocs\smart-asset-management\frontend\node_modules\fork-ts-checker-webpack-plugin\lib\rpc\rpc-ipc\error","error"
"C:\xampp\htdocs\smart-asset-management\frontend\node_modules\fork-ts-checker-webpack-plugin\lib\typescript-reporter","typescript-reporter"
"C:\xampp\htdocs\smart-asset-management\frontend\node_modules\fork-ts-checker-webpack-plugin\lib\typescript-reporter\extension","extension"
"C:\xampp\htdocs\smart-asset-management\frontend\node_modules\fork-ts-checker-webpack-plugin\lib\typescript-reporter\extension\vue","vue"
"C:\xampp\htdocs\smart-asset-management\frontend\node_modules\fork-ts-checker-webpack-plugin\lib\typescript-reporter\extension\vue\types","types"
"C:\xampp\htdocs\smart-asset-management\frontend\node_modules\fork-ts-checker-webpack-plugin\lib\typescript-reporter\file-system","file-system"
"C:\xampp\htdocs\smart-asset-management\frontend\node_modules\fork-ts-checker-webpack-plugin\lib\typescript-reporter\issue","issue"
"C:\xampp\htdocs\smart-asset-management\frontend\node_modules\fork-ts-checker-webpack-plugin\lib\typescript-reporter\profile","profile"
"C:\xampp\htdocs\smart-asset-management\frontend\node_modules\fork-ts-checker-webpack-plugin\lib\typescript-reporter\reporter","reporter"
"C:\xampp\htdocs\smart-asset-management\frontend\node_modules\fork-ts-checker-webpack-plugin\lib\utils","utils"
"C:\xampp\htdocs\smart-asset-management\frontend\node_modules\fork-ts-checker-webpack-plugin\lib\utils\array","array"
"C:\xampp\htdocs\smart-asset-management\frontend\node_modules\fork-ts-checker-webpack-plugin\lib\utils\async","async"
"C:\xampp\htdocs\smart-asset-management\frontend\node_modules\fork-ts-checker-webpack-plugin\lib\utils\path","path"
"C:\xampp\htdocs\smart-asset-management\frontend\node_modules\fork-ts-checker-webpack-plugin\lib\watch","watch"
"C:\xampp\htdocs\smart-asset-management\frontend\node_modules\fork-ts-checker-webpack-plugin\node_modules","node_modules"
"C:\xampp\htdocs\smart-asset-management\frontend\node_modules\fork-ts-checker-webpack-plugin\node_modules\cosmiconfig","cosmiconfig"
"C:\xampp\htdocs\smart-asset-management\frontend\node_modules\fork-ts-checker-webpack-plugin\node_modules\cosmiconfig\dist","dist"
"C:\xampp\htdocs\smart-asset-management\frontend\node_modules\fork-ts-checker-webpack-plugin\node_modules\fs-extra","fs-extra"
"C:\xampp\htdocs\smart-asset-management\frontend\node_modules\fork-ts-checker-webpack-plugin\node_modules\fs-extra\lib","lib"
"C:\xampp\htdocs\smart-asset-management\frontend\node_modules\fork-ts-checker-webpack-plugin\node_modules\fs-extra\lib\copy","copy"
"C:\xampp\htdocs\smart-asset-management\frontend\node_modules\fork-ts-checker-webpack-plugin\node_modules\fs-extra\lib\copy-sync","copy-sync"
"C:\xampp\htdocs\smart-asset-management\frontend\node_modules\fork-ts-checker-webpack-plugin\node_modules\fs-extra\lib\empty","empty"
"C:\xampp\htdocs\smart-asset-management\frontend\node_modules\fork-ts-checker-webpack-plugin\node_modules\fs-extra\lib\ensure","ensure"
"C:\xampp\htdocs\smart-asset-management\frontend\node_modules\fork-ts-checker-webpack-plugin\node_modules\fs-extra\lib\fs","fs"
"C:\xampp\htdocs\smart-asset-management\frontend\node_modules\fork-ts-checker-webpack-plugin\node_modules\fs-extra\lib\json","json"
"C:\xampp\htdocs\smart-asset-management\frontend\node_modules\fork-ts-checker-webpack-plugin\node_modules\fs-extra\lib\mkdirs","mkdirs"
"C:\xampp\htdocs\smart-asset-management\frontend\node_modules\fork-ts-checker-webpack-plugin\node_modules\fs-extra\lib\move","move"
"C:\xampp\htdocs\smart-asset-management\frontend\node_modules\fork-ts-checker-webpack-plugin\node_modules\fs-extra\lib\move-sync","move-sync"
"C:\xampp\htdocs\smart-asset-management\frontend\node_modules\fork-ts-checker-webpack-plugin\node_modules\fs-extra\lib\output","output"
"C:\xampp\htdocs\smart-asset-management\frontend\node_modules\fork-ts-checker-webpack-plugin\node_modules\fs-extra\lib\path-exists","path-exists"
"C:\xampp\htdocs\smart-asset-management\frontend\node_modules\fork-ts-checker-webpack-plugin\node_modules\fs-extra\lib\remove","remove"
"C:\xampp\htdocs\smart-asset-management\frontend\node_modules\fork-ts-checker-webpack-plugin\node_modules\fs-extra\lib\util","util"
"C:\xampp\htdocs\smart-asset-management\frontend\node_modules\fork-ts-checker-webpack-plugin\node_modules\schema-utils","schema-utils"
"C:\xampp\htdocs\smart-asset-management\frontend\node_modules\fork-ts-checker-webpack-plugin\node_modules\schema-utils\declarations","declarations"
"C:\xampp\htdocs\smart-asset-management\frontend\node_modules\fork-ts-checker-webpack-plugin\node_modules\schema-utils\declarations\keywords","keywords"
"C:\xampp\htdocs\smart-asset-management\frontend\node_modules\fork-ts-checker-webpack-plugin\node_modules\schema-utils\declarations\util","util"
"C:\xampp\htdocs\smart-asset-management\frontend\node_modules\fork-ts-checker-webpack-plugin\node_modules\schema-utils\dist","dist"
"C:\xampp\htdocs\smart-asset-management\frontend\node_modules\fork-ts-checker-webpack-plugin\node_modules\schema-utils\dist\keywords","keywords"
"C:\xampp\htdocs\smart-asset-management\frontend\node_modules\fork-ts-checker-webpack-plugin\node_modules\schema-utils\dist\util","util"
"C:\xampp\htdocs\smart-asset-management\frontend\node_modules\fork-ts-checker-webpack-plugin\node_modules\tapable","tapable"
"C:\xampp\htdocs\smart-asset-management\frontend\node_modules\fork-ts-checker-webpack-plugin\node_modules\tapable\lib","lib"
"C:\xampp\htdocs\smart-asset-management\frontend\node_modules\form-data","form-data"
"C:\xampp\htdocs\smart-asset-management\frontend\node_modules\form-data\lib","lib"
"C:\xampp\htdocs\smart-asset-management\frontend\node_modules\forwarded","forwarded"
"C:\xampp\htdocs\smart-asset-management\frontend\node_modules\frac","frac"
"C:\xampp\htdocs\smart-asset-management\frontend\node_modules\frac\dist","dist"
"C:\xampp\htdocs\smart-asset-management\frontend\node_modules\frac\types","types"
"C:\xampp\htdocs\smart-asset-management\frontend\node_modules\fraction.js","fraction.js"
"C:\xampp\htdocs\smart-asset-management\frontend\node_modules\fresh","fresh"
"C:\xampp\htdocs\smart-asset-management\frontend\node_modules\fs.realpath","fs.realpath"
"C:\xampp\htdocs\smart-asset-management\frontend\node_modules\fs-extra","fs-extra"
"C:\xampp\htdocs\smart-asset-management\frontend\node_modules\fs-extra\lib","lib"
"C:\xampp\htdocs\smart-asset-management\frontend\node_modules\fs-extra\lib\copy","copy"
"C:\xampp\htdocs\smart-asset-management\frontend\node_modules\fs-extra\lib\empty","empty"
"C:\xampp\htdocs\smart-asset-management\frontend\node_modules\fs-extra\lib\ensure","ensure"
"C:\xampp\htdocs\smart-asset-management\frontend\node_modules\fs-extra\lib\fs","fs"
"C:\xampp\htdocs\smart-asset-management\frontend\node_modules\fs-extra\lib\json","json"
"C:\xampp\htdocs\smart-asset-management\frontend\node_modules\fs-extra\lib\mkdirs","mkdirs"
"C:\xampp\htdocs\smart-asset-management\frontend\node_modules\fs-extra\lib\move","move"
"C:\xampp\htdocs\smart-asset-management\frontend\node_modules\fs-extra\lib\output-file","output-file"
"C:\xampp\htdocs\smart-asset-management\frontend\node_modules\fs-extra\lib\path-exists","path-exists"
"C:\xampp\htdocs\smart-asset-management\frontend\node_modules\fs-extra\lib\remove","remove"
"C:\xampp\htdocs\smart-asset-management\frontend\node_modules\fs-extra\lib\util","util"
"C:\xampp\htdocs\smart-asset-management\frontend\node_modules\fs-monkey","fs-monkey"
"C:\xampp\htdocs\smart-asset-management\frontend\node_modules\fs-monkey\docs","docs"
"C:\xampp\htdocs\smart-asset-management\frontend\node_modules\fs-monkey\docs\api","api"
"C:\xampp\htdocs\smart-asset-management\frontend\node_modules\fs-monkey\lib","lib"
"C:\xampp\htdocs\smart-asset-management\frontend\node_modules\fs-monkey\lib\util","util"
"C:\xampp\htdocs\smart-asset-management\frontend\node_modules\function.prototype.name","function.prototype.name"
"C:\xampp\htdocs\smart-asset-management\frontend\node_modules\function.prototype.name\.github",".github"
"C:\xampp\htdocs\smart-asset-management\frontend\node_modules\function.prototype.name\helpers","helpers"
"C:\xampp\htdocs\smart-asset-management\frontend\node_modules\function.prototype.name\test","test"
"C:\xampp\htdocs\smart-asset-management\frontend\node_modules\function-bind","function-bind"
"C:\xampp\htdocs\smart-asset-management\frontend\node_modules\function-bind\.github",".github"
"C:\xampp\htdocs\smart-asset-management\frontend\node_modules\function-bind\test","test"
"C:\xampp\htdocs\smart-asset-management\frontend\node_modules\functions-have-names","functions-have-names"
"C:\xampp\htdocs\smart-asset-management\frontend\node_modules\functions-have-names\.github",".github"
"C:\xampp\htdocs\smart-asset-management\frontend\node_modules\functions-have-names\test","test"
"C:\xampp\htdocs\smart-asset-management\frontend\node_modules\generator-function","generator-function"
"C:\xampp\htdocs\smart-asset-management\frontend\node_modules\generator-function\.github",".github"
"C:\xampp\htdocs\smart-asset-management\frontend\node_modules\generator-function\test","test"
"C:\xampp\htdocs\smart-asset-management\frontend\node_modules\gensync","gensync"
"C:\xampp\htdocs\smart-asset-management\frontend\node_modules\gensync\test","test"
"C:\xampp\htdocs\smart-asset-management\frontend\node_modules\get-caller-file","get-caller-file"
"C:\xampp\htdocs\smart-asset-management\frontend\node_modules\get-intrinsic","get-intrinsic"
"C:\xampp\htdocs\smart-asset-management\frontend\node_modules\get-intrinsic\.github",".github"
"C:\xampp\htdocs\smart-asset-management\frontend\node_modules\get-intrinsic\test","test"
"C:\xampp\htdocs\smart-asset-management\frontend\node_modules\get-own-enumerable-property-symbols","get-own-enumerable-property-symbols"
"C:\xampp\htdocs\smart-asset-management\frontend\node_modules\get-own-enumerable-property-symbols\lib","lib"
"C:\xampp\htdocs\smart-asset-management\frontend\node_modules\get-package-type","get-package-type"
"C:\xampp\htdocs\smart-asset-management\frontend\node_modules\get-proto","get-proto"
"C:\xampp\htdocs\smart-asset-management\frontend\node_modules\get-proto\.github",".github"
"C:\xampp\htdocs\smart-asset-management\frontend\node_modules\get-proto\test","test"
"C:\xampp\htdocs\smart-asset-management\frontend\node_modules\get-stream","get-stream"
"C:\xampp\htdocs\smart-asset-management\frontend\node_modules\get-symbol-description","get-symbol-description"
"C:\xampp\htdocs\smart-asset-management\frontend\node_modules\get-symbol-description\.github",".github"
"C:\xampp\htdocs\smart-asset-management\frontend\node_modules\get-symbol-description\test","test"
"C:\xampp\htdocs\smart-asset-management\frontend\node_modules\glob","glob"
"C:\xampp\htdocs\smart-asset-management\frontend\node_modules\global-modules","global-modules"
"C:\xampp\htdocs\smart-asset-management\frontend\node_modules\global-prefix","global-prefix"
"C:\xampp\htdocs\smart-asset-management\frontend\node_modules\global-prefix\node_modules","node_modules"
"C:\xampp\htdocs\smart-asset-management\frontend\node_modules\global-prefix\node_modules\.bin",".bin"
"C:\xampp\htdocs\smart-asset-management\frontend\node_modules\global-prefix\node_modules\which","which"
"C:\xampp\htdocs\smart-asset-management\frontend\node_modules\global-prefix\node_modules\which\bin","bin"
"C:\xampp\htdocs\smart-asset-management\frontend\node_modules\globals","globals"
"C:\xampp\htdocs\smart-asset-management\frontend\node_modules\globalthis","globalthis"
"C:\xampp\htdocs\smart-asset-management\frontend\node_modules\globalthis\test","test"
"C:\xampp\htdocs\smart-asset-management\frontend\node_modules\globby","globby"
"C:\xampp\htdocs\smart-asset-management\frontend\node_modules\glob-parent","glob-parent"
"C:\xampp\htdocs\smart-asset-management\frontend\node_modules\gopd","gopd"
"C:\xampp\htdocs\smart-asset-management\frontend\node_modules\gopd\.github",".github"
"C:\xampp\htdocs\smart-asset-management\frontend\node_modules\gopd\test","test"
"C:\xampp\htdocs\smart-asset-management\frontend\node_modules\graceful-fs","graceful-fs"
"C:\xampp\htdocs\smart-asset-management\frontend\node_modules\graphemer","graphemer"
"C:\xampp\htdocs\smart-asset-management\frontend\node_modules\graphemer\lib","lib"
"C:\xampp\htdocs\smart-asset-management\frontend\node_modules\gzip-size","gzip-size"
"C:\xampp\htdocs\smart-asset-management\frontend\node_modules\handle-thing","handle-thing"
"C:\xampp\htdocs\smart-asset-management\frontend\node_modules\handle-thing\lib","lib"
"C:\xampp\htdocs\smart-asset-management\frontend\node_modules\handle-thing\test","test"
"C:\xampp\htdocs\smart-asset-management\frontend\node_modules\harmony-reflect","harmony-reflect"
"C:\xampp\htdocs\smart-asset-management\frontend\node_modules\has-bigints","has-bigints"
"C:\xampp\htdocs\smart-asset-management\frontend\node_modules\has-bigints\.github",".github"
"C:\xampp\htdocs\smart-asset-management\frontend\node_modules\has-bigints\test","test"
"C:\xampp\htdocs\smart-asset-management\frontend\node_modules\has-flag","has-flag"
"C:\xampp\htdocs\smart-asset-management\frontend\node_modules\hasown","hasown"
"C:\xampp\htdocs\smart-asset-management\frontend\node_modules\hasown\.github",".github"
"C:\xampp\htdocs\smart-asset-management\frontend\node_modules\has-property-descriptors","has-property-descriptors"
"C:\xampp\htdocs\smart-asset-management\frontend\node_modules\has-property-descriptors\.github",".github"
"C:\xampp\htdocs\smart-asset-management\frontend\node_modules\has-property-descriptors\test","test"
"C:\xampp\htdocs\smart-asset-management\frontend\node_modules\has-proto","has-proto"
"C:\xampp\htdocs\smart-asset-management\frontend\node_modules\has-proto\.github",".github"
"C:\xampp\htdocs\smart-asset-management\frontend\node_modules\has-proto\test","test"
"C:\xampp\htdocs\smart-asset-management\frontend\node_modules\has-symbols","has-symbols"
"C:\xampp\htdocs\smart-asset-management\frontend\node_modules\has-symbols\.github",".github"
"C:\xampp\htdocs\smart-asset-management\frontend\node_modules\has-symbols\test","test"
"C:\xampp\htdocs\smart-asset-management\frontend\node_modules\has-symbols\test\shams","shams"
"C:\xampp\htdocs\smart-asset-management\frontend\node_modules\has-tostringtag","has-tostringtag"
"C:\xampp\htdocs\smart-asset-management\frontend\node_modules\has-tostringtag\.github",".github"
"C:\xampp\htdocs\smart-asset-management\frontend\node_modules\has-tostringtag\test","test"
"C:\xampp\htdocs\smart-asset-management\frontend\node_modules\has-tostringtag\test\shams","shams"
"C:\xampp\htdocs\smart-asset-management\frontend\node_modules\he","he"
"C:\xampp\htdocs\smart-asset-management\frontend\node_modules\he\bin","bin"
"C:\xampp\htdocs\smart-asset-management\frontend\node_modules\he\man","man"
"C:\xampp\htdocs\smart-asset-management\frontend\node_modules\hoopy","hoopy"
"C:\xampp\htdocs\smart-asset-management\frontend\node_modules\hpack.js","hpack.js"
"C:\xampp\htdocs\smart-asset-management\frontend\node_modules\hpack.js\bin","bin"
"C:\xampp\htdocs\smart-asset-management\frontend\node_modules\hpack.js\lib","lib"
"C:\xampp\htdocs\smart-asset-management\frontend\node_modules\hpack.js\lib\hpack","hpack"
"C:\xampp\htdocs\smart-asset-management\frontend\node_modules\hpack.js\node_modules","node_modules"
"C:\xampp\htdocs\smart-asset-management\frontend\node_modules\hpack.js\node_modules\isarray","isarray"
"C:\xampp\htdocs\smart-asset-management\frontend\node_modules\hpack.js\node_modules\readable-stream","readable-stream"
"C:\xampp\htdocs\smart-asset-management\frontend\node_modules\hpack.js\node_modules\readable-stream\doc","doc"
"C:\xampp\htdocs\smart-asset-management\frontend\node_modules\hpack.js\node_modules\readable-stream\doc\wg-meetings","wg-meetings"
"C:\xampp\htdocs\smart-asset-management\frontend\node_modules\hpack.js\node_modules\readable-stream\lib","lib"
"C:\xampp\htdocs\smart-asset-management\frontend\node_modules\hpack.js\node_modules\readable-stream\lib\internal","internal"
"C:\xampp\htdocs\smart-asset-management\frontend\node_modules\hpack.js\node_modules\readable-stream\lib\internal\streams","streams"
"C:\xampp\htdocs\smart-asset-management\frontend\node_modules\hpack.js\node_modules\safe-buffer","safe-buffer"
"C:\xampp\htdocs\smart-asset-management\frontend\node_modules\hpack.js\node_modules\string_decoder","string_decoder"
"C:\xampp\htdocs\smart-asset-management\frontend\node_modules\hpack.js\node_modules\string_decoder\lib","lib"
"C:\xampp\htdocs\smart-asset-management\frontend\node_modules\hpack.js\test","test"
"C:\xampp\htdocs\smart-asset-management\frontend\node_modules\hpack.js\tools","tools"
"C:\xampp\htdocs\smart-asset-management\frontend\node_modules\html2canvas","html2canvas"
"C:\xampp\htdocs\smart-asset-management\frontend\node_modules\html2canvas\dist","dist"
"C:\xampp\htdocs\smart-asset-management\frontend\node_modules\html2canvas\dist\lib","lib"
"C:\xampp\htdocs\smart-asset-management\frontend\node_modules\html2canvas\dist\lib\__tests__","__tests__"
"C:\xampp\htdocs\smart-asset-management\frontend\node_modules\html2canvas\dist\lib\core","core"
"C:\xampp\htdocs\smart-asset-management\frontend\node_modules\html2canvas\dist\lib\core\__mocks__","__mocks__"
"C:\xampp\htdocs\smart-asset-management\frontend\node_modules\html2canvas\dist\lib\core\__tests__","__tests__"
"C:\xampp\htdocs\smart-asset-management\frontend\node_modules\html2canvas\dist\lib\css","css"
"C:\xampp\htdocs\smart-asset-management\frontend\node_modules\html2canvas\dist\lib\css\layout","layout"
"C:\xampp\htdocs\smart-asset-management\frontend\node_modules\html2canvas\dist\lib\css\layout\__mocks__","__mocks__"
"C:\xampp\htdocs\smart-asset-management\frontend\node_modules\html2canvas\dist\lib\css\property-descriptors","property-descriptors"
"C:\xampp\htdocs\smart-asset-management\frontend\node_modules\html2canvas\dist\lib\css\property-descriptors\__tests__","__tests__"
"C:\xampp\htdocs\smart-asset-management\frontend\node_modules\html2canvas\dist\lib\css\syntax","syntax"
"C:\xampp\htdocs\smart-asset-management\frontend\node_modules\html2canvas\dist\lib\css\syntax\__tests__","__tests__"
"C:\xampp\htdocs\smart-asset-management\frontend\node_modules\html2canvas\dist\lib\css\types","types"
"C:\xampp\htdocs\smart-asset-management\frontend\node_modules\html2canvas\dist\lib\css\types\__tests__","__tests__"
"C:\xampp\htdocs\smart-asset-management\frontend\node_modules\html2canvas\dist\lib\css\types\functions","functions"
"C:\xampp\htdocs\smart-asset-management\frontend\node_modules\html2canvas\dist\lib\css\types\functions\__tests__","__tests__"
"C:\xampp\htdocs\smart-asset-management\frontend\node_modules\html2canvas\dist\lib\dom","dom"
"C:\xampp\htdocs\smart-asset-management\frontend\node_modules\html2canvas\dist\lib\dom\__mocks__","__mocks__"
"C:\xampp\htdocs\smart-asset-management\frontend\node_modules\html2canvas\dist\lib\dom\elements","elements"
"C:\xampp\htdocs\smart-asset-management\frontend\node_modules\html2canvas\dist\lib\dom\replaced-elements","replaced-elements"
"C:\xampp\htdocs\smart-asset-management\frontend\node_modules\html2canvas\dist\lib\render","render"
"C:\xampp\htdocs\smart-asset-management\frontend\node_modules\html2canvas\dist\lib\render\canvas","canvas"
"C:\xampp\htdocs\smart-asset-management\frontend\node_modules\html2canvas\dist\types","types"
"C:\xampp\htdocs\smart-asset-management\frontend\node_modules\html2canvas\dist\types\__tests__","__tests__"
"C:\xampp\htdocs\smart-asset-management\frontend\node_modules\html2canvas\dist\types\core","core"
"C:\xampp\htdocs\smart-asset-management\frontend\node_modules\html2canvas\dist\types\core\__mocks__","__mocks__"
"C:\xampp\htdocs\smart-asset-management\frontend\node_modules\html2canvas\dist\types\core\__tests__","__tests__"
"C:\xampp\htdocs\smart-asset-management\frontend\node_modules\html2canvas\dist\types\css","css"
"C:\xampp\htdocs\smart-asset-management\frontend\node_modules\html2canvas\dist\types\css\layout","layout"
"C:\xampp\htdocs\smart-asset-management\frontend\node_modules\html2canvas\dist\types\css\layout\__mocks__","__mocks__"
"C:\xampp\htdocs\smart-asset-management\frontend\node_modules\html2canvas\dist\types\css\property-descriptors","property-descriptors"
"C:\xampp\htdocs\smart-asset-management\frontend\node_modules\html2canvas\dist\types\css\property-descriptors\__tests__","__tests__"
"C:\xampp\htdocs\smart-asset-management\frontend\node_modules\html2canvas\dist\types\css\syntax","syntax"
"C:\xampp\htdocs\smart-asset-management\frontend\node_modules\html2canvas\dist\types\css\syntax\__tests__","__tests__"
"C:\xampp\htdocs\smart-asset-management\frontend\node_modules\html2canvas\dist\types\css\types","types"
"C:\xampp\htdocs\smart-asset-management\frontend\node_modules\html2canvas\dist\types\css\types\__tests__","__tests__"
"C:\xampp\htdocs\smart-asset-management\frontend\node_modules\html2canvas\dist\types\css\types\functions","functions"
"C:\xampp\htdocs\smart-asset-management\frontend\node_modules\html2canvas\dist\types\css\types\functions\__tests__","__tests__"
"C:\xampp\htdocs\smart-asset-management\frontend\node_modules\html2canvas\dist\types\dom","dom"
"C:\xampp\htdocs\smart-asset-management\frontend\node_modules\html2canvas\dist\types\dom\__mocks__","__mocks__"
"C:\xampp\htdocs\smart-asset-management\frontend\node_modules\html2canvas\dist\types\dom\elements","elements"
"C:\xampp\htdocs\smart-asset-management\frontend\node_modules\html2canvas\dist\types\dom\replaced-elements","replaced-elements"
"C:\xampp\htdocs\smart-asset-management\frontend\node_modules\html2canvas\dist\types\render","render"
"C:\xampp\htdocs\smart-asset-management\frontend\node_modules\html2canvas\dist\types\render\canvas","canvas"
"C:\xampp\htdocs\smart-asset-management\frontend\node_modules\html-encoding-sniffer","html-encoding-sniffer"
"C:\xampp\htdocs\smart-asset-management\frontend\node_modules\html-encoding-sniffer\lib","lib"
"C:\xampp\htdocs\smart-asset-management\frontend\node_modules\html-entities","html-entities"
"C:\xampp\htdocs\smart-asset-management\frontend\node_modules\html-entities\dist","dist"
"C:\xampp\htdocs\smart-asset-management\frontend\node_modules\html-entities\dist\commonjs","commonjs"
"C:\xampp\htdocs\smart-asset-management\frontend\node_modules\html-entities\dist\esm","esm"
"C:\xampp\htdocs\smart-asset-management\frontend\node_modules\html-entities\src","src"
"C:\xampp\htdocs\smart-asset-management\frontend\node_modules\html-escaper","html-escaper"
"C:\xampp\htdocs\smart-asset-management\frontend\node_modules\html-escaper\cjs","cjs"
"C:\xampp\htdocs\smart-asset-management\frontend\node_modules\html-escaper\esm","esm"
"C:\xampp\htdocs\smart-asset-management\frontend\node_modules\html-escaper\test","test"
"C:\xampp\htdocs\smart-asset-management\frontend\node_modules\html-minifier-terser","html-minifier-terser"
"C:\xampp\htdocs\smart-asset-management\frontend\node_modules\html-minifier-terser\src","src"
"C:\xampp\htdocs\smart-asset-management\frontend\node_modules\htmlparser2","htmlparser2"
"C:\xampp\htdocs\smart-asset-management\frontend\node_modules\htmlparser2\lib","lib"
"C:\xampp\htdocs\smart-asset-management\frontend\node_modules\html-webpack-plugin","html-webpack-plugin"
"C:\xampp\htdocs\smart-asset-management\frontend\node_modules\html-webpack-plugin\lib","lib"
"C:\xampp\htdocs\smart-asset-management\frontend\node_modules\http-deceiver","http-deceiver"
"C:\xampp\htdocs\smart-asset-management\frontend\node_modules\http-deceiver\lib","lib"
"C:\xampp\htdocs\smart-asset-management\frontend\node_modules\http-deceiver\test","test"
"C:\xampp\htdocs\smart-asset-management\frontend\node_modules\http-errors","http-errors"
"C:\xampp\htdocs\smart-asset-management\frontend\node_modules\http-parser-js","http-parser-js"
"C:\xampp\htdocs\smart-asset-management\frontend\node_modules\http-proxy","http-proxy"
"C:\xampp\htdocs\smart-asset-management\frontend\node_modules\http-proxy\lib","lib"
"C:\xampp\htdocs\smart-asset-management\frontend\node_modules\http-proxy\lib\http-proxy","http-proxy"
"C:\xampp\htdocs\smart-asset-management\frontend\node_modules\http-proxy\lib\http-proxy\passes","passes"
"C:\xampp\htdocs\smart-asset-management\frontend\node_modules\http-proxy-agent","http-proxy-agent"
"C:\xampp\htdocs\smart-asset-management\frontend\node_modules\http-proxy-agent\dist","dist"
"C:\xampp\htdocs\smart-asset-management\frontend\node_modules\http-proxy-middleware","http-proxy-middleware"
"C:\xampp\htdocs\smart-asset-management\frontend\node_modules\http-proxy-middleware\dist","dist"
"C:\xampp\htdocs\smart-asset-management\frontend\node_modules\http-proxy-middleware\dist\handlers","handlers"
"C:\xampp\htdocs\smart-asset-management\frontend\node_modules\https-proxy-agent","https-proxy-agent"
"C:\xampp\htdocs\smart-asset-management\frontend\node_modules\https-proxy-agent\dist","dist"
"C:\xampp\htdocs\smart-asset-management\frontend\node_modules\human-signals","human-signals"
"C:\xampp\htdocs\smart-asset-management\frontend\node_modules\human-signals\build","build"
"C:\xampp\htdocs\smart-asset-management\frontend\node_modules\human-signals\build\src","src"
"C:\xampp\htdocs\smart-asset-management\frontend\node_modules\iconv-lite","iconv-lite"
"C:\xampp\htdocs\smart-asset-management\frontend\node_modules\iconv-lite\.github",".github"
"C:\xampp\htdocs\smart-asset-management\frontend\node_modules\iconv-lite\.idea",".idea"
"C:\xampp\htdocs\smart-asset-management\frontend\node_modules\iconv-lite\.idea\codeStyles","codeStyles"
"C:\xampp\htdocs\smart-asset-management\frontend\node_modules\iconv-lite\.idea\inspectionProfiles","inspectionProfiles"
"C:\xampp\htdocs\smart-asset-management\frontend\node_modules\iconv-lite\encodings","encodings"
"C:\xampp\htdocs\smart-asset-management\frontend\node_modules\iconv-lite\encodings\tables","tables"
"C:\xampp\htdocs\smart-asset-management\frontend\node_modules\iconv-lite\lib","lib"
"C:\xampp\htdocs\smart-asset-management\frontend\node_modules\icss-utils","icss-utils"
"C:\xampp\htdocs\smart-asset-management\frontend\node_modules\icss-utils\src","src"
"C:\xampp\htdocs\smart-asset-management\frontend\node_modules\idb","idb"
"C:\xampp\htdocs\smart-asset-management\frontend\node_modules\idb\build","build"
"C:\xampp\htdocs\smart-asset-management\frontend\node_modules\identity-obj-proxy","identity-obj-proxy"
"C:\xampp\htdocs\smart-asset-management\frontend\node_modules\identity-obj-proxy\src","src"
"C:\xampp\htdocs\smart-asset-management\frontend\node_modules\identity-obj-proxy\src\__tests__","__tests__"
"C:\xampp\htdocs\smart-asset-management\frontend\node_modules\identity-obj-proxy\src\test-redirections","test-redirections"
"C:\xampp\htdocs\smart-asset-management\frontend\node_modules\ignore","ignore"
"C:\xampp\htdocs\smart-asset-management\frontend\node_modules\immer","immer"
"C:\xampp\htdocs\smart-asset-management\frontend\node_modules\immer\compat","compat"
"C:\xampp\htdocs\smart-asset-management\frontend\node_modules\immer\compat\pre-3.7","pre-3.7"
"C:\xampp\htdocs\smart-asset-management\frontend\node_modules\immer\compat\pre-3.7\dist","dist"
"C:\xampp\htdocs\smart-asset-management\frontend\node_modules\immer\dist","dist"
"C:\xampp\htdocs\smart-asset-management\frontend\node_modules\immer\dist\core","core"
"C:\xampp\htdocs\smart-asset-management\frontend\node_modules\immer\dist\plugins","plugins"
"C:\xampp\htdocs\smart-asset-management\frontend\node_modules\immer\dist\types","types"
"C:\xampp\htdocs\smart-asset-management\frontend\node_modules\immer\dist\utils","utils"
"C:\xampp\htdocs\smart-asset-management\frontend\node_modules\immer\src","src"
"C:\xampp\htdocs\smart-asset-management\frontend\node_modules\immer\src\core","core"
"C:\xampp\htdocs\smart-asset-management\frontend\node_modules\immer\src\plugins","plugins"
"C:\xampp\htdocs\smart-asset-management\frontend\node_modules\immer\src\types","types"
"C:\xampp\htdocs\smart-asset-management\frontend\node_modules\immer\src\utils","utils"
"C:\xampp\htdocs\smart-asset-management\frontend\node_modules\import-fresh","import-fresh"
"C:\xampp\htdocs\smart-asset-management\frontend\node_modules\import-local","import-local"
"C:\xampp\htdocs\smart-asset-management\frontend\node_modules\import-local\fixtures","fixtures"
"C:\xampp\htdocs\smart-asset-management\frontend\node_modules\imurmurhash","imurmurhash"
"C:\xampp\htdocs\smart-asset-management\frontend\node_modules\indent-string","indent-string"
"C:\xampp\htdocs\smart-asset-management\frontend\node_modules\inflight","inflight"
"C:\xampp\htdocs\smart-asset-management\frontend\node_modules\inherits","inherits"
"C:\xampp\htdocs\smart-asset-management\frontend\node_modules\ini","ini"
"C:\xampp\htdocs\smart-asset-management\frontend\node_modules\internal-slot","internal-slot"
"C:\xampp\htdocs\smart-asset-management\frontend\node_modules\internal-slot\.github",".github"
"C:\xampp\htdocs\smart-asset-management\frontend\node_modules\internal-slot\test","test"
"C:\xampp\htdocs\smart-asset-management\frontend\node_modules\iobuffer","iobuffer"
"C:\xampp\htdocs\smart-asset-management\frontend\node_modules\iobuffer\lib","lib"
"C:\xampp\htdocs\smart-asset-management\frontend\node_modules\iobuffer\lib-esm","lib-esm"
"C:\xampp\htdocs\smart-asset-management\frontend\node_modules\iobuffer\src","src"
"C:\xampp\htdocs\smart-asset-management\frontend\node_modules\ipaddr.js","ipaddr.js"
"C:\xampp\htdocs\smart-asset-management\frontend\node_modules\ipaddr.js\lib","lib"
"C:\xampp\htdocs\smart-asset-management\frontend\node_modules\isarray","isarray"
"C:\xampp\htdocs\smart-asset-management\frontend\node_modules\is-array-buffer","is-array-buffer"
"C:\xampp\htdocs\smart-asset-management\frontend\node_modules\is-array-buffer\.github",".github"
"C:\xampp\htdocs\smart-asset-management\frontend\node_modules\is-array-buffer\test","test"
"C:\xampp\htdocs\smart-asset-management\frontend\node_modules\is-arrayish","is-arrayish"
"C:\xampp\htdocs\smart-asset-management\frontend\node_modules\is-async-function","is-async-function"
"C:\xampp\htdocs\smart-asset-management\frontend\node_modules\is-async-function\test","test"
"C:\xampp\htdocs\smart-asset-management\frontend\node_modules\is-bigint","is-bigint"
"C:\xampp\htdocs\smart-asset-management\frontend\node_modules\is-bigint\.github",".github"
"C:\xampp\htdocs\smart-asset-management\frontend\node_modules\is-bigint\test","test"
"C:\xampp\htdocs\smart-asset-management\frontend\node_modules\is-binary-path","is-binary-path"
"C:\xampp\htdocs\smart-asset-management\frontend\node_modules\is-boolean-object","is-boolean-object"
"C:\xampp\htdocs\smart-asset-management\frontend\node_modules\is-boolean-object\.github",".github"
"C:\xampp\htdocs\smart-asset-management\frontend\node_modules\is-boolean-object\test","test"
"C:\xampp\htdocs\smart-asset-management\frontend\node_modules\is-callable","is-callable"
"C:\xampp\htdocs\smart-asset-management\frontend\node_modules\is-callable\.github",".github"
"C:\xampp\htdocs\smart-asset-management\frontend\node_modules\is-callable\test","test"
"C:\xampp\htdocs\smart-asset-management\frontend\node_modules\is-core-module","is-core-module"
"C:\xampp\htdocs\smart-asset-management\frontend\node_modules\is-core-module\test","test"
"C:\xampp\htdocs\smart-asset-management\frontend\node_modules\is-data-view","is-data-view"
"C:\xampp\htdocs\smart-asset-management\frontend\node_modules\is-data-view\.github",".github"
"C:\xampp\htdocs\smart-asset-management\frontend\node_modules\is-data-view\test","test"
"C:\xampp\htdocs\smart-asset-management\frontend\node_modules\is-date-object","is-date-object"
"C:\xampp\htdocs\smart-asset-management\frontend\node_modules\is-date-object\.github",".github"
"C:\xampp\htdocs\smart-asset-management\frontend\node_modules\is-date-object\test","test"
"C:\xampp\htdocs\smart-asset-management\frontend\node_modules\is-docker","is-docker"
"C:\xampp\htdocs\smart-asset-management\frontend\node_modules\is-document.all","is-document.all"
"C:\xampp\htdocs\smart-asset-management\frontend\node_modules\is-document.all\.github",".github"
"C:\xampp\htdocs\smart-asset-management\frontend\node_modules\is-document.all\test","test"
"C:\xampp\htdocs\smart-asset-management\frontend\node_modules\isexe","isexe"
"C:\xampp\htdocs\smart-asset-management\frontend\node_modules\isexe\test","test"
"C:\xampp\htdocs\smart-asset-management\frontend\node_modules\is-extglob","is-extglob"
"C:\xampp\htdocs\smart-asset-management\frontend\node_modules\is-finalizationregistry","is-finalizationregistry"
"C:\xampp\htdocs\smart-asset-management\frontend\node_modules\is-finalizationregistry\.github",".github"
"C:\xampp\htdocs\smart-asset-management\frontend\node_modules\is-finalizationregistry\test","test"
"C:\xampp\htdocs\smart-asset-management\frontend\node_modules\is-fullwidth-code-point","is-fullwidth-code-point"
"C:\xampp\htdocs\smart-asset-management\frontend\node_modules\is-generator-fn","is-generator-fn"
"C:\xampp\htdocs\smart-asset-management\frontend\node_modules\is-generator-function","is-generator-function"
"C:\xampp\htdocs\smart-asset-management\frontend\node_modules\is-generator-function\test","test"
"C:\xampp\htdocs\smart-asset-management\frontend\node_modules\is-glob","is-glob"
"C:\xampp\htdocs\smart-asset-management\frontend\node_modules\is-map","is-map"
"C:\xampp\htdocs\smart-asset-management\frontend\node_modules\is-map\.github",".github"
"C:\xampp\htdocs\smart-asset-management\frontend\node_modules\is-map\test","test"
"C:\xampp\htdocs\smart-asset-management\frontend\node_modules\is-module","is-module"
"C:\xampp\htdocs\smart-asset-management\frontend\node_modules\is-negative-zero","is-negative-zero"
"C:\xampp\htdocs\smart-asset-management\frontend\node_modules\is-negative-zero\.github",".github"
"C:\xampp\htdocs\smart-asset-management\frontend\node_modules\is-negative-zero\test","test"
"C:\xampp\htdocs\smart-asset-management\frontend\node_modules\is-number","is-number"
"C:\xampp\htdocs\smart-asset-management\frontend\node_modules\is-number-object","is-number-object"
"C:\xampp\htdocs\smart-asset-management\frontend\node_modules\is-number-object\.github",".github"
"C:\xampp\htdocs\smart-asset-management\frontend\node_modules\is-number-object\test","test"
"C:\xampp\htdocs\smart-asset-management\frontend\node_modules\is-obj","is-obj"
"C:\xampp\htdocs\smart-asset-management\frontend\node_modules\is-path-inside","is-path-inside"
"C:\xampp\htdocs\smart-asset-management\frontend\node_modules\is-plain-obj","is-plain-obj"
"C:\xampp\htdocs\smart-asset-management\frontend\node_modules\is-potential-custom-element-name","is-potential-custom-element-name"
"C:\xampp\htdocs\smart-asset-management\frontend\node_modules\is-regex","is-regex"
"C:\xampp\htdocs\smart-asset-management\frontend\node_modules\is-regex\test","test"
"C:\xampp\htdocs\smart-asset-management\frontend\node_modules\is-regexp","is-regexp"
"C:\xampp\htdocs\smart-asset-management\frontend\node_modules\is-root","is-root"
"C:\xampp\htdocs\smart-asset-management\frontend\node_modules\is-set","is-set"
"C:\xampp\htdocs\smart-asset-management\frontend\node_modules\is-set\.github",".github"
"C:\xampp\htdocs\smart-asset-management\frontend\node_modules\is-set\test","test"
"C:\xampp\htdocs\smart-asset-management\frontend\node_modules\is-shared-array-buffer","is-shared-array-buffer"
"C:\xampp\htdocs\smart-asset-management\frontend\node_modules\is-shared-array-buffer\.github",".github"
"C:\xampp\htdocs\smart-asset-management\frontend\node_modules\is-shared-array-buffer\test","test"
"C:\xampp\htdocs\smart-asset-management\frontend\node_modules\is-stream","is-stream"
"C:\xampp\htdocs\smart-asset-management\frontend\node_modules\is-string","is-string"
"C:\xampp\htdocs\smart-asset-management\frontend\node_modules\is-string\.github",".github"
"C:\xampp\htdocs\smart-asset-management\frontend\node_modules\is-string\test","test"
"C:\xampp\htdocs\smart-asset-management\frontend\node_modules\is-symbol","is-symbol"
"C:\xampp\htdocs\smart-asset-management\frontend\node_modules\is-symbol\.github",".github"
"C:\xampp\htdocs\smart-asset-management\frontend\node_modules\is-symbol\test","test"
"C:\xampp\htdocs\smart-asset-management\frontend\node_modules\istanbul-lib-coverage","istanbul-lib-coverage"
"C:\xampp\htdocs\smart-asset-management\frontend\node_modules\istanbul-lib-coverage\lib","lib"
"C:\xampp\htdocs\smart-asset-management\frontend\node_modules\istanbul-lib-instrument","istanbul-lib-instrument"
"C:\xampp\htdocs\smart-asset-management\frontend\node_modules\istanbul-lib-instrument\node_modules","node_modules"
"C:\xampp\htdocs\smart-asset-management\frontend\node_modules\istanbul-lib-instrument\node_modules\.bin",".bin"
"C:\xampp\htdocs\smart-asset-management\frontend\node_modules\istanbul-lib-instrument\node_modules\semver","semver"
"C:\xampp\htdocs\smart-asset-management\frontend\node_modules\istanbul-lib-instrument\node_modules\semver\bin","bin"
"C:\xampp\htdocs\smart-asset-management\frontend\node_modules\istanbul-lib-instrument\src","src"
"C:\xampp\htdocs\smart-asset-management\frontend\node_modules\istanbul-lib-report","istanbul-lib-report"
"C:\xampp\htdocs\smart-asset-management\frontend\node_modules\istanbul-lib-report\lib","lib"
"C:\xampp\htdocs\smart-asset-management\frontend\node_modules\istanbul-lib-report\node_modules","node_modules"
"C:\xampp\htdocs\smart-asset-management\frontend\node_modules\istanbul-lib-report\node_modules\make-dir","make-dir"
"C:\xampp\htdocs\smart-asset-management\frontend\node_modules\istanbul-lib-source-maps","istanbul-lib-source-maps"
"C:\xampp\htdocs\smart-asset-management\frontend\node_modules\istanbul-lib-source-maps\lib","lib"
"C:\xampp\htdocs\smart-asset-management\frontend\node_modules\istanbul-lib-source-maps\node_modules","node_modules"
"C:\xampp\htdocs\smart-asset-management\frontend\node_modules\istanbul-lib-source-maps\node_modules\source-map","source-map"
"C:\xampp\htdocs\smart-asset-management\frontend\node_modules\istanbul-lib-source-maps\node_modules\source-map\dist","dist"
"C:\xampp\htdocs\smart-asset-management\frontend\node_modules\istanbul-lib-source-maps\node_modules\source-map\lib","lib"
"C:\xampp\htdocs\smart-asset-management\frontend\node_modules\istanbul-reports","istanbul-reports"
"C:\xampp\htdocs\smart-asset-management\frontend\node_modules\istanbul-reports\lib","lib"
"C:\xampp\htdocs\smart-asset-management\frontend\node_modules\istanbul-reports\lib\clover","clover"
"C:\xampp\htdocs\smart-asset-management\frontend\node_modules\istanbul-reports\lib\cobertura","cobertura"
"C:\xampp\htdocs\smart-asset-management\frontend\node_modules\istanbul-reports\lib\html","html"
"C:\xampp\htdocs\smart-asset-management\frontend\node_modules\istanbul-reports\lib\html\assets","assets"
"C:\xampp\htdocs\smart-asset-management\frontend\node_modules\istanbul-reports\lib\html\assets\vendor","vendor"
"C:\xampp\htdocs\smart-asset-management\frontend\node_modules\istanbul-reports\lib\html-spa","html-spa"
"C:\xampp\htdocs\smart-asset-management\frontend\node_modules\istanbul-reports\lib\html-spa\assets","assets"
"C:\xampp\htdocs\smart-asset-management\frontend\node_modules\istanbul-reports\lib\html-spa\src","src"
"C:\xampp\htdocs\smart-asset-management\frontend\node_modules\istanbul-reports\lib\json","json"
"C:\xampp\htdocs\smart-asset-management\frontend\node_modules\istanbul-reports\lib\json-summary","json-summary"
"C:\xampp\htdocs\smart-asset-management\frontend\node_modules\istanbul-reports\lib\lcov","lcov"
"C:\xampp\htdocs\smart-asset-management\frontend\node_modules\istanbul-reports\lib\lcovonly","lcovonly"
"C:\xampp\htdocs\smart-asset-management\frontend\node_modules\istanbul-reports\lib\none","none"
"C:\xampp\htdocs\smart-asset-management\frontend\node_modules\istanbul-reports\lib\teamcity","teamcity"
"C:\xampp\htdocs\smart-asset-management\frontend\node_modules\istanbul-reports\lib\text","text"
"C:\xampp\htdocs\smart-asset-management\frontend\node_modules\istanbul-reports\lib\text-lcov","text-lcov"
"C:\xampp\htdocs\smart-asset-management\frontend\node_modules\istanbul-reports\lib\text-summary","text-summary"
"C:\xampp\htdocs\smart-asset-management\frontend\node_modules\is-typedarray","is-typedarray"
"C:\xampp\htdocs\smart-asset-management\frontend\node_modules\is-typed-array","is-typed-array"
"C:\xampp\htdocs\smart-asset-management\frontend\node_modules\is-typed-array\.github",".github"
"C:\xampp\htdocs\smart-asset-management\frontend\node_modules\is-typed-array\test","test"
"C:\xampp\htdocs\smart-asset-management\frontend\node_modules\is-weakmap","is-weakmap"
"C:\xampp\htdocs\smart-asset-management\frontend\node_modules\is-weakmap\.github",".github"
"C:\xampp\htdocs\smart-asset-management\frontend\node_modules\is-weakmap\test","test"
"C:\xampp\htdocs\smart-asset-management\frontend\node_modules\is-weakref","is-weakref"
"C:\xampp\htdocs\smart-asset-management\frontend\node_modules\is-weakref\.github",".github"
"C:\xampp\htdocs\smart-asset-management\frontend\node_modules\is-weakref\test","test"
"C:\xampp\htdocs\smart-asset-management\frontend\node_modules\is-weakset","is-weakset"
"C:\xampp\htdocs\smart-asset-management\frontend\node_modules\is-weakset\.github",".github"
"C:\xampp\htdocs\smart-asset-management\frontend\node_modules\is-weakset\test","test"
"C:\xampp\htdocs\smart-asset-management\frontend\node_modules\is-wsl","is-wsl"
"C:\xampp\htdocs\smart-asset-management\frontend\node_modules\iterator.prototype","iterator.prototype"
"C:\xampp\htdocs\smart-asset-management\frontend\node_modules\iterator.prototype\.github",".github"
"C:\xampp\htdocs\smart-asset-management\frontend\node_modules\iterator.prototype\test","test"
"C:\xampp\htdocs\smart-asset-management\frontend\node_modules\jake","jake"
"C:\xampp\htdocs\smart-asset-management\frontend\node_modules\jake\bin","bin"
"C:\xampp\htdocs\smart-asset-management\frontend\node_modules\jake\lib","lib"
"C:\xampp\htdocs\smart-asset-management\frontend\node_modules\jake\lib\task","task"
"C:\xampp\htdocs\smart-asset-management\frontend\node_modules\jake\lib\utils","utils"
"C:\xampp\htdocs\smart-asset-management\frontend\node_modules\jake\test","test"
"C:\xampp\htdocs\smart-asset-management\frontend\node_modules\jake\test\integration","integration"
"C:\xampp\htdocs\smart-asset-management\frontend\node_modules\jake\test\integration\jakelib","jakelib"
"C:\xampp\htdocs\smart-asset-management\frontend\node_modules\jake\test\unit","unit"
"C:\xampp\htdocs\smart-asset-management\frontend\node_modules\jest","jest"
"C:\xampp\htdocs\smart-asset-management\frontend\node_modules\jest\bin","bin"
"C:\xampp\htdocs\smart-asset-management\frontend\node_modules\jest\build","build"
"C:\xampp\htdocs\smart-asset-management\frontend\node_modules\jest-changed-files","jest-changed-files"
"C:\xampp\htdocs\smart-asset-management\frontend\node_modules\jest-changed-files\build","build"
"C:\xampp\htdocs\smart-asset-management\frontend\node_modules\jest-circus","jest-circus"
"C:\xampp\htdocs\smart-asset-management\frontend\node_modules\jest-circus\build","build"
"C:\xampp\htdocs\smart-asset-management\frontend\node_modules\jest-circus\build\legacy-code-todo-rewrite","legacy-code-todo-rewrite"
"C:\xampp\htdocs\smart-asset-management\frontend\node_modules\jest-cli","jest-cli"
"C:\xampp\htdocs\smart-asset-management\frontend\node_modules\jest-cli\bin","bin"
"C:\xampp\htdocs\smart-asset-management\frontend\node_modules\jest-cli\build","build"
"C:\xampp\htdocs\smart-asset-management\frontend\node_modules\jest-cli\build\cli","cli"
"C:\xampp\htdocs\smart-asset-management\frontend\node_modules\jest-cli\build\init","init"
"C:\xampp\htdocs\smart-asset-management\frontend\node_modules\jest-config","jest-config"
"C:\xampp\htdocs\smart-asset-management\frontend\node_modules\jest-config\build","build"
"C:\xampp\htdocs\smart-asset-management\frontend\node_modules\jest-diff","jest-diff"
"C:\xampp\htdocs\smart-asset-management\frontend\node_modules\jest-diff\build","build"
"C:\xampp\htdocs\smart-asset-management\frontend\node_modules\jest-docblock","jest-docblock"
"C:\xampp\htdocs\smart-asset-management\frontend\node_modules\jest-docblock\build","build"
"C:\xampp\htdocs\smart-asset-management\frontend\node_modules\jest-each","jest-each"
"C:\xampp\htdocs\smart-asset-management\frontend\node_modules\jest-each\build","build"
"C:\xampp\htdocs\smart-asset-management\frontend\node_modules\jest-each\build\table","table"
"C:\xampp\htdocs\smart-asset-management\frontend\node_modules\jest-environment-jsdom","jest-environment-jsdom"
"C:\xampp\htdocs\smart-asset-management\frontend\node_modules\jest-environment-jsdom\build","build"
"C:\xampp\htdocs\smart-asset-management\frontend\node_modules\jest-environment-node","jest-environment-node"
"C:\xampp\htdocs\smart-asset-management\frontend\node_modules\jest-environment-node\build","build"
"C:\xampp\htdocs\smart-asset-management\frontend\node_modules\jest-get-type","jest-get-type"
"C:\xampp\htdocs\smart-asset-management\frontend\node_modules\jest-get-type\build","build"
"C:\xampp\htdocs\smart-asset-management\frontend\node_modules\jest-haste-map","jest-haste-map"
"C:\xampp\htdocs\smart-asset-management\frontend\node_modules\jest-haste-map\build","build"
"C:\xampp\htdocs\smart-asset-management\frontend\node_modules\jest-haste-map\build\crawlers","crawlers"
"C:\xampp\htdocs\smart-asset-management\frontend\node_modules\jest-haste-map\build\lib","lib"
"C:\xampp\htdocs\smart-asset-management\frontend\node_modules\jest-haste-map\build\watchers","watchers"
"C:\xampp\htdocs\smart-asset-management\frontend\node_modules\jest-jasmine2","jest-jasmine2"
"C:\xampp\htdocs\smart-asset-management\frontend\node_modules\jest-jasmine2\build","build"
"C:\xampp\htdocs\smart-asset-management\frontend\node_modules\jest-jasmine2\build\jasmine","jasmine"
"C:\xampp\htdocs\smart-asset-management\frontend\node_modules\jest-leak-detector","jest-leak-detector"
"C:\xampp\htdocs\smart-asset-management\frontend\node_modules\jest-leak-detector\build","build"
"C:\xampp\htdocs\smart-asset-management\frontend\node_modules\jest-matcher-utils","jest-matcher-utils"
"C:\xampp\htdocs\smart-asset-management\frontend\node_modules\jest-matcher-utils\build","build"
"C:\xampp\htdocs\smart-asset-management\frontend\node_modules\jest-message-util","jest-message-util"
"C:\xampp\htdocs\smart-asset-management\frontend\node_modules\jest-message-util\build","build"
"C:\xampp\htdocs\smart-asset-management\frontend\node_modules\jest-mock","jest-mock"
"C:\xampp\htdocs\smart-asset-management\frontend\node_modules\jest-mock\build","build"
"C:\xampp\htdocs\smart-asset-management\frontend\node_modules\jest-pnp-resolver","jest-pnp-resolver"
"C:\xampp\htdocs\smart-asset-management\frontend\node_modules\jest-regex-util","jest-regex-util"
"C:\xampp\htdocs\smart-asset-management\frontend\node_modules\jest-regex-util\build","build"
"C:\xampp\htdocs\smart-asset-management\frontend\node_modules\jest-resolve","jest-resolve"
"C:\xampp\htdocs\smart-asset-management\frontend\node_modules\jest-resolve\build","build"
"C:\xampp\htdocs\smart-asset-management\frontend\node_modules\jest-resolve-dependencies","jest-resolve-dependencies"
"C:\xampp\htdocs\smart-asset-management\frontend\node_modules\jest-resolve-dependencies\build","build"
"C:\xampp\htdocs\smart-asset-management\frontend\node_modules\jest-runner","jest-runner"
"C:\xampp\htdocs\smart-asset-management\frontend\node_modules\jest-runner\build","build"
"C:\xampp\htdocs\smart-asset-management\frontend\node_modules\jest-runtime","jest-runtime"
"C:\xampp\htdocs\smart-asset-management\frontend\node_modules\jest-runtime\build","build"
"C:\xampp\htdocs\smart-asset-management\frontend\node_modules\jest-serializer","jest-serializer"
"C:\xampp\htdocs\smart-asset-management\frontend\node_modules\jest-serializer\build","build"
"C:\xampp\htdocs\smart-asset-management\frontend\node_modules\jest-snapshot","jest-snapshot"
"C:\xampp\htdocs\smart-asset-management\frontend\node_modules\jest-snapshot\build","build"
"C:\xampp\htdocs\smart-asset-management\frontend\node_modules\jest-util","jest-util"
"C:\xampp\htdocs\smart-asset-management\frontend\node_modules\jest-util\build","build"
"C:\xampp\htdocs\smart-asset-management\frontend\node_modules\jest-validate","jest-validate"
"C:\xampp\htdocs\smart-asset-management\frontend\node_modules\jest-validate\build","build"
"C:\xampp\htdocs\smart-asset-management\frontend\node_modules\jest-watcher","jest-watcher"
"C:\xampp\htdocs\smart-asset-management\frontend\node_modules\jest-watcher\build","build"
"C:\xampp\htdocs\smart-asset-management\frontend\node_modules\jest-watcher\build\lib","lib"
"C:\xampp\htdocs\smart-asset-management\frontend\node_modules\jest-watch-typeahead","jest-watch-typeahead"
"C:\xampp\htdocs\smart-asset-management\frontend\node_modules\jest-watch-typeahead\build","build"
"C:\xampp\htdocs\smart-asset-management\frontend\node_modules\jest-watch-typeahead\build\file_name_plugin","file_name_plugin"
"C:\xampp\htdocs\smart-asset-management\frontend\node_modules\jest-watch-typeahead\build\lib","lib"
"C:\xampp\htdocs\smart-asset-management\frontend\node_modules\jest-watch-typeahead\build\test_name_plugin","test_name_plugin"
"C:\xampp\htdocs\smart-asset-management\frontend\node_modules\jest-watch-typeahead\build\types","types"
"C:\xampp\htdocs\smart-asset-management\frontend\node_modules\jest-watch-typeahead\node_modules","node_modules"
"C:\xampp\htdocs\smart-asset-management\frontend\node_modules\jest-watch-typeahead\node_modules\@jest","@jest"
"C:\xampp\htdocs\smart-asset-management\frontend\node_modules\jest-watch-typeahead\node_modules\@jest\console","console"
"C:\xampp\htdocs\smart-asset-management\frontend\node_modules\jest-watch-typeahead\node_modules\@jest\console\build","build"
"C:\xampp\htdocs\smart-asset-management\frontend\node_modules\jest-watch-typeahead\node_modules\@jest\console\node_modules","node_modules"
"C:\xampp\htdocs\smart-asset-management\frontend\node_modules\jest-watch-typeahead\node_modules\@jest\console\node_modules\slash","slash"
"C:\xampp\htdocs\smart-asset-management\frontend\node_modules\jest-watch-typeahead\node_modules\@jest\test-result","test-result"
"C:\xampp\htdocs\smart-asset-management\frontend\node_modules\jest-watch-typeahead\node_modules\@jest\test-result\build","build"
"C:\xampp\htdocs\smart-asset-management\frontend\node_modules\jest-watch-typeahead\node_modules\@jest\types","types"
"C:\xampp\htdocs\smart-asset-management\frontend\node_modules\jest-watch-typeahead\node_modules\@jest\types\build","build"
"C:\xampp\htdocs\smart-asset-management\frontend\node_modules\jest-watch-typeahead\node_modules\@types","@types"
"C:\xampp\htdocs\smart-asset-management\frontend\node_modules\jest-watch-typeahead\node_modules\@types\yargs","yargs"
"C:\xampp\htdocs\smart-asset-management\frontend\node_modules\jest-watch-typeahead\node_modules\emittery","emittery"
"C:\xampp\htdocs\smart-asset-management\frontend\node_modules\jest-watch-typeahead\node_modules\jest-message-util","jest-message-util"
"C:\xampp\htdocs\smart-asset-management\frontend\node_modules\jest-watch-typeahead\node_modules\jest-message-util\build","build"
"C:\xampp\htdocs\smart-asset-management\frontend\node_modules\jest-watch-typeahead\node_modules\jest-message-util\node_modules","node_modules"
"C:\xampp\htdocs\smart-asset-management\frontend\node_modules\jest-watch-typeahead\node_modules\jest-message-util\node_modules\slash","slash"
"C:\xampp\htdocs\smart-asset-management\frontend\node_modules\jest-watch-typeahead\node_modules\jest-regex-util","jest-regex-util"
"C:\xampp\htdocs\smart-asset-management\frontend\node_modules\jest-watch-typeahead\node_modules\jest-regex-util\build","build"
"C:\xampp\htdocs\smart-asset-management\frontend\node_modules\jest-watch-typeahead\node_modules\jest-util","jest-util"
"C:\xampp\htdocs\smart-asset-management\frontend\node_modules\jest-watch-typeahead\node_modules\jest-util\build","build"
"C:\xampp\htdocs\smart-asset-management\frontend\node_modules\jest-watch-typeahead\node_modules\jest-watcher","jest-watcher"
"C:\xampp\htdocs\smart-asset-management\frontend\node_modules\jest-watch-typeahead\node_modules\jest-watcher\build","build"
"C:\xampp\htdocs\smart-asset-management\frontend\node_modules\jest-watch-typeahead\node_modules\jest-watcher\build\lib","lib"
"C:\xampp\htdocs\smart-asset-management\frontend\node_modules\jest-watch-typeahead\node_modules\jest-watcher\node_modules","node_modules"
"C:\xampp\htdocs\smart-asset-management\frontend\node_modules\jest-watch-typeahead\node_modules\jest-watcher\node_modules\string-length","string-length"
"C:\xampp\htdocs\smart-asset-management\frontend\node_modules\jest-watch-typeahead\node_modules\jest-watcher\node_modules\strip-ansi","strip-ansi"
"C:\xampp\htdocs\smart-asset-management\frontend\node_modules\jest-watch-typeahead\node_modules\pretty-format","pretty-format"
"C:\xampp\htdocs\smart-asset-management\frontend\node_modules\jest-watch-typeahead\node_modules\pretty-format\build","build"
"C:\xampp\htdocs\smart-asset-management\frontend\node_modules\jest-watch-typeahead\node_modules\pretty-format\build\plugins","plugins"
"C:\xampp\htdocs\smart-asset-management\frontend\node_modules\jest-watch-typeahead\node_modules\pretty-format\build\plugins\lib","lib"
"C:\xampp\htdocs\smart-asset-management\frontend\node_modules\jest-watch-typeahead\node_modules\react-is","react-is"
"C:\xampp\htdocs\smart-asset-management\frontend\node_modules\jest-watch-typeahead\node_modules\react-is\cjs","cjs"
"C:\xampp\htdocs\smart-asset-management\frontend\node_modules\jest-watch-typeahead\node_modules\react-is\umd","umd"
"C:\xampp\htdocs\smart-asset-management\frontend\node_modules\jest-watch-typeahead\node_modules\slash","slash"
"C:\xampp\htdocs\smart-asset-management\frontend\node_modules\jest-watch-typeahead\node_modules\string-length","string-length"
"C:\xampp\htdocs\smart-asset-management\frontend\node_modules\jest-watch-typeahead\node_modules\string-length\node_modules","node_modules"
"C:\xampp\htdocs\smart-asset-management\frontend\node_modules\jest-watch-typeahead\node_modules\string-length\node_modules\char-regex","char-regex"
"C:\xampp\htdocs\smart-asset-management\frontend\node_modules\jest-watch-typeahead\node_modules\strip-ansi","strip-ansi"
"C:\xampp\htdocs\smart-asset-management\frontend\node_modules\jest-watch-typeahead\node_modules\strip-ansi\node_modules","node_modules"
"C:\xampp\htdocs\smart-asset-management\frontend\node_modules\jest-watch-typeahead\node_modules\strip-ansi\node_modules\ansi-regex","ansi-regex"
"C:\xampp\htdocs\smart-asset-management\frontend\node_modules\jest-worker","jest-worker"
"C:\xampp\htdocs\smart-asset-management\frontend\node_modules\jest-worker\build","build"
"C:\xampp\htdocs\smart-asset-management\frontend\node_modules\jest-worker\build\base","base"
"C:\xampp\htdocs\smart-asset-management\frontend\node_modules\jest-worker\build\workers","workers"
"C:\xampp\htdocs\smart-asset-management\frontend\node_modules\jest-worker\node_modules","node_modules"
"C:\xampp\htdocs\smart-asset-management\frontend\node_modules\jest-worker\node_modules\supports-color","supports-color"
"C:\xampp\htdocs\smart-asset-management\frontend\node_modules\jiti","jiti"
"C:\xampp\htdocs\smart-asset-management\frontend\node_modules\jiti\bin","bin"
"C:\xampp\htdocs\smart-asset-management\frontend\node_modules\jiti\dist","dist"
"C:\xampp\htdocs\smart-asset-management\frontend\node_modules\jiti\dist\plugins","plugins"
"C:\xampp\htdocs\smart-asset-management\frontend\node_modules\jiti\lib","lib"
"C:\xampp\htdocs\smart-asset-management\frontend\node_modules\jsdom","jsdom"
"C:\xampp\htdocs\smart-asset-management\frontend\node_modules\jsdom\lib","lib"
"C:\xampp\htdocs\smart-asset-management\frontend\node_modules\jsdom\lib\jsdom","jsdom"
"C:\xampp\htdocs\smart-asset-management\frontend\node_modules\jsdom\lib\jsdom\browser","browser"
"C:\xampp\htdocs\smart-asset-management\frontend\node_modules\jsdom\lib\jsdom\browser\parser","parser"
"C:\xampp\htdocs\smart-asset-management\frontend\node_modules\jsdom\lib\jsdom\browser\resources","resources"
"C:\xampp\htdocs\smart-asset-management\frontend\node_modules\jsdom\lib\jsdom\level2","level2"
"C:\xampp\htdocs\smart-asset-management\frontend\node_modules\jsdom\lib\jsdom\level3","level3"
"C:\xampp\htdocs\smart-asset-management\frontend\node_modules\jsdom\lib\jsdom\living","living"
"C:\xampp\htdocs\smart-asset-management\frontend\node_modules\jsdom\lib\jsdom\living\aborting","aborting"
"C:\xampp\htdocs\smart-asset-management\frontend\node_modules\jsdom\lib\jsdom\living\attributes","attributes"
"C:\xampp\htdocs\smart-asset-management\frontend\node_modules\jsdom\lib\jsdom\living\constraint-validation","constraint-validation"
"C:\xampp\htdocs\smart-asset-management\frontend\node_modules\jsdom\lib\jsdom\living\cssom","cssom"
"C:\xampp\htdocs\smart-asset-management\frontend\node_modules\jsdom\lib\jsdom\living\custom-elements","custom-elements"
"C:\xampp\htdocs\smart-asset-management\frontend\node_modules\jsdom\lib\jsdom\living\domparsing","domparsing"
"C:\xampp\htdocs\smart-asset-management\frontend\node_modules\jsdom\lib\jsdom\living\events","events"
"C:\xampp\htdocs\smart-asset-management\frontend\node_modules\jsdom\lib\jsdom\living\fetch","fetch"
"C:\xampp\htdocs\smart-asset-management\frontend\node_modules\jsdom\lib\jsdom\living\file-api","file-api"
"C:\xampp\htdocs\smart-asset-management\frontend\node_modules\jsdom\lib\jsdom\living\generated","generated"
"C:\xampp\htdocs\smart-asset-management\frontend\node_modules\jsdom\lib\jsdom\living\helpers","helpers"
"C:\xampp\htdocs\smart-asset-management\frontend\node_modules\jsdom\lib\jsdom\living\helpers\svg","svg"
"C:\xampp\htdocs\smart-asset-management\frontend\node_modules\jsdom\lib\jsdom\living\hr-time","hr-time"
"C:\xampp\htdocs\smart-asset-management\frontend\node_modules\jsdom\lib\jsdom\living\mutation-observer","mutation-observer"
"C:\xampp\htdocs\smart-asset-management\frontend\node_modules\jsdom\lib\jsdom\living\navigator","navigator"
"C:\xampp\htdocs\smart-asset-management\frontend\node_modules\jsdom\lib\jsdom\living\nodes","nodes"
"C:\xampp\htdocs\smart-asset-management\frontend\node_modules\jsdom\lib\jsdom\living\range","range"
"C:\xampp\htdocs\smart-asset-management\frontend\node_modules\jsdom\lib\jsdom\living\selection","selection"
"C:\xampp\htdocs\smart-asset-management\frontend\node_modules\jsdom\lib\jsdom\living\svg","svg"
"C:\xampp\htdocs\smart-asset-management\frontend\node_modules\jsdom\lib\jsdom\living\traversal","traversal"
"C:\xampp\htdocs\smart-asset-management\frontend\node_modules\jsdom\lib\jsdom\living\websockets","websockets"
"C:\xampp\htdocs\smart-asset-management\frontend\node_modules\jsdom\lib\jsdom\living\webstorage","webstorage"
"C:\xampp\htdocs\smart-asset-management\frontend\node_modules\jsdom\lib\jsdom\living\window","window"
"C:\xampp\htdocs\smart-asset-management\frontend\node_modules\jsdom\lib\jsdom\living\xhr","xhr"
"C:\xampp\htdocs\smart-asset-management\frontend\node_modules\jsdom\node_modules","node_modules"
"C:\xampp\htdocs\smart-asset-management\frontend\node_modules\jsdom\node_modules\form-data","form-data"
"C:\xampp\htdocs\smart-asset-management\frontend\node_modules\jsdom\node_modules\form-data\lib","lib"
"C:\xampp\htdocs\smart-asset-management\frontend\node_modules\jsesc","jsesc"
"C:\xampp\htdocs\smart-asset-management\frontend\node_modules\jsesc\bin","bin"
"C:\xampp\htdocs\smart-asset-management\frontend\node_modules\jsesc\man","man"
"C:\xampp\htdocs\smart-asset-management\frontend\node_modules\json5","json5"
"C:\xampp\htdocs\smart-asset-management\frontend\node_modules\json5\dist","dist"
"C:\xampp\htdocs\smart-asset-management\frontend\node_modules\json5\lib","lib"
"C:\xampp\htdocs\smart-asset-management\frontend\node_modules\json-buffer","json-buffer"
"C:\xampp\htdocs\smart-asset-management\frontend\node_modules\json-buffer\test","test"
"C:\xampp\htdocs\smart-asset-management\frontend\node_modules\jsonfile","jsonfile"
"C:\xampp\htdocs\smart-asset-management\frontend\node_modules\json-parse-even-better-errors","json-parse-even-better-errors"
"C:\xampp\htdocs\smart-asset-management\frontend\node_modules\jsonpath","jsonpath"
"C:\xampp\htdocs\smart-asset-management\frontend\node_modules\jsonpath\bin","bin"
"C:\xampp\htdocs\smart-asset-management\frontend\node_modules\jsonpath\generated","generated"
"C:\xampp\htdocs\smart-asset-management\frontend\node_modules\jsonpath\include","include"
"C:\xampp\htdocs\smart-asset-management\frontend\node_modules\jsonpath\lib","lib"
"C:\xampp\htdocs\smart-asset-management\frontend\node_modules\jsonpath\node_modules","node_modules"
"C:\xampp\htdocs\smart-asset-management\frontend\node_modules\jsonpath\node_modules\.bin",".bin"
"C:\xampp\htdocs\smart-asset-management\frontend\node_modules\jsonpath\node_modules\esprima","esprima"
"C:\xampp\htdocs\smart-asset-management\frontend\node_modules\jsonpath\node_modules\esprima\bin","bin"
"C:\xampp\htdocs\smart-asset-management\frontend\node_modules\jsonpath\node_modules\esprima\test","test"
"C:\xampp\htdocs\smart-asset-management\frontend\node_modules\jsonpath\test","test"
"C:\xampp\htdocs\smart-asset-management\frontend\node_modules\jsonpath\test\data","data"
"C:\xampp\htdocs\smart-asset-management\frontend\node_modules\jsonpointer","jsonpointer"
"C:\xampp\htdocs\smart-asset-management\frontend\node_modules\json-schema-traverse","json-schema-traverse"
"C:\xampp\htdocs\smart-asset-management\frontend\node_modules\json-schema-traverse\spec","spec"
"C:\xampp\htdocs\smart-asset-management\frontend\node_modules\json-schema-traverse\spec\fixtures","fixtures"
"C:\xampp\htdocs\smart-asset-management\frontend\node_modules\json-stable-stringify-without-jsonify","json-stable-stringify-without-jsonify"
"C:\xampp\htdocs\smart-asset-management\frontend\node_modules\json-stable-stringify-without-jsonify\example","example"
"C:\xampp\htdocs\smart-asset-management\frontend\node_modules\json-stable-stringify-without-jsonify\test","test"
"C:\xampp\htdocs\smart-asset-management\frontend\node_modules\jspdf","jspdf"
"C:\xampp\htdocs\smart-asset-management\frontend\node_modules\jspdf\dist","dist"
"C:\xampp\htdocs\smart-asset-management\frontend\node_modules\jspdf\types","types"
"C:\xampp\htdocs\smart-asset-management\frontend\node_modules\jspdf-autotable","jspdf-autotable"
"C:\xampp\htdocs\smart-asset-management\frontend\node_modules\jspdf-autotable\dist","dist"
"C:\xampp\htdocs\smart-asset-management\frontend\node_modules\js-tokens","js-tokens"
"C:\xampp\htdocs\smart-asset-management\frontend\node_modules\jsx-ast-utils","jsx-ast-utils"
"C:\xampp\htdocs\smart-asset-management\frontend\node_modules\jsx-ast-utils\.github",".github"
"C:\xampp\htdocs\smart-asset-management\frontend\node_modules\jsx-ast-utils\__tests__","__tests__"
"C:\xampp\htdocs\smart-asset-management\frontend\node_modules\jsx-ast-utils\__tests__\src","src"
"C:\xampp\htdocs\smart-asset-management\frontend\node_modules\jsx-ast-utils\lib","lib"
"C:\xampp\htdocs\smart-asset-management\frontend\node_modules\jsx-ast-utils\lib\values","values"
"C:\xampp\htdocs\smart-asset-management\frontend\node_modules\jsx-ast-utils\lib\values\expressions","expressions"
"C:\xampp\htdocs\smart-asset-management\frontend\node_modules\jsx-ast-utils\src","src"
"C:\xampp\htdocs\smart-asset-management\frontend\node_modules\jsx-ast-utils\src\values","values"
"C:\xampp\htdocs\smart-asset-management\frontend\node_modules\jsx-ast-utils\src\values\expressions","expressions"
"C:\xampp\htdocs\smart-asset-management\frontend\node_modules\js-yaml","js-yaml"
"C:\xampp\htdocs\smart-asset-management\frontend\node_modules\js-yaml\bin","bin"
"C:\xampp\htdocs\smart-asset-management\frontend\node_modules\js-yaml\dist","dist"
"C:\xampp\htdocs\smart-asset-management\frontend\node_modules\js-yaml\lib","lib"
"C:\xampp\htdocs\smart-asset-management\frontend\node_modules\js-yaml\lib\js-yaml","js-yaml"
"C:\xampp\htdocs\smart-asset-management\frontend\node_modules\js-yaml\lib\js-yaml\schema","schema"
"C:\xampp\htdocs\smart-asset-management\frontend\node_modules\js-yaml\lib\js-yaml\type","type"
"C:\xampp\htdocs\smart-asset-management\frontend\node_modules\js-yaml\lib\js-yaml\type\js","js"
"C:\xampp\htdocs\smart-asset-management\frontend\node_modules\keyv","keyv"
"C:\xampp\htdocs\smart-asset-management\frontend\node_modules\keyv\src","src"
"C:\xampp\htdocs\smart-asset-management\frontend\node_modules\kind-of","kind-of"
"C:\xampp\htdocs\smart-asset-management\frontend\node_modules\kleur","kleur"
"C:\xampp\htdocs\smart-asset-management\frontend\node_modules\klona","klona"
"C:\xampp\htdocs\smart-asset-management\frontend\node_modules\klona\dist","dist"
"C:\xampp\htdocs\smart-asset-management\frontend\node_modules\klona\full","full"
"C:\xampp\htdocs\smart-asset-management\frontend\node_modules\klona\json","json"
"C:\xampp\htdocs\smart-asset-management\frontend\node_modules\klona\lite","lite"
"C:\xampp\htdocs\smart-asset-management\frontend\node_modules\language-subtag-registry","language-subtag-registry"
"C:\xampp\htdocs\smart-asset-management\frontend\node_modules\language-subtag-registry\data","data"
"C:\xampp\htdocs\smart-asset-management\frontend\node_modules\language-subtag-registry\data\json","json"
"C:\xampp\htdocs\smart-asset-management\frontend\node_modules\language-tags","language-tags"
"C:\xampp\htdocs\smart-asset-management\frontend\node_modules\language-tags\lib","lib"
"C:\xampp\htdocs\smart-asset-management\frontend\node_modules\launch-editor","launch-editor"
"C:\xampp\htdocs\smart-asset-management\frontend\node_modules\launch-editor\editor-info","editor-info"
"C:\xampp\htdocs\smart-asset-management\frontend\node_modules\leven","leven"
"C:\xampp\htdocs\smart-asset-management\frontend\node_modules\levn","levn"
"C:\xampp\htdocs\smart-asset-management\frontend\node_modules\levn\lib","lib"
"C:\xampp\htdocs\smart-asset-management\frontend\node_modules\lilconfig","lilconfig"
"C:\xampp\htdocs\smart-asset-management\frontend\node_modules\lilconfig\dist","dist"
"C:\xampp\htdocs\smart-asset-management\frontend\node_modules\lines-and-columns","lines-and-columns"
"C:\xampp\htdocs\smart-asset-management\frontend\node_modules\lines-and-columns\build","build"
"C:\xampp\htdocs\smart-asset-management\frontend\node_modules\loader-utils","loader-utils"
"C:\xampp\htdocs\smart-asset-management\frontend\node_modules\loader-utils\lib","lib"
"C:\xampp\htdocs\smart-asset-management\frontend\node_modules\loader-utils\lib\hash","hash"
"C:\xampp\htdocs\smart-asset-management\frontend\node_modules\locate-path","locate-path"
"C:\xampp\htdocs\smart-asset-management\frontend\node_modules\lodash","lodash"
"C:\xampp\htdocs\smart-asset-management\frontend\node_modules\lodash.debounce","lodash.debounce"
"C:\xampp\htdocs\smart-asset-management\frontend\node_modules\lodash.memoize","lodash.memoize"
"C:\xampp\htdocs\smart-asset-management\frontend\node_modules\lodash.merge","lodash.merge"
"C:\xampp\htdocs\smart-asset-management\frontend\node_modules\lodash.uniq","lodash.uniq"
"C:\xampp\htdocs\smart-asset-management\frontend\node_modules\lodash\fp","fp"
"C:\xampp\htdocs\smart-asset-management\frontend\node_modules\loose-envify","loose-envify"
"C:\xampp\htdocs\smart-asset-management\frontend\node_modules\lower-case","lower-case"
"C:\xampp\htdocs\smart-asset-management\frontend\node_modules\lower-case\dist","dist"
"C:\xampp\htdocs\smart-asset-management\frontend\node_modules\lower-case\dist.es2015","dist.es2015"
"C:\xampp\htdocs\smart-asset-management\frontend\node_modules\lru-cache","lru-cache"
"C:\xampp\htdocs\smart-asset-management\frontend\node_modules\lucide-react","lucide-react"
"C:\xampp\htdocs\smart-asset-management\frontend\node_modules\lucide-react\dist","dist"
"C:\xampp\htdocs\smart-asset-management\frontend\node_modules\lucide-react\dist\cjs","cjs"
"C:\xampp\htdocs\smart-asset-management\frontend\node_modules\lucide-react\dist\esm","esm"
"C:\xampp\htdocs\smart-asset-management\frontend\node_modules\lucide-react\dist\esm\icons","icons"
"C:\xampp\htdocs\smart-asset-management\frontend\node_modules\lucide-react\dist\esm\shared","shared"
"C:\xampp\htdocs\smart-asset-management\frontend\node_modules\lucide-react\dist\esm\shared\src","src"
"C:\xampp\htdocs\smart-asset-management\frontend\node_modules\lucide-react\dist\umd","umd"
"C:\xampp\htdocs\smart-asset-management\frontend\node_modules\lz-string","lz-string"
"C:\xampp\htdocs\smart-asset-management\frontend\node_modules\lz-string\bin","bin"
"C:\xampp\htdocs\smart-asset-management\frontend\node_modules\lz-string\libs","libs"
"C:\xampp\htdocs\smart-asset-management\frontend\node_modules\lz-string\reference","reference"
"C:\xampp\htdocs\smart-asset-management\frontend\node_modules\lz-string\tests","tests"
"C:\xampp\htdocs\smart-asset-management\frontend\node_modules\lz-string\tests\lib","lib"
"C:\xampp\htdocs\smart-asset-management\frontend\node_modules\lz-string\tests\lib\jasmine-1.3.1","jasmine-1.3.1"
"C:\xampp\htdocs\smart-asset-management\frontend\node_modules\lz-string\typings","typings"
"C:\xampp\htdocs\smart-asset-management\frontend\node_modules\magic-string","magic-string"
"C:\xampp\htdocs\smart-asset-management\frontend\node_modules\magic-string\dist","dist"
"C:\xampp\htdocs\smart-asset-management\frontend\node_modules\make-dir","make-dir"
"C:\xampp\htdocs\smart-asset-management\frontend\node_modules\make-dir\node_modules","node_modules"
"C:\xampp\htdocs\smart-asset-management\frontend\node_modules\make-dir\node_modules\.bin",".bin"
"C:\xampp\htdocs\smart-asset-management\frontend\node_modules\make-dir\node_modules\semver","semver"
"C:\xampp\htdocs\smart-asset-management\frontend\node_modules\make-dir\node_modules\semver\bin","bin"
"C:\xampp\htdocs\smart-asset-management\frontend\node_modules\makeerror","makeerror"
"C:\xampp\htdocs\smart-asset-management\frontend\node_modules\makeerror\lib","lib"
"C:\xampp\htdocs\smart-asset-management\frontend\node_modules\math-intrinsics","math-intrinsics"
"C:\xampp\htdocs\smart-asset-management\frontend\node_modules\math-intrinsics\.github",".github"
"C:\xampp\htdocs\smart-asset-management\frontend\node_modules\math-intrinsics\constants","constants"
"C:\xampp\htdocs\smart-asset-management\frontend\node_modules\math-intrinsics\test","test"
"C:\xampp\htdocs\smart-asset-management\frontend\node_modules\mdn-data","mdn-data"
"C:\xampp\htdocs\smart-asset-management\frontend\node_modules\mdn-data\api","api"
"C:\xampp\htdocs\smart-asset-management\frontend\node_modules\mdn-data\css","css"
"C:\xampp\htdocs\smart-asset-management\frontend\node_modules\mdn-data\l10n","l10n"
"C:\xampp\htdocs\smart-asset-management\frontend\node_modules\media-typer","media-typer"
"C:\xampp\htdocs\smart-asset-management\frontend\node_modules\memfs","memfs"
"C:\xampp\htdocs\smart-asset-management\frontend\node_modules\memfs\lib","lib"
"C:\xampp\htdocs\smart-asset-management\frontend\node_modules\memfs\lib\internal","internal"
"C:\xampp\htdocs\smart-asset-management\frontend\node_modules\merge2","merge2"
"C:\xampp\htdocs\smart-asset-management\frontend\node_modules\merge-descriptors","merge-descriptors"
"C:\xampp\htdocs\smart-asset-management\frontend\node_modules\merge-stream","merge-stream"
"C:\xampp\htdocs\smart-asset-management\frontend\node_modules\methods","methods"
"C:\xampp\htdocs\smart-asset-management\frontend\node_modules\micromatch","micromatch"
"C:\xampp\htdocs\smart-asset-management\frontend\node_modules\mime","mime"
"C:\xampp\htdocs\smart-asset-management\frontend\node_modules\mime\src","src"
"C:\xampp\htdocs\smart-asset-management\frontend\node_modules\mime-db","mime-db"
"C:\xampp\htdocs\smart-asset-management\frontend\node_modules\mime-types","mime-types"
"C:\xampp\htdocs\smart-asset-management\frontend\node_modules\mimic-fn","mimic-fn"
"C:\xampp\htdocs\smart-asset-management\frontend\node_modules\mini-css-extract-plugin","mini-css-extract-plugin"
"C:\xampp\htdocs\smart-asset-management\frontend\node_modules\mini-css-extract-plugin\dist","dist"
"C:\xampp\htdocs\smart-asset-management\frontend\node_modules\mini-css-extract-plugin\dist\hmr","hmr"
"C:\xampp\htdocs\smart-asset-management\frontend\node_modules\mini-css-extract-plugin\types","types"
"C:\xampp\htdocs\smart-asset-management\frontend\node_modules\mini-css-extract-plugin\types\hmr","hmr"
"C:\xampp\htdocs\smart-asset-management\frontend\node_modules\minimalistic-assert","minimalistic-assert"
"C:\xampp\htdocs\smart-asset-management\frontend\node_modules\minimatch","minimatch"
"C:\xampp\htdocs\smart-asset-management\frontend\node_modules\minimist","minimist"
"C:\xampp\htdocs\smart-asset-management\frontend\node_modules\minimist\.github",".github"
"C:\xampp\htdocs\smart-asset-management\frontend\node_modules\minimist\example","example"
"C:\xampp\htdocs\smart-asset-management\frontend\node_modules\minimist\test","test"
"C:\xampp\htdocs\smart-asset-management\frontend\node_modules\minimizer-webpack-plugin","minimizer-webpack-plugin"
"C:\xampp\htdocs\smart-asset-management\frontend\node_modules\minimizer-webpack-plugin\dist","dist"
"C:\xampp\htdocs\smart-asset-management\frontend\node_modules\minimizer-webpack-plugin\types","types"
"C:\xampp\htdocs\smart-asset-management\frontend\node_modules\min-indent","min-indent"
"C:\xampp\htdocs\smart-asset-management\frontend\node_modules\mkdirp","mkdirp"
"C:\xampp\htdocs\smart-asset-management\frontend\node_modules\mkdirp\bin","bin"
"C:\xampp\htdocs\smart-asset-management\frontend\node_modules\ms","ms"
"C:\xampp\htdocs\smart-asset-management\frontend\node_modules\multicast-dns","multicast-dns"
"C:\xampp\htdocs\smart-asset-management\frontend\node_modules\mz","mz"
"C:\xampp\htdocs\smart-asset-management\frontend\node_modules\nanoid","nanoid"
"C:\xampp\htdocs\smart-asset-management\frontend\node_modules\nanoid\async","async"
"C:\xampp\htdocs\smart-asset-management\frontend\node_modules\nanoid\bin","bin"
"C:\xampp\htdocs\smart-asset-management\frontend\node_modules\nanoid\non-secure","non-secure"
"C:\xampp\htdocs\smart-asset-management\frontend\node_modules\nanoid\url-alphabet","url-alphabet"
"C:\xampp\htdocs\smart-asset-management\frontend\node_modules\natural-compare","natural-compare"
"C:\xampp\htdocs\smart-asset-management\frontend\node_modules\natural-compare-lite","natural-compare-lite"
"C:\xampp\htdocs\smart-asset-management\frontend\node_modules\negotiator","negotiator"
"C:\xampp\htdocs\smart-asset-management\frontend\node_modules\negotiator\lib","lib"
"C:\xampp\htdocs\smart-asset-management\frontend\node_modules\neo-async","neo-async"
"C:\xampp\htdocs\smart-asset-management\frontend\node_modules\no-case","no-case"
"C:\xampp\htdocs\smart-asset-management\frontend\node_modules\no-case\dist","dist"
"C:\xampp\htdocs\smart-asset-management\frontend\node_modules\no-case\dist.es2015","dist.es2015"
"C:\xampp\htdocs\smart-asset-management\frontend\node_modules\node-exports-info","node-exports-info"
"C:\xampp\htdocs\smart-asset-management\frontend\node_modules\node-exports-info\.github",".github"
"C:\xampp\htdocs\smart-asset-management\frontend\node_modules\node-exports-info\node_modules","node_modules"
"C:\xampp\htdocs\smart-asset-management\frontend\node_modules\node-exports-info\node_modules\.bin",".bin"
"C:\xampp\htdocs\smart-asset-management\frontend\node_modules\node-exports-info\node_modules\semver","semver"
"C:\xampp\htdocs\smart-asset-management\frontend\node_modules\node-exports-info\node_modules\semver\bin","bin"
"C:\xampp\htdocs\smart-asset-management\frontend\node_modules\node-exports-info\test","test"
"C:\xampp\htdocs\smart-asset-management\frontend\node_modules\node-forge","node-forge"
"C:\xampp\htdocs\smart-asset-management\frontend\node_modules\node-forge\dist","dist"
"C:\xampp\htdocs\smart-asset-management\frontend\node_modules\node-forge\flash","flash"
"C:\xampp\htdocs\smart-asset-management\frontend\node_modules\node-forge\flash\swf","swf"
"C:\xampp\htdocs\smart-asset-management\frontend\node_modules\node-forge\lib","lib"
"C:\xampp\htdocs\smart-asset-management\frontend\node_modules\node-int64","node-int64"
"C:\xampp\htdocs\smart-asset-management\frontend\node_modules\node-releases","node-releases"
"C:\xampp\htdocs\smart-asset-management\frontend\node_modules\node-releases\data","data"
"C:\xampp\htdocs\smart-asset-management\frontend\node_modules\node-releases\data\processed","processed"
"C:\xampp\htdocs\smart-asset-management\frontend\node_modules\node-releases\data\release-schedule","release-schedule"
"C:\xampp\htdocs\smart-asset-management\frontend\node_modules\normalize-path","normalize-path"
"C:\xampp\htdocs\smart-asset-management\frontend\node_modules\normalize-range","normalize-range"
"C:\xampp\htdocs\smart-asset-management\frontend\node_modules\normalize-url","normalize-url"
"C:\xampp\htdocs\smart-asset-management\frontend\node_modules\npm-run-path","npm-run-path"
"C:\xampp\htdocs\smart-asset-management\frontend\node_modules\nth-check","nth-check"
"C:\xampp\htdocs\smart-asset-management\frontend\node_modules\nth-check\lib","lib"
"C:\xampp\htdocs\smart-asset-management\frontend\node_modules\nth-check\lib\esm","esm"
"C:\xampp\htdocs\smart-asset-management\frontend\node_modules\nwsapi","nwsapi"
"C:\xampp\htdocs\smart-asset-management\frontend\node_modules\nwsapi\dist","dist"
"C:\xampp\htdocs\smart-asset-management\frontend\node_modules\nwsapi\src","src"
"C:\xampp\htdocs\smart-asset-management\frontend\node_modules\nwsapi\src\modules","modules"
"C:\xampp\htdocs\smart-asset-management\frontend\node_modules\object.assign","object.assign"
"C:\xampp\htdocs\smart-asset-management\frontend\node_modules\object.assign\.github",".github"
"C:\xampp\htdocs\smart-asset-management\frontend\node_modules\object.assign\dist","dist"
"C:\xampp\htdocs\smart-asset-management\frontend\node_modules\object.assign\test","test"
"C:\xampp\htdocs\smart-asset-management\frontend\node_modules\object.entries","object.entries"
"C:\xampp\htdocs\smart-asset-management\frontend\node_modules\object.entries\test","test"
"C:\xampp\htdocs\smart-asset-management\frontend\node_modules\object.fromentries","object.fromentries"
"C:\xampp\htdocs\smart-asset-management\frontend\node_modules\object.fromentries\test","test"
"C:\xampp\htdocs\smart-asset-management\frontend\node_modules\object.getownpropertydescriptors","object.getownpropertydescriptors"
"C:\xampp\htdocs\smart-asset-management\frontend\node_modules\object.getownpropertydescriptors\test","test"
"C:\xampp\htdocs\smart-asset-management\frontend\node_modules\object.groupby","object.groupby"
"C:\xampp\htdocs\smart-asset-management\frontend\node_modules\object.groupby\.github",".github"
"C:\xampp\htdocs\smart-asset-management\frontend\node_modules\object.groupby\test","test"
"C:\xampp\htdocs\smart-asset-management\frontend\node_modules\object.values","object.values"
"C:\xampp\htdocs\smart-asset-management\frontend\node_modules\object.values\test","test"
"C:\xampp\htdocs\smart-asset-management\frontend\node_modules\object-assign","object-assign"
"C:\xampp\htdocs\smart-asset-management\frontend\node_modules\object-hash","object-hash"
"C:\xampp\htdocs\smart-asset-management\frontend\node_modules\object-hash\dist","dist"
"C:\xampp\htdocs\smart-asset-management\frontend\node_modules\object-inspect","object-inspect"
"C:\xampp\htdocs\smart-asset-management\frontend\node_modules\object-inspect\.github",".github"
"C:\xampp\htdocs\smart-asset-management\frontend\node_modules\object-inspect\example","example"
"C:\xampp\htdocs\smart-asset-management\frontend\node_modules\object-inspect\test","test"
"C:\xampp\htdocs\smart-asset-management\frontend\node_modules\object-inspect\test\browser","browser"
"C:\xampp\htdocs\smart-asset-management\frontend\node_modules\object-keys","object-keys"
"C:\xampp\htdocs\smart-asset-management\frontend\node_modules\object-keys\test","test"
"C:\xampp\htdocs\smart-asset-management\frontend\node_modules\obuf","obuf"
"C:\xampp\htdocs\smart-asset-management\frontend\node_modules\obuf\test","test"
"C:\xampp\htdocs\smart-asset-management\frontend\node_modules\once","once"
"C:\xampp\htdocs\smart-asset-management\frontend\node_modules\onetime","onetime"
"C:\xampp\htdocs\smart-asset-management\frontend\node_modules\on-finished","on-finished"
"C:\xampp\htdocs\smart-asset-management\frontend\node_modules\on-headers","on-headers"
"C:\xampp\htdocs\smart-asset-management\frontend\node_modules\open","open"
"C:\xampp\htdocs\smart-asset-management\frontend\node_modules\optionator","optionator"
"C:\xampp\htdocs\smart-asset-management\frontend\node_modules\optionator\lib","lib"
"C:\xampp\htdocs\smart-asset-management\frontend\node_modules\own-keys","own-keys"
"C:\xampp\htdocs\smart-asset-management\frontend\node_modules\own-keys\.github",".github"
"C:\xampp\htdocs\smart-asset-management\frontend\node_modules\own-keys\test","test"
"C:\xampp\htdocs\smart-asset-management\frontend\node_modules\pako","pako"
"C:\xampp\htdocs\smart-asset-management\frontend\node_modules\pako\dist","dist"
"C:\xampp\htdocs\smart-asset-management\frontend\node_modules\pako\lib","lib"
"C:\xampp\htdocs\smart-asset-management\frontend\node_modules\pako\lib\utils","utils"
"C:\xampp\htdocs\smart-asset-management\frontend\node_modules\pako\lib\zlib","zlib"
"C:\xampp\htdocs\smart-asset-management\frontend\node_modules\param-case","param-case"
"C:\xampp\htdocs\smart-asset-management\frontend\node_modules\param-case\dist","dist"
"C:\xampp\htdocs\smart-asset-management\frontend\node_modules\param-case\dist.es2015","dist.es2015"
"C:\xampp\htdocs\smart-asset-management\frontend\node_modules\parent-module","parent-module"
"C:\xampp\htdocs\smart-asset-management\frontend\node_modules\parse5","parse5"
"C:\xampp\htdocs\smart-asset-management\frontend\node_modules\parse5\lib","lib"
"C:\xampp\htdocs\smart-asset-management\frontend\node_modules\parse5\lib\common","common"
"C:\xampp\htdocs\smart-asset-management\frontend\node_modules\parse5\lib\extensions","extensions"
"C:\xampp\htdocs\smart-asset-management\frontend\node_modules\parse5\lib\extensions\error-reporting","error-reporting"
"C:\xampp\htdocs\smart-asset-management\frontend\node_modules\parse5\lib\extensions\location-info","location-info"
"C:\xampp\htdocs\smart-asset-management\frontend\node_modules\parse5\lib\extensions\position-tracking","position-tracking"
"C:\xampp\htdocs\smart-asset-management\frontend\node_modules\parse5\lib\parser","parser"
"C:\xampp\htdocs\smart-asset-management\frontend\node_modules\parse5\lib\serializer","serializer"
"C:\xampp\htdocs\smart-asset-management\frontend\node_modules\parse5\lib\tokenizer","tokenizer"
"C:\xampp\htdocs\smart-asset-management\frontend\node_modules\parse5\lib\tree-adapters","tree-adapters"
"C:\xampp\htdocs\smart-asset-management\frontend\node_modules\parse5\lib\utils","utils"
"C:\xampp\htdocs\smart-asset-management\frontend\node_modules\parse-json","parse-json"
"C:\xampp\htdocs\smart-asset-management\frontend\node_modules\parseurl","parseurl"
"C:\xampp\htdocs\smart-asset-management\frontend\node_modules\pascal-case","pascal-case"
"C:\xampp\htdocs\smart-asset-management\frontend\node_modules\pascal-case\dist","dist"
"C:\xampp\htdocs\smart-asset-management\frontend\node_modules\pascal-case\dist.es2015","dist.es2015"
"C:\xampp\htdocs\smart-asset-management\frontend\node_modules\path-exists","path-exists"
"C:\xampp\htdocs\smart-asset-management\frontend\node_modules\path-is-absolute","path-is-absolute"
"C:\xampp\htdocs\smart-asset-management\frontend\node_modules\path-key","path-key"
"C:\xampp\htdocs\smart-asset-management\frontend\node_modules\path-parse","path-parse"
"C:\xampp\htdocs\smart-asset-management\frontend\node_modules\path-to-regexp","path-to-regexp"
"C:\xampp\htdocs\smart-asset-management\frontend\node_modules\path-type","path-type"
"C:\xampp\htdocs\smart-asset-management\frontend\node_modules\performance-now","performance-now"
"C:\xampp\htdocs\smart-asset-management\frontend\node_modules\performance-now\lib","lib"
"C:\xampp\htdocs\smart-asset-management\frontend\node_modules\performance-now\src","src"
"C:\xampp\htdocs\smart-asset-management\frontend\node_modules\performance-now\test","test"
"C:\xampp\htdocs\smart-asset-management\frontend\node_modules\performance-now\test\scripts","scripts"
"C:\xampp\htdocs\smart-asset-management\frontend\node_modules\picocolors","picocolors"
"C:\xampp\htdocs\smart-asset-management\frontend\node_modules\picomatch","picomatch"
"C:\xampp\htdocs\smart-asset-management\frontend\node_modules\picomatch\lib","lib"
"C:\xampp\htdocs\smart-asset-management\frontend\node_modules\pirates","pirates"
"C:\xampp\htdocs\smart-asset-management\frontend\node_modules\pirates\lib","lib"
"C:\xampp\htdocs\smart-asset-management\frontend\node_modules\pkg-dir","pkg-dir"
"C:\xampp\htdocs\smart-asset-management\frontend\node_modules\pkg-up","pkg-up"
"C:\xampp\htdocs\smart-asset-management\frontend\node_modules\pkg-up\node_modules","node_modules"
"C:\xampp\htdocs\smart-asset-management\frontend\node_modules\pkg-up\node_modules\find-up","find-up"
"C:\xampp\htdocs\smart-asset-management\frontend\node_modules\pkg-up\node_modules\locate-path","locate-path"
"C:\xampp\htdocs\smart-asset-management\frontend\node_modules\pkg-up\node_modules\path-exists","path-exists"
"C:\xampp\htdocs\smart-asset-management\frontend\node_modules\pkg-up\node_modules\p-locate","p-locate"
"C:\xampp\htdocs\smart-asset-management\frontend\node_modules\p-limit","p-limit"
"C:\xampp\htdocs\smart-asset-management\frontend\node_modules\p-locate","p-locate"
"C:\xampp\htdocs\smart-asset-management\frontend\node_modules\possible-typed-array-names","possible-typed-array-names"
"C:\xampp\htdocs\smart-asset-management\frontend\node_modules\possible-typed-array-names\.github",".github"
"C:\xampp\htdocs\smart-asset-management\frontend\node_modules\possible-typed-array-names\test","test"
"C:\xampp\htdocs\smart-asset-management\frontend\node_modules\postcss","postcss"
"C:\xampp\htdocs\smart-asset-management\frontend\node_modules\postcss\lib","lib"
"C:\xampp\htdocs\smart-asset-management\frontend\node_modules\postcss-attribute-case-insensitive","postcss-attribute-case-insensitive"
"C:\xampp\htdocs\smart-asset-management\frontend\node_modules\postcss-attribute-case-insensitive\dist","dist"
"C:\xampp\htdocs\smart-asset-management\frontend\node_modules\postcss-browser-comments","postcss-browser-comments"
"C:\xampp\htdocs\smart-asset-management\frontend\node_modules\postcss-calc","postcss-calc"
"C:\xampp\htdocs\smart-asset-management\frontend\node_modules\postcss-calc\src","src"
"C:\xampp\htdocs\smart-asset-management\frontend\node_modules\postcss-calc\src\__tests__","__tests__"
"C:\xampp\htdocs\smart-asset-management\frontend\node_modules\postcss-calc\src\lib","lib"
"C:\xampp\htdocs\smart-asset-management\frontend\node_modules\postcss-calc\types","types"
"C:\xampp\htdocs\smart-asset-management\frontend\node_modules\postcss-calc\types\lib","lib"
"C:\xampp\htdocs\smart-asset-management\frontend\node_modules\postcss-clamp","postcss-clamp"
"C:\xampp\htdocs\smart-asset-management\frontend\node_modules\postcss-color-functional-notation","postcss-color-functional-notation"
"C:\xampp\htdocs\smart-asset-management\frontend\node_modules\postcss-color-functional-notation\dist","dist"
"C:\xampp\htdocs\smart-asset-management\frontend\node_modules\postcss-color-hex-alpha","postcss-color-hex-alpha"
"C:\xampp\htdocs\smart-asset-management\frontend\node_modules\postcss-color-hex-alpha\dist","dist"
"C:\xampp\htdocs\smart-asset-management\frontend\node_modules\postcss-colormin","postcss-colormin"
"C:\xampp\htdocs\smart-asset-management\frontend\node_modules\postcss-colormin\src","src"
"C:\xampp\htdocs\smart-asset-management\frontend\node_modules\postcss-colormin\types","types"
"C:\xampp\htdocs\smart-asset-management\frontend\node_modules\postcss-color-rebeccapurple","postcss-color-rebeccapurple"
"C:\xampp\htdocs\smart-asset-management\frontend\node_modules\postcss-color-rebeccapurple\dist","dist"
"C:\xampp\htdocs\smart-asset-management\frontend\node_modules\postcss-convert-values","postcss-convert-values"
"C:\xampp\htdocs\smart-asset-management\frontend\node_modules\postcss-convert-values\src","src"
"C:\xampp\htdocs\smart-asset-management\frontend\node_modules\postcss-convert-values\src\lib","lib"
"C:\xampp\htdocs\smart-asset-management\frontend\node_modules\postcss-convert-values\types","types"
"C:\xampp\htdocs\smart-asset-management\frontend\node_modules\postcss-convert-values\types\lib","lib"
"C:\xampp\htdocs\smart-asset-management\frontend\node_modules\postcss-custom-media","postcss-custom-media"
"C:\xampp\htdocs\smart-asset-management\frontend\node_modules\postcss-custom-media\dist","dist"
"C:\xampp\htdocs\smart-asset-management\frontend\node_modules\postcss-custom-properties","postcss-custom-properties"
"C:\xampp\htdocs\smart-asset-management\frontend\node_modules\postcss-custom-properties\dist","dist"
"C:\xampp\htdocs\smart-asset-management\frontend\node_modules\postcss-custom-properties\dist\lib","lib"
"C:\xampp\htdocs\smart-asset-management\frontend\node_modules\postcss-custom-selectors","postcss-custom-selectors"
"C:\xampp\htdocs\smart-asset-management\frontend\node_modules\postcss-custom-selectors\dist","dist"
"C:\xampp\htdocs\smart-asset-management\frontend\node_modules\postcss-dir-pseudo-class","postcss-dir-pseudo-class"
"C:\xampp\htdocs\smart-asset-management\frontend\node_modules\postcss-dir-pseudo-class\dist","dist"
"C:\xampp\htdocs\smart-asset-management\frontend\node_modules\postcss-discard-comments","postcss-discard-comments"
"C:\xampp\htdocs\smart-asset-management\frontend\node_modules\postcss-discard-comments\src","src"
"C:\xampp\htdocs\smart-asset-management\frontend\node_modules\postcss-discard-comments\src\lib","lib"
"C:\xampp\htdocs\smart-asset-management\frontend\node_modules\postcss-discard-comments\types","types"
"C:\xampp\htdocs\smart-asset-management\frontend\node_modules\postcss-discard-comments\types\lib","lib"
"C:\xampp\htdocs\smart-asset-management\frontend\node_modules\postcss-discard-duplicates","postcss-discard-duplicates"
"C:\xampp\htdocs\smart-asset-management\frontend\node_modules\postcss-discard-duplicates\src","src"
"C:\xampp\htdocs\smart-asset-management\frontend\node_modules\postcss-discard-duplicates\types","types"
"C:\xampp\htdocs\smart-asset-management\frontend\node_modules\postcss-discard-empty","postcss-discard-empty"
"C:\xampp\htdocs\smart-asset-management\frontend\node_modules\postcss-discard-empty\src","src"
"C:\xampp\htdocs\smart-asset-management\frontend\node_modules\postcss-discard-empty\types","types"
"C:\xampp\htdocs\smart-asset-management\frontend\node_modules\postcss-discard-overridden","postcss-discard-overridden"
"C:\xampp\htdocs\smart-asset-management\frontend\node_modules\postcss-discard-overridden\src","src"
"C:\xampp\htdocs\smart-asset-management\frontend\node_modules\postcss-double-position-gradients","postcss-double-position-gradients"
"C:\xampp\htdocs\smart-asset-management\frontend\node_modules\postcss-double-position-gradients\dist","dist"
"C:\xampp\htdocs\smart-asset-management\frontend\node_modules\postcss-env-function","postcss-env-function"
"C:\xampp\htdocs\smart-asset-management\frontend\node_modules\postcss-env-function\dist","dist"
"C:\xampp\htdocs\smart-asset-management\frontend\node_modules\postcss-flexbugs-fixes","postcss-flexbugs-fixes"
"C:\xampp\htdocs\smart-asset-management\frontend\node_modules\postcss-flexbugs-fixes\bugs","bugs"
"C:\xampp\htdocs\smart-asset-management\frontend\node_modules\postcss-focus-visible","postcss-focus-visible"
"C:\xampp\htdocs\smart-asset-management\frontend\node_modules\postcss-focus-visible\dist","dist"
"C:\xampp\htdocs\smart-asset-management\frontend\node_modules\postcss-focus-within","postcss-focus-within"
"C:\xampp\htdocs\smart-asset-management\frontend\node_modules\postcss-focus-within\dist","dist"
"C:\xampp\htdocs\smart-asset-management\frontend\node_modules\postcss-font-variant","postcss-font-variant"
"C:\xampp\htdocs\smart-asset-management\frontend\node_modules\postcss-gap-properties","postcss-gap-properties"
"C:\xampp\htdocs\smart-asset-management\frontend\node_modules\postcss-gap-properties\dist","dist"
"C:\xampp\htdocs\smart-asset-management\frontend\node_modules\postcss-image-set-function","postcss-image-set-function"
"C:\xampp\htdocs\smart-asset-management\frontend\node_modules\postcss-image-set-function\dist","dist"
"C:\xampp\htdocs\smart-asset-management\frontend\node_modules\postcss-image-set-function\dist\lib","lib"
"C:\xampp\htdocs\smart-asset-management\frontend\node_modules\postcss-import","postcss-import"
"C:\xampp\htdocs\smart-asset-management\frontend\node_modules\postcss-import\lib","lib"
"C:\xampp\htdocs\smart-asset-management\frontend\node_modules\postcss-initial","postcss-initial"
"C:\xampp\htdocs\smart-asset-management\frontend\node_modules\postcss-initial\.github",".github"
"C:\xampp\htdocs\smart-asset-management\frontend\node_modules\postcss-initial\.github\workflows","workflows"
"C:\xampp\htdocs\smart-asset-management\frontend\node_modules\postcss-initial\.vscode",".vscode"
"C:\xampp\htdocs\smart-asset-management\frontend\node_modules\postcss-initial\~","~"
"C:\xampp\htdocs\smart-asset-management\frontend\node_modules\postcss-initial\~\.config",".config"
"C:\xampp\htdocs\smart-asset-management\frontend\node_modules\postcss-initial\~\.config\configstore","configstore"
"C:\xampp\htdocs\smart-asset-management\frontend\node_modules\postcss-initial\lib","lib"
"C:\xampp\htdocs\smart-asset-management\frontend\node_modules\postcss-js","postcss-js"
"C:\xampp\htdocs\smart-asset-management\frontend\node_modules\postcss-lab-function","postcss-lab-function"
"C:\xampp\htdocs\smart-asset-management\frontend\node_modules\postcss-lab-function\dist","dist"
"C:\xampp\htdocs\smart-asset-management\frontend\node_modules\postcss-lab-function\dist\css-color-4","css-color-4"
"C:\xampp\htdocs\smart-asset-management\frontend\node_modules\postcss-loader","postcss-loader"
"C:\xampp\htdocs\smart-asset-management\frontend\node_modules\postcss-loader\dist","dist"
"C:\xampp\htdocs\smart-asset-management\frontend\node_modules\postcss-logical","postcss-logical"
"C:\xampp\htdocs\smart-asset-management\frontend\node_modules\postcss-logical\dist","dist"
"C:\xampp\htdocs\smart-asset-management\frontend\node_modules\postcss-media-minmax","postcss-media-minmax"
"C:\xampp\htdocs\smart-asset-management\frontend\node_modules\postcss-merge-longhand","postcss-merge-longhand"
"C:\xampp\htdocs\smart-asset-management\frontend\node_modules\postcss-merge-longhand\src","src"
"C:\xampp\htdocs\smart-asset-management\frontend\node_modules\postcss-merge-longhand\src\lib","lib"
"C:\xampp\htdocs\smart-asset-management\frontend\node_modules\postcss-merge-longhand\src\lib\decl","decl"
"C:\xampp\htdocs\smart-asset-management\frontend\node_modules\postcss-merge-longhand\types","types"
"C:\xampp\htdocs\smart-asset-management\frontend\node_modules\postcss-merge-longhand\types\lib","lib"
"C:\xampp\htdocs\smart-asset-management\frontend\node_modules\postcss-merge-longhand\types\lib\decl","decl"
"C:\xampp\htdocs\smart-asset-management\frontend\node_modules\postcss-merge-rules","postcss-merge-rules"
"C:\xampp\htdocs\smart-asset-management\frontend\node_modules\postcss-merge-rules\src","src"
"C:\xampp\htdocs\smart-asset-management\frontend\node_modules\postcss-merge-rules\src\lib","lib"
"C:\xampp\htdocs\smart-asset-management\frontend\node_modules\postcss-merge-rules\types","types"
"C:\xampp\htdocs\smart-asset-management\frontend\node_modules\postcss-merge-rules\types\lib","lib"
"C:\xampp\htdocs\smart-asset-management\frontend\node_modules\postcss-minify-font-values","postcss-minify-font-values"
"C:\xampp\htdocs\smart-asset-management\frontend\node_modules\postcss-minify-font-values\src","src"
"C:\xampp\htdocs\smart-asset-management\frontend\node_modules\postcss-minify-font-values\src\lib","lib"
"C:\xampp\htdocs\smart-asset-management\frontend\node_modules\postcss-minify-font-values\types","types"
"C:\xampp\htdocs\smart-asset-management\frontend\node_modules\postcss-minify-font-values\types\lib","lib"
"C:\xampp\htdocs\smart-asset-management\frontend\node_modules\postcss-minify-gradients","postcss-minify-gradients"
"C:\xampp\htdocs\smart-asset-management\frontend\node_modules\postcss-minify-gradients\src","src"
"C:\xampp\htdocs\smart-asset-management\frontend\node_modules\postcss-minify-gradients\types","types"
"C:\xampp\htdocs\smart-asset-management\frontend\node_modules\postcss-minify-params","postcss-minify-params"
"C:\xampp\htdocs\smart-asset-management\frontend\node_modules\postcss-minify-params\src","src"
"C:\xampp\htdocs\smart-asset-management\frontend\node_modules\postcss-minify-params\types","types"
"C:\xampp\htdocs\smart-asset-management\frontend\node_modules\postcss-minify-selectors","postcss-minify-selectors"
"C:\xampp\htdocs\smart-asset-management\frontend\node_modules\postcss-minify-selectors\src","src"
"C:\xampp\htdocs\smart-asset-management\frontend\node_modules\postcss-minify-selectors\src\lib","lib"
"C:\xampp\htdocs\smart-asset-management\frontend\node_modules\postcss-minify-selectors\types","types"
"C:\xampp\htdocs\smart-asset-management\frontend\node_modules\postcss-minify-selectors\types\lib","lib"
"C:\xampp\htdocs\smart-asset-management\frontend\node_modules\postcss-modules-extract-imports","postcss-modules-extract-imports"
"C:\xampp\htdocs\smart-asset-management\frontend\node_modules\postcss-modules-extract-imports\src","src"
"C:\xampp\htdocs\smart-asset-management\frontend\node_modules\postcss-modules-local-by-default","postcss-modules-local-by-default"
"C:\xampp\htdocs\smart-asset-management\frontend\node_modules\postcss-modules-local-by-default\node_modules","node_modules"
"C:\xampp\htdocs\smart-asset-management\frontend\node_modules\postcss-modules-local-by-default\node_modules\postcss-selector-parser","postcss-selector-parser"
"C:\xampp\htdocs\smart-asset-management\frontend\node_modules\postcss-modules-local-by-default\node_modules\postcss-selector-parser\dist","dist"
"C:\xampp\htdocs\smart-asset-management\frontend\node_modules\postcss-modules-local-by-default\node_modules\postcss-selector-parser\dist\selectors","selectors"
"C:\xampp\htdocs\smart-asset-management\frontend\node_modules\postcss-modules-local-by-default\node_modules\postcss-selector-parser\dist\util","util"
"C:\xampp\htdocs\smart-asset-management\frontend\node_modules\postcss-modules-local-by-default\src","src"
"C:\xampp\htdocs\smart-asset-management\frontend\node_modules\postcss-modules-scope","postcss-modules-scope"
"C:\xampp\htdocs\smart-asset-management\frontend\node_modules\postcss-modules-scope\node_modules","node_modules"
"C:\xampp\htdocs\smart-asset-management\frontend\node_modules\postcss-modules-scope\node_modules\postcss-selector-parser","postcss-selector-parser"
"C:\xampp\htdocs\smart-asset-management\frontend\node_modules\postcss-modules-scope\node_modules\postcss-selector-parser\dist","dist"
"C:\xampp\htdocs\smart-asset-management\frontend\node_modules\postcss-modules-scope\node_modules\postcss-selector-parser\dist\selectors","selectors"
"C:\xampp\htdocs\smart-asset-management\frontend\node_modules\postcss-modules-scope\node_modules\postcss-selector-parser\dist\util","util"
"C:\xampp\htdocs\smart-asset-management\frontend\node_modules\postcss-modules-scope\src","src"
"C:\xampp\htdocs\smart-asset-management\frontend\node_modules\postcss-modules-values","postcss-modules-values"
"C:\xampp\htdocs\smart-asset-management\frontend\node_modules\postcss-modules-values\src","src"
"C:\xampp\htdocs\smart-asset-management\frontend\node_modules\postcss-nested","postcss-nested"
"C:\xampp\htdocs\smart-asset-management\frontend\node_modules\postcss-nesting","postcss-nesting"
"C:\xampp\htdocs\smart-asset-management\frontend\node_modules\postcss-nesting\dist","dist"
"C:\xampp\htdocs\smart-asset-management\frontend\node_modules\postcss-nesting\dist\lib","lib"
"C:\xampp\htdocs\smart-asset-management\frontend\node_modules\postcss-nesting\dist\lib\merge-selectors","merge-selectors"
"C:\xampp\htdocs\smart-asset-management\frontend\node_modules\postcss-normalize","postcss-normalize"
"C:\xampp\htdocs\smart-asset-management\frontend\node_modules\postcss-normalize-charset","postcss-normalize-charset"
"C:\xampp\htdocs\smart-asset-management\frontend\node_modules\postcss-normalize-charset\src","src"
"C:\xampp\htdocs\smart-asset-management\frontend\node_modules\postcss-normalize-charset\types","types"
"C:\xampp\htdocs\smart-asset-management\frontend\node_modules\postcss-normalize-display-values","postcss-normalize-display-values"
"C:\xampp\htdocs\smart-asset-management\frontend\node_modules\postcss-normalize-display-values\src","src"
"C:\xampp\htdocs\smart-asset-management\frontend\node_modules\postcss-normalize-display-values\src\lib","lib"
"C:\xampp\htdocs\smart-asset-management\frontend\node_modules\postcss-normalize-display-values\types","types"
"C:\xampp\htdocs\smart-asset-management\frontend\node_modules\postcss-normalize-display-values\types\lib","lib"
"C:\xampp\htdocs\smart-asset-management\frontend\node_modules\postcss-normalize-positions","postcss-normalize-positions"
"C:\xampp\htdocs\smart-asset-management\frontend\node_modules\postcss-normalize-positions\src","src"
"C:\xampp\htdocs\smart-asset-management\frontend\node_modules\postcss-normalize-positions\types","types"
"C:\xampp\htdocs\smart-asset-management\frontend\node_modules\postcss-normalize-repeat-style","postcss-normalize-repeat-style"
"C:\xampp\htdocs\smart-asset-management\frontend\node_modules\postcss-normalize-repeat-style\src","src"
"C:\xampp\htdocs\smart-asset-management\frontend\node_modules\postcss-normalize-repeat-style\src\lib","lib"
"C:\xampp\htdocs\smart-asset-management\frontend\node_modules\postcss-normalize-repeat-style\types","types"
"C:\xampp\htdocs\smart-asset-management\frontend\node_modules\postcss-normalize-repeat-style\types\lib","lib"
"C:\xampp\htdocs\smart-asset-management\frontend\node_modules\postcss-normalize-string","postcss-normalize-string"
"C:\xampp\htdocs\smart-asset-management\frontend\node_modules\postcss-normalize-string\src","src"
"C:\xampp\htdocs\smart-asset-management\frontend\node_modules\postcss-normalize-string\types","types"
"C:\xampp\htdocs\smart-asset-management\frontend\node_modules\postcss-normalize-timing-functions","postcss-normalize-timing-functions"
"C:\xampp\htdocs\smart-asset-management\frontend\node_modules\postcss-normalize-timing-functions\src","src"
"C:\xampp\htdocs\smart-asset-management\frontend\node_modules\postcss-normalize-timing-functions\types","types"
"C:\xampp\htdocs\smart-asset-management\frontend\node_modules\postcss-normalize-unicode","postcss-normalize-unicode"
"C:\xampp\htdocs\smart-asset-management\frontend\node_modules\postcss-normalize-unicode\src","src"
"C:\xampp\htdocs\smart-asset-management\frontend\node_modules\postcss-normalize-unicode\types","types"
"C:\xampp\htdocs\smart-asset-management\frontend\node_modules\postcss-normalize-url","postcss-normalize-url"
"C:\xampp\htdocs\smart-asset-management\frontend\node_modules\postcss-normalize-url\src","src"
"C:\xampp\htdocs\smart-asset-management\frontend\node_modules\postcss-normalize-url\types","types"
"C:\xampp\htdocs\smart-asset-management\frontend\node_modules\postcss-normalize-whitespace","postcss-normalize-whitespace"
"C:\xampp\htdocs\smart-asset-management\frontend\node_modules\postcss-normalize-whitespace\src","src"
"C:\xampp\htdocs\smart-asset-management\frontend\node_modules\postcss-normalize-whitespace\types","types"
"C:\xampp\htdocs\smart-asset-management\frontend\node_modules\postcss-opacity-percentage","postcss-opacity-percentage"
"C:\xampp\htdocs\smart-asset-management\frontend\node_modules\postcss-ordered-values","postcss-ordered-values"
"C:\xampp\htdocs\smart-asset-management\frontend\node_modules\postcss-ordered-values\src","src"
"C:\xampp\htdocs\smart-asset-management\frontend\node_modules\postcss-ordered-values\src\lib","lib"
"C:\xampp\htdocs\smart-asset-management\frontend\node_modules\postcss-ordered-values\src\rules","rules"
"C:\xampp\htdocs\smart-asset-management\frontend\node_modules\postcss-ordered-values\types","types"
"C:\xampp\htdocs\smart-asset-management\frontend\node_modules\postcss-ordered-values\types\lib","lib"
"C:\xampp\htdocs\smart-asset-management\frontend\node_modules\postcss-ordered-values\types\rules","rules"
"C:\xampp\htdocs\smart-asset-management\frontend\node_modules\postcss-overflow-shorthand","postcss-overflow-shorthand"
"C:\xampp\htdocs\smart-asset-management\frontend\node_modules\postcss-overflow-shorthand\dist","dist"
"C:\xampp\htdocs\smart-asset-management\frontend\node_modules\postcss-page-break","postcss-page-break"
"C:\xampp\htdocs\smart-asset-management\frontend\node_modules\postcss-place","postcss-place"
"C:\xampp\htdocs\smart-asset-management\frontend\node_modules\postcss-place\dist","dist"
"C:\xampp\htdocs\smart-asset-management\frontend\node_modules\postcss-preset-env","postcss-preset-env"
"C:\xampp\htdocs\smart-asset-management\frontend\node_modules\postcss-preset-env\dist","dist"
"C:\xampp\htdocs\smart-asset-management\frontend\node_modules\postcss-pseudo-class-any-link","postcss-pseudo-class-any-link"
"C:\xampp\htdocs\smart-asset-management\frontend\node_modules\postcss-pseudo-class-any-link\dist","dist"
"C:\xampp\htdocs\smart-asset-management\frontend\node_modules\postcss-reduce-initial","postcss-reduce-initial"
"C:\xampp\htdocs\smart-asset-management\frontend\node_modules\postcss-reduce-initial\src","src"
"C:\xampp\htdocs\smart-asset-management\frontend\node_modules\postcss-reduce-initial\src\data","data"
"C:\xampp\htdocs\smart-asset-management\frontend\node_modules\postcss-reduce-initial\types","types"
"C:\xampp\htdocs\smart-asset-management\frontend\node_modules\postcss-reduce-transforms","postcss-reduce-transforms"
"C:\xampp\htdocs\smart-asset-management\frontend\node_modules\postcss-reduce-transforms\src","src"
"C:\xampp\htdocs\smart-asset-management\frontend\node_modules\postcss-reduce-transforms\types","types"
"C:\xampp\htdocs\smart-asset-management\frontend\node_modules\postcss-replace-overflow-wrap","postcss-replace-overflow-wrap"
"C:\xampp\htdocs\smart-asset-management\frontend\node_modules\postcss-selector-not","postcss-selector-not"
"C:\xampp\htdocs\smart-asset-management\frontend\node_modules\postcss-selector-not\dist","dist"
"C:\xampp\htdocs\smart-asset-management\frontend\node_modules\postcss-selector-parser","postcss-selector-parser"
"C:\xampp\htdocs\smart-asset-management\frontend\node_modules\postcss-selector-parser\dist","dist"
"C:\xampp\htdocs\smart-asset-management\frontend\node_modules\postcss-selector-parser\dist\selectors","selectors"
"C:\xampp\htdocs\smart-asset-management\frontend\node_modules\postcss-selector-parser\dist\util","util"
"C:\xampp\htdocs\smart-asset-management\frontend\node_modules\postcss-svgo","postcss-svgo"
"C:\xampp\htdocs\smart-asset-management\frontend\node_modules\postcss-svgo\node_modules","node_modules"
"C:\xampp\htdocs\smart-asset-management\frontend\node_modules\postcss-svgo\node_modules\.bin",".bin"
"C:\xampp\htdocs\smart-asset-management\frontend\node_modules\postcss-svgo\node_modules\commander","commander"
"C:\xampp\htdocs\smart-asset-management\frontend\node_modules\postcss-svgo\node_modules\commander\typings","typings"
"C:\xampp\htdocs\smart-asset-management\frontend\node_modules\postcss-svgo\node_modules\css-tree","css-tree"
"C:\xampp\htdocs\smart-asset-management\frontend\node_modules\postcss-svgo\node_modules\css-tree\data","data"
"C:\xampp\htdocs\smart-asset-management\frontend\node_modules\postcss-svgo\node_modules\css-tree\dist","dist"
"C:\xampp\htdocs\smart-asset-management\frontend\node_modules\postcss-svgo\node_modules\css-tree\lib","lib"
"C:\xampp\htdocs\smart-asset-management\frontend\node_modules\postcss-svgo\node_modules\css-tree\lib\common","common"
"C:\xampp\htdocs\smart-asset-management\frontend\node_modules\postcss-svgo\node_modules\css-tree\lib\convertor","convertor"
"C:\xampp\htdocs\smart-asset-management\frontend\node_modules\postcss-svgo\node_modules\css-tree\lib\definition-syntax","definition-syntax"
"C:\xampp\htdocs\smart-asset-management\frontend\node_modules\postcss-svgo\node_modules\css-tree\lib\generator","generator"
"C:\xampp\htdocs\smart-asset-management\frontend\node_modules\postcss-svgo\node_modules\css-tree\lib\lexer","lexer"
"C:\xampp\htdocs\smart-asset-management\frontend\node_modules\postcss-svgo\node_modules\css-tree\lib\parser","parser"
"C:\xampp\htdocs\smart-asset-management\frontend\node_modules\postcss-svgo\node_modules\css-tree\lib\syntax","syntax"
"C:\xampp\htdocs\smart-asset-management\frontend\node_modules\postcss-svgo\node_modules\css-tree\lib\syntax\atrule","atrule"
"C:\xampp\htdocs\smart-asset-management\frontend\node_modules\postcss-svgo\node_modules\css-tree\lib\syntax\config","config"
"C:\xampp\htdocs\smart-asset-management\frontend\node_modules\postcss-svgo\node_modules\css-tree\lib\syntax\function","function"
"C:\xampp\htdocs\smart-asset-management\frontend\node_modules\postcss-svgo\node_modules\css-tree\lib\syntax\node","node"
"C:\xampp\htdocs\smart-asset-management\frontend\node_modules\postcss-svgo\node_modules\css-tree\lib\syntax\pseudo","pseudo"
"C:\xampp\htdocs\smart-asset-management\frontend\node_modules\postcss-svgo\node_modules\css-tree\lib\syntax\pseudo\common","common"
"C:\xampp\htdocs\smart-asset-management\frontend\node_modules\postcss-svgo\node_modules\css-tree\lib\syntax\scope","scope"
"C:\xampp\htdocs\smart-asset-management\frontend\node_modules\postcss-svgo\node_modules\css-tree\lib\tokenizer","tokenizer"
"C:\xampp\htdocs\smart-asset-management\frontend\node_modules\postcss-svgo\node_modules\css-tree\lib\utils","utils"
"C:\xampp\htdocs\smart-asset-management\frontend\node_modules\postcss-svgo\node_modules\css-tree\lib\walker","walker"
"C:\xampp\htdocs\smart-asset-management\frontend\node_modules\postcss-svgo\node_modules\mdn-data","mdn-data"
"C:\xampp\htdocs\smart-asset-management\frontend\node_modules\postcss-svgo\node_modules\mdn-data\api","api"
"C:\xampp\htdocs\smart-asset-management\frontend\node_modules\postcss-svgo\node_modules\mdn-data\css","css"
"C:\xampp\htdocs\smart-asset-management\frontend\node_modules\postcss-svgo\node_modules\mdn-data\l10n","l10n"
"C:\xampp\htdocs\smart-asset-management\frontend\node_modules\postcss-svgo\node_modules\sax","sax"
"C:\xampp\htdocs\smart-asset-management\frontend\node_modules\postcss-svgo\node_modules\sax\lib","lib"
"C:\xampp\htdocs\smart-asset-management\frontend\node_modules\postcss-svgo\node_modules\source-map","source-map"
"C:\xampp\htdocs\smart-asset-management\frontend\node_modules\postcss-svgo\node_modules\source-map\dist","dist"
"C:\xampp\htdocs\smart-asset-management\frontend\node_modules\postcss-svgo\node_modules\source-map\lib","lib"
"C:\xampp\htdocs\smart-asset-management\frontend\node_modules\postcss-svgo\node_modules\svgo","svgo"
"C:\xampp\htdocs\smart-asset-management\frontend\node_modules\postcss-svgo\node_modules\svgo\bin","bin"
"C:\xampp\htdocs\smart-asset-management\frontend\node_modules\postcss-svgo\node_modules\svgo\dist","dist"
"C:\xampp\htdocs\smart-asset-management\frontend\node_modules\postcss-svgo\node_modules\svgo\lib","lib"
"C:\xampp\htdocs\smart-asset-management\frontend\node_modules\postcss-svgo\node_modules\svgo\lib\svgo","svgo"
"C:\xampp\htdocs\smart-asset-management\frontend\node_modules\postcss-svgo\node_modules\svgo\plugins","plugins"
"C:\xampp\htdocs\smart-asset-management\frontend\node_modules\postcss-svgo\src","src"
"C:\xampp\htdocs\smart-asset-management\frontend\node_modules\postcss-svgo\src\lib","lib"
"C:\xampp\htdocs\smart-asset-management\frontend\node_modules\postcss-svgo\types","types"
"C:\xampp\htdocs\smart-asset-management\frontend\node_modules\postcss-svgo\types\lib","lib"
"C:\xampp\htdocs\smart-asset-management\frontend\node_modules\postcss-unique-selectors","postcss-unique-selectors"
"C:\xampp\htdocs\smart-asset-management\frontend\node_modules\postcss-unique-selectors\src","src"
"C:\xampp\htdocs\smart-asset-management\frontend\node_modules\postcss-unique-selectors\types","types"
"C:\xampp\htdocs\smart-asset-management\frontend\node_modules\postcss-value-parser","postcss-value-parser"
"C:\xampp\htdocs\smart-asset-management\frontend\node_modules\postcss-value-parser\lib","lib"
"C:\xampp\htdocs\smart-asset-management\frontend\node_modules\prelude-ls","prelude-ls"
"C:\xampp\htdocs\smart-asset-management\frontend\node_modules\prelude-ls\lib","lib"
"C:\xampp\htdocs\smart-asset-management\frontend\node_modules\p-retry","p-retry"
"C:\xampp\htdocs\smart-asset-management\frontend\node_modules\pretty-bytes","pretty-bytes"
"C:\xampp\htdocs\smart-asset-management\frontend\node_modules\pretty-error","pretty-error"
"C:\xampp\htdocs\smart-asset-management\frontend\node_modules\pretty-error\.github",".github"
"C:\xampp\htdocs\smart-asset-management\frontend\node_modules\pretty-error\.github\workflows","workflows"
"C:\xampp\htdocs\smart-asset-management\frontend\node_modules\pretty-error\lib","lib"
"C:\xampp\htdocs\smart-asset-management\frontend\node_modules\pretty-error\src","src"
"C:\xampp\htdocs\smart-asset-management\frontend\node_modules\pretty-error\test","test"
"C:\xampp\htdocs\smart-asset-management\frontend\node_modules\pretty-format","pretty-format"
"C:\xampp\htdocs\smart-asset-management\frontend\node_modules\pretty-format\build","build"
"C:\xampp\htdocs\smart-asset-management\frontend\node_modules\pretty-format\build\plugins","plugins"
"C:\xampp\htdocs\smart-asset-management\frontend\node_modules\pretty-format\build\plugins\lib","lib"
"C:\xampp\htdocs\smart-asset-management\frontend\node_modules\pretty-format\node_modules","node_modules"
"C:\xampp\htdocs\smart-asset-management\frontend\node_modules\pretty-format\node_modules\react-is","react-is"
"C:\xampp\htdocs\smart-asset-management\frontend\node_modules\pretty-format\node_modules\react-is\cjs","cjs"
"C:\xampp\htdocs\smart-asset-management\frontend\node_modules\pretty-format\node_modules\react-is\umd","umd"
"C:\xampp\htdocs\smart-asset-management\frontend\node_modules\process-nextick-args","process-nextick-args"
"C:\xampp\htdocs\smart-asset-management\frontend\node_modules\promise","promise"
"C:\xampp\htdocs\smart-asset-management\frontend\node_modules\promise\domains","domains"
"C:\xampp\htdocs\smart-asset-management\frontend\node_modules\promise\lib","lib"
"C:\xampp\htdocs\smart-asset-management\frontend\node_modules\promise\setimmediate","setimmediate"
"C:\xampp\htdocs\smart-asset-management\frontend\node_modules\promise\src","src"
"C:\xampp\htdocs\smart-asset-management\frontend\node_modules\prompts","prompts"
"C:\xampp\htdocs\smart-asset-management\frontend\node_modules\prompts\dist","dist"
"C:\xampp\htdocs\smart-asset-management\frontend\node_modules\prompts\dist\dateparts","dateparts"
"C:\xampp\htdocs\smart-asset-management\frontend\node_modules\prompts\dist\elements","elements"
"C:\xampp\htdocs\smart-asset-management\frontend\node_modules\prompts\dist\util","util"
"C:\xampp\htdocs\smart-asset-management\frontend\node_modules\prompts\lib","lib"
"C:\xampp\htdocs\smart-asset-management\frontend\node_modules\prompts\lib\dateparts","dateparts"
"C:\xampp\htdocs\smart-asset-management\frontend\node_modules\prompts\lib\elements","elements"
"C:\xampp\htdocs\smart-asset-management\frontend\node_modules\prompts\lib\util","util"
"C:\xampp\htdocs\smart-asset-management\frontend\node_modules\prop-types","prop-types"
"C:\xampp\htdocs\smart-asset-management\frontend\node_modules\prop-types\lib","lib"
"C:\xampp\htdocs\smart-asset-management\frontend\node_modules\prop-types\node_modules","node_modules"
"C:\xampp\htdocs\smart-asset-management\frontend\node_modules\prop-types\node_modules\react-is","react-is"
"C:\xampp\htdocs\smart-asset-management\frontend\node_modules\prop-types\node_modules\react-is\cjs","cjs"
"C:\xampp\htdocs\smart-asset-management\frontend\node_modules\prop-types\node_modules\react-is\umd","umd"
"C:\xampp\htdocs\smart-asset-management\frontend\node_modules\proxy-addr","proxy-addr"
"C:\xampp\htdocs\smart-asset-management\frontend\node_modules\proxy-addr\node_modules","node_modules"
"C:\xampp\htdocs\smart-asset-management\frontend\node_modules\proxy-addr\node_modules\ipaddr.js","ipaddr.js"
"C:\xampp\htdocs\smart-asset-management\frontend\node_modules\proxy-addr\node_modules\ipaddr.js\lib","lib"
"C:\xampp\htdocs\smart-asset-management\frontend\node_modules\proxy-from-env","proxy-from-env"
"C:\xampp\htdocs\smart-asset-management\frontend\node_modules\psl","psl"
"C:\xampp\htdocs\smart-asset-management\frontend\node_modules\psl\data","data"
"C:\xampp\htdocs\smart-asset-management\frontend\node_modules\psl\dist","dist"
"C:\xampp\htdocs\smart-asset-management\frontend\node_modules\psl\types","types"
"C:\xampp\htdocs\smart-asset-management\frontend\node_modules\p-try","p-try"
"C:\xampp\htdocs\smart-asset-management\frontend\node_modules\punycode","punycode"
"C:\xampp\htdocs\smart-asset-management\frontend\node_modules\q","q"
"C:\xampp\htdocs\smart-asset-management\frontend\node_modules\qrcode.react","qrcode.react"
"C:\xampp\htdocs\smart-asset-management\frontend\node_modules\qrcode.react\lib","lib"
"C:\xampp\htdocs\smart-asset-management\frontend\node_modules\qrcode.react\lib\esm","esm"
"C:\xampp\htdocs\smart-asset-management\frontend\node_modules\qs","qs"
"C:\xampp\htdocs\smart-asset-management\frontend\node_modules\qs\.github",".github"
"C:\xampp\htdocs\smart-asset-management\frontend\node_modules\qs\dist","dist"
"C:\xampp\htdocs\smart-asset-management\frontend\node_modules\qs\lib","lib"
"C:\xampp\htdocs\smart-asset-management\frontend\node_modules\qs\test","test"
"C:\xampp\htdocs\smart-asset-management\frontend\node_modules\querystringify","querystringify"
"C:\xampp\htdocs\smart-asset-management\frontend\node_modules\queue-microtask","queue-microtask"
"C:\xampp\htdocs\smart-asset-management\frontend\node_modules\raf","raf"
"C:\xampp\htdocs\smart-asset-management\frontend\node_modules\randombytes","randombytes"
"C:\xampp\htdocs\smart-asset-management\frontend\node_modules\range-parser","range-parser"
"C:\xampp\htdocs\smart-asset-management\frontend\node_modules\raw-body","raw-body"
"C:\xampp\htdocs\smart-asset-management\frontend\node_modules\raw-body\node_modules","node_modules"
"C:\xampp\htdocs\smart-asset-management\frontend\node_modules\raw-body\node_modules\iconv-lite","iconv-lite"
"C:\xampp\htdocs\smart-asset-management\frontend\node_modules\raw-body\node_modules\iconv-lite\encodings","encodings"
"C:\xampp\htdocs\smart-asset-management\frontend\node_modules\raw-body\node_modules\iconv-lite\encodings\tables","tables"
"C:\xampp\htdocs\smart-asset-management\frontend\node_modules\raw-body\node_modules\iconv-lite\lib","lib"
"C:\xampp\htdocs\smart-asset-management\frontend\node_modules\react","react"
"C:\xampp\htdocs\smart-asset-management\frontend\node_modules\react\cjs","cjs"
"C:\xampp\htdocs\smart-asset-management\frontend\node_modules\react\umd","umd"
"C:\xampp\htdocs\smart-asset-management\frontend\node_modules\react-app-polyfill","react-app-polyfill"
"C:\xampp\htdocs\smart-asset-management\frontend\node_modules\react-chartjs-2","react-chartjs-2"
"C:\xampp\htdocs\smart-asset-management\frontend\node_modules\react-chartjs-2\dist","dist"
"C:\xampp\htdocs\smart-asset-management\frontend\node_modules\react-dev-utils","react-dev-utils"
"C:\xampp\htdocs\smart-asset-management\frontend\node_modules\react-dev-utils\node_modules","node_modules"
"C:\xampp\htdocs\smart-asset-management\frontend\node_modules\react-dev-utils\node_modules\find-up","find-up"
"C:\xampp\htdocs\smart-asset-management\frontend\node_modules\react-dev-utils\node_modules\loader-utils","loader-utils"
"C:\xampp\htdocs\smart-asset-management\frontend\node_modules\react-dev-utils\node_modules\loader-utils\lib","lib"
"C:\xampp\htdocs\smart-asset-management\frontend\node_modules\react-dev-utils\node_modules\loader-utils\lib\hash","hash"
"C:\xampp\htdocs\smart-asset-management\frontend\node_modules\react-dev-utils\node_modules\locate-path","locate-path"
"C:\xampp\htdocs\smart-asset-management\frontend\node_modules\react-dev-utils\node_modules\p-limit","p-limit"
"C:\xampp\htdocs\smart-asset-management\frontend\node_modules\react-dev-utils\node_modules\p-locate","p-locate"
"C:\xampp\htdocs\smart-asset-management\frontend\node_modules\react-dom","react-dom"
"C:\xampp\htdocs\smart-asset-management\frontend\node_modules\react-dom\cjs","cjs"
"C:\xampp\htdocs\smart-asset-management\frontend\node_modules\react-dom\umd","umd"
"C:\xampp\htdocs\smart-asset-management\frontend\node_modules\react-error-overlay","react-error-overlay"
"C:\xampp\htdocs\smart-asset-management\frontend\node_modules\react-error-overlay\lib","lib"
"C:\xampp\htdocs\smart-asset-management\frontend\node_modules\react-refresh","react-refresh"
"C:\xampp\htdocs\smart-asset-management\frontend\node_modules\react-refresh\cjs","cjs"
"C:\xampp\htdocs\smart-asset-management\frontend\node_modules\react-router","react-router"
"C:\xampp\htdocs\smart-asset-management\frontend\node_modules\react-router\dist","dist"
"C:\xampp\htdocs\smart-asset-management\frontend\node_modules\react-router\dist\lib","lib"
"C:\xampp\htdocs\smart-asset-management\frontend\node_modules\react-router\dist\umd","umd"
"C:\xampp\htdocs\smart-asset-management\frontend\node_modules\react-router-dom","react-router-dom"
"C:\xampp\htdocs\smart-asset-management\frontend\node_modules\react-router-dom\dist","dist"
"C:\xampp\htdocs\smart-asset-management\frontend\node_modules\react-router-dom\dist\umd","umd"
"C:\xampp\htdocs\smart-asset-management\frontend\node_modules\react-scripts","react-scripts"
"C:\xampp\htdocs\smart-asset-management\frontend\node_modules\react-scripts\bin","bin"
"C:\xampp\htdocs\smart-asset-management\frontend\node_modules\react-scripts\config","config"
"C:\xampp\htdocs\smart-asset-management\frontend\node_modules\react-scripts\config\jest","jest"
"C:\xampp\htdocs\smart-asset-management\frontend\node_modules\react-scripts\config\webpack","webpack"
"C:\xampp\htdocs\smart-asset-management\frontend\node_modules\react-scripts\config\webpack\persistentCache","persistentCache"
"C:\xampp\htdocs\smart-asset-management\frontend\node_modules\react-scripts\lib","lib"
"C:\xampp\htdocs\smart-asset-management\frontend\node_modules\react-scripts\scripts","scripts"
"C:\xampp\htdocs\smart-asset-management\frontend\node_modules\react-scripts\scripts\utils","utils"
"C:\xampp\htdocs\smart-asset-management\frontend\node_modules\react-scripts\template","template"
"C:\xampp\htdocs\smart-asset-management\frontend\node_modules\react-scripts\template-typescript","template-typescript"
"C:\xampp\htdocs\smart-asset-management\frontend\node_modules\react-toastify","react-toastify"
"C:\xampp\htdocs\smart-asset-management\frontend\node_modules\react-toastify\addons","addons"
"C:\xampp\htdocs\smart-asset-management\frontend\node_modules\react-toastify\addons\use-notification-center","use-notification-center"
"C:\xampp\htdocs\smart-asset-management\frontend\node_modules\react-toastify\dist","dist"
"C:\xampp\htdocs\smart-asset-management\frontend\node_modules\readable-stream","readable-stream"
"C:\xampp\htdocs\smart-asset-management\frontend\node_modules\readable-stream\lib","lib"
"C:\xampp\htdocs\smart-asset-management\frontend\node_modules\readable-stream\lib\internal","internal"
"C:\xampp\htdocs\smart-asset-management\frontend\node_modules\readable-stream\lib\internal\streams","streams"
"C:\xampp\htdocs\smart-asset-management\frontend\node_modules\read-cache","read-cache"
"C:\xampp\htdocs\smart-asset-management\frontend\node_modules\readdirp","readdirp"
"C:\xampp\htdocs\smart-asset-management\frontend\node_modules\recursive-readdir","recursive-readdir"
"C:\xampp\htdocs\smart-asset-management\frontend\node_modules\redent","redent"
"C:\xampp\htdocs\smart-asset-management\frontend\node_modules\reflect.getprototypeof","reflect.getprototypeof"
"C:\xampp\htdocs\smart-asset-management\frontend\node_modules\reflect.getprototypeof\test","test"
"C:\xampp\htdocs\smart-asset-management\frontend\node_modules\regenerate","regenerate"
"C:\xampp\htdocs\smart-asset-management\frontend\node_modules\regenerate-unicode-properties","regenerate-unicode-properties"
"C:\xampp\htdocs\smart-asset-management\frontend\node_modules\regenerate-unicode-properties\Binary_Property","Binary_Property"
"C:\xampp\htdocs\smart-asset-management\frontend\node_modules\regenerate-unicode-properties\General_Category","General_Category"
"C:\xampp\htdocs\smart-asset-management\frontend\node_modules\regenerate-unicode-properties\Property_of_Strings","Property_of_Strings"
"C:\xampp\htdocs\smart-asset-management\frontend\node_modules\regenerate-unicode-properties\Script","Script"
"C:\xampp\htdocs\smart-asset-management\frontend\node_modules\regenerate-unicode-properties\Script_Extensions","Script_Extensions"
"C:\xampp\htdocs\smart-asset-management\frontend\node_modules\regenerator-runtime","regenerator-runtime"
"C:\xampp\htdocs\smart-asset-management\frontend\node_modules\regexp.prototype.flags","regexp.prototype.flags"
"C:\xampp\htdocs\smart-asset-management\frontend\node_modules\regexp.prototype.flags\test","test"
"C:\xampp\htdocs\smart-asset-management\frontend\node_modules\regex-parser","regex-parser"
"C:\xampp\htdocs\smart-asset-management\frontend\node_modules\regex-parser\lib","lib"
"C:\xampp\htdocs\smart-asset-management\frontend\node_modules\regex-parser\lib\typings","typings"
"C:\xampp\htdocs\smart-asset-management\frontend\node_modules\regexpu-core","regexpu-core"
"C:\xampp\htdocs\smart-asset-management\frontend\node_modules\regexpu-core\data","data"
"C:\xampp\htdocs\smart-asset-management\frontend\node_modules\regjsgen","regjsgen"
"C:\xampp\htdocs\smart-asset-management\frontend\node_modules\regjsparser","regjsparser"
"C:\xampp\htdocs\smart-asset-management\frontend\node_modules\regjsparser\bin","bin"
"C:\xampp\htdocs\smart-asset-management\frontend\node_modules\relateurl","relateurl"
"C:\xampp\htdocs\smart-asset-management\frontend\node_modules\relateurl\lib","lib"
"C:\xampp\htdocs\smart-asset-management\frontend\node_modules\relateurl\lib\parse","parse"
"C:\xampp\htdocs\smart-asset-management\frontend\node_modules\relateurl\lib\relate","relate"
"C:\xampp\htdocs\smart-asset-management\frontend\node_modules\relateurl\lib\util","util"
"C:\xampp\htdocs\smart-asset-management\frontend\node_modules\renderkid","renderkid"
"C:\xampp\htdocs\smart-asset-management\frontend\node_modules\renderkid\docs","docs"
"C:\xampp\htdocs\smart-asset-management\frontend\node_modules\renderkid\docs\images","images"
"C:\xampp\htdocs\smart-asset-management\frontend\node_modules\renderkid\lib","lib"
"C:\xampp\htdocs\smart-asset-management\frontend\node_modules\renderkid\lib\ansiPainter","ansiPainter"
"C:\xampp\htdocs\smart-asset-management\frontend\node_modules\renderkid\lib\layout","layout"
"C:\xampp\htdocs\smart-asset-management\frontend\node_modules\renderkid\lib\layout\block","block"
"C:\xampp\htdocs\smart-asset-management\frontend\node_modules\renderkid\lib\layout\block\blockAppendor","blockAppendor"
"C:\xampp\htdocs\smart-asset-management\frontend\node_modules\renderkid\lib\layout\block\blockPrependor","blockPrependor"
"C:\xampp\htdocs\smart-asset-management\frontend\node_modules\renderkid\lib\layout\block\lineAppendor","lineAppendor"
"C:\xampp\htdocs\smart-asset-management\frontend\node_modules\renderkid\lib\layout\block\linePrependor","linePrependor"
"C:\xampp\htdocs\smart-asset-management\frontend\node_modules\renderkid\lib\layout\block\lineWrapper","lineWrapper"
"C:\xampp\htdocs\smart-asset-management\frontend\node_modules\renderkid\lib\renderKid","renderKid"
"C:\xampp\htdocs\smart-asset-management\frontend\node_modules\renderkid\lib\renderKid\styleApplier","styleApplier"
"C:\xampp\htdocs\smart-asset-management\frontend\node_modules\renderkid\lib\renderKid\styles","styles"
"C:\xampp\htdocs\smart-asset-management\frontend\node_modules\renderkid\lib\renderKid\styles\rule","rule"
"C:\xampp\htdocs\smart-asset-management\frontend\node_modules\renderkid\lib\renderKid\styles\rule\declarationBlock","declarationBlock"
"C:\xampp\htdocs\smart-asset-management\frontend\node_modules\require-directory","require-directory"
"C:\xampp\htdocs\smart-asset-management\frontend\node_modules\require-from-string","require-from-string"
"C:\xampp\htdocs\smart-asset-management\frontend\node_modules\requires-port","requires-port"
"C:\xampp\htdocs\smart-asset-management\frontend\node_modules\resolve","resolve"
"C:\xampp\htdocs\smart-asset-management\frontend\node_modules\resolve.exports","resolve.exports"
"C:\xampp\htdocs\smart-asset-management\frontend\node_modules\resolve.exports\dist","dist"
"C:\xampp\htdocs\smart-asset-management\frontend\node_modules\resolve\.claude",".claude"
"C:\xampp\htdocs\smart-asset-management\frontend\node_modules\resolve\.github",".github"
"C:\xampp\htdocs\smart-asset-management\frontend\node_modules\resolve\bin","bin"
"C:\xampp\htdocs\smart-asset-management\frontend\node_modules\resolve\example","example"
"C:\xampp\htdocs\smart-asset-management\frontend\node_modules\resolve\lib","lib"
"C:\xampp\htdocs\smart-asset-management\frontend\node_modules\resolve\test","test"
"C:\xampp\htdocs\smart-asset-management\frontend\node_modules\resolve\test\dotdot","dotdot"
"C:\xampp\htdocs\smart-asset-management\frontend\node_modules\resolve\test\dotdot\abc","abc"
"C:\xampp\htdocs\smart-asset-management\frontend\node_modules\resolve\test\module_dir","module_dir"
"C:\xampp\htdocs\smart-asset-management\frontend\node_modules\resolve\test\module_dir\xmodules","xmodules"
"C:\xampp\htdocs\smart-asset-management\frontend\node_modules\resolve\test\module_dir\xmodules\aaa","aaa"
"C:\xampp\htdocs\smart-asset-management\frontend\node_modules\resolve\test\module_dir\ymodules","ymodules"
"C:\xampp\htdocs\smart-asset-management\frontend\node_modules\resolve\test\module_dir\ymodules\aaa","aaa"
"C:\xampp\htdocs\smart-asset-management\frontend\node_modules\resolve\test\module_dir\zmodules","zmodules"
"C:\xampp\htdocs\smart-asset-management\frontend\node_modules\resolve\test\module_dir\zmodules\bbb","bbb"
"C:\xampp\htdocs\smart-asset-management\frontend\node_modules\resolve\test\node_path","node_path"
"C:\xampp\htdocs\smart-asset-management\frontend\node_modules\resolve\test\node_path\x","x"
"C:\xampp\htdocs\smart-asset-management\frontend\node_modules\resolve\test\node_path\x\aaa","aaa"
"C:\xampp\htdocs\smart-asset-management\frontend\node_modules\resolve\test\node_path\x\ccc","ccc"
"C:\xampp\htdocs\smart-asset-management\frontend\node_modules\resolve\test\node_path\y","y"
"C:\xampp\htdocs\smart-asset-management\frontend\node_modules\resolve\test\node_path\y\bbb","bbb"
"C:\xampp\htdocs\smart-asset-management\frontend\node_modules\resolve\test\node_path\y\ccc","ccc"
"C:\xampp\htdocs\smart-asset-management\frontend\node_modules\resolve\test\pathfilter","pathfilter"
"C:\xampp\htdocs\smart-asset-management\frontend\node_modules\resolve\test\pathfilter\deep_ref","deep_ref"
"C:\xampp\htdocs\smart-asset-management\frontend\node_modules\resolve\test\precedence","precedence"
"C:\xampp\htdocs\smart-asset-management\frontend\node_modules\resolve\test\precedence\aaa","aaa"
"C:\xampp\htdocs\smart-asset-management\frontend\node_modules\resolve\test\precedence\bbb","bbb"
"C:\xampp\htdocs\smart-asset-management\frontend\node_modules\resolve\test\resolver","resolver"
"C:\xampp\htdocs\smart-asset-management\frontend\node_modules\resolve\test\resolver\baz","baz"
"C:\xampp\htdocs\smart-asset-management\frontend\node_modules\resolve\test\resolver\browser_field","browser_field"
"C:\xampp\htdocs\smart-asset-management\frontend\node_modules\resolve\test\resolver\dot_main","dot_main"
"C:\xampp\htdocs\smart-asset-management\frontend\node_modules\resolve\test\resolver\dot_slash_main","dot_slash_main"
"C:\xampp\htdocs\smart-asset-management\frontend\node_modules\resolve\test\resolver\false_main","false_main"
"C:\xampp\htdocs\smart-asset-management\frontend\node_modules\resolve\test\resolver\incorrect_main","incorrect_main"
"C:\xampp\htdocs\smart-asset-management\frontend\node_modules\resolve\test\resolver\invalid_main","invalid_main"
"C:\xampp\htdocs\smart-asset-management\frontend\node_modules\resolve\test\resolver\multirepo","multirepo"
"C:\xampp\htdocs\smart-asset-management\frontend\node_modules\resolve\test\resolver\multirepo\packages","packages"
"C:\xampp\htdocs\smart-asset-management\frontend\node_modules\resolve\test\resolver\multirepo\packages\package-a","package-a"
"C:\xampp\htdocs\smart-asset-management\frontend\node_modules\resolve\test\resolver\multirepo\packages\package-b","package-b"
"C:\xampp\htdocs\smart-asset-management\frontend\node_modules\resolve\test\resolver\nested_symlinks","nested_symlinks"
"C:\xampp\htdocs\smart-asset-management\frontend\node_modules\resolve\test\resolver\nested_symlinks\mylib","mylib"
"C:\xampp\htdocs\smart-asset-management\frontend\node_modules\resolve\test\resolver\other_path","other_path"
"C:\xampp\htdocs\smart-asset-management\frontend\node_modules\resolve\test\resolver\other_path\lib","lib"
"C:\xampp\htdocs\smart-asset-management\frontend\node_modules\resolve\test\resolver\quux","quux"
"C:\xampp\htdocs\smart-asset-management\frontend\node_modules\resolve\test\resolver\quux\foo","foo"
"C:\xampp\htdocs\smart-asset-management\frontend\node_modules\resolve\test\resolver\same_names","same_names"
"C:\xampp\htdocs\smart-asset-management\frontend\node_modules\resolve\test\resolver\same_names\foo","foo"
"C:\xampp\htdocs\smart-asset-management\frontend\node_modules\resolve\test\resolver\symlinked","symlinked"
"C:\xampp\htdocs\smart-asset-management\frontend\node_modules\resolve\test\resolver\symlinked\_","_"
"C:\xampp\htdocs\smart-asset-management\frontend\node_modules\resolve\test\resolver\symlinked\_\node_modules","node_modules"
"C:\xampp\htdocs\smart-asset-management\frontend\node_modules\resolve\test\resolver\symlinked\_\symlink_target","symlink_target"
"C:\xampp\htdocs\smart-asset-management\frontend\node_modules\resolve\test\resolver\symlinked\package","package"
"C:\xampp\htdocs\smart-asset-management\frontend\node_modules\resolve\test\resolver\without_basedir","without_basedir"
"C:\xampp\htdocs\smart-asset-management\frontend\node_modules\resolve\test\shadowed_core","shadowed_core"
"C:\xampp\htdocs\smart-asset-management\frontend\node_modules\resolve\test\shadowed_core\node_modules","node_modules"
"C:\xampp\htdocs\smart-asset-management\frontend\node_modules\resolve\test\shadowed_core\node_modules\util","util"
"C:\xampp\htdocs\smart-asset-management\frontend\node_modules\resolve-cwd","resolve-cwd"
"C:\xampp\htdocs\smart-asset-management\frontend\node_modules\resolve-cwd\node_modules","node_modules"
"C:\xampp\htdocs\smart-asset-management\frontend\node_modules\resolve-cwd\node_modules\resolve-from","resolve-from"
"C:\xampp\htdocs\smart-asset-management\frontend\node_modules\resolve-from","resolve-from"
"C:\xampp\htdocs\smart-asset-management\frontend\node_modules\resolve-url-loader","resolve-url-loader"
"C:\xampp\htdocs\smart-asset-management\frontend\node_modules\resolve-url-loader\docs","docs"
"C:\xampp\htdocs\smart-asset-management\frontend\node_modules\resolve-url-loader\lib","lib"
"C:\xampp\htdocs\smart-asset-management\frontend\node_modules\resolve-url-loader\lib\engine","engine"
"C:\xampp\htdocs\smart-asset-management\frontend\node_modules\resolve-url-loader\lib\join-function","join-function"
"C:\xampp\htdocs\smart-asset-management\frontend\node_modules\resolve-url-loader\node_modules","node_modules"
"C:\xampp\htdocs\smart-asset-management\frontend\node_modules\resolve-url-loader\node_modules\picocolors","picocolors"
"C:\xampp\htdocs\smart-asset-management\frontend\node_modules\resolve-url-loader\node_modules\postcss","postcss"
"C:\xampp\htdocs\smart-asset-management\frontend\node_modules\resolve-url-loader\node_modules\postcss\lib","lib"
"C:\xampp\htdocs\smart-asset-management\frontend\node_modules\resolve-url-loader\node_modules\source-map","source-map"
"C:\xampp\htdocs\smart-asset-management\frontend\node_modules\resolve-url-loader\node_modules\source-map\dist","dist"
"C:\xampp\htdocs\smart-asset-management\frontend\node_modules\resolve-url-loader\node_modules\source-map\lib","lib"
"C:\xampp\htdocs\smart-asset-management\frontend\node_modules\retry","retry"
"C:\xampp\htdocs\smart-asset-management\frontend\node_modules\retry\example","example"
"C:\xampp\htdocs\smart-asset-management\frontend\node_modules\retry\lib","lib"
"C:\xampp\htdocs\smart-asset-management\frontend\node_modules\reusify","reusify"
"C:\xampp\htdocs\smart-asset-management\frontend\node_modules\reusify\.github",".github"
"C:\xampp\htdocs\smart-asset-management\frontend\node_modules\reusify\.github\workflows","workflows"
"C:\xampp\htdocs\smart-asset-management\frontend\node_modules\reusify\benchmarks","benchmarks"
"C:\xampp\htdocs\smart-asset-management\frontend\node_modules\rgbcolor","rgbcolor"
"C:\xampp\htdocs\smart-asset-management\frontend\node_modules\rimraf","rimraf"
"C:\xampp\htdocs\smart-asset-management\frontend\node_modules\rollup","rollup"
"C:\xampp\htdocs\smart-asset-management\frontend\node_modules\rollup\dist","dist"
"C:\xampp\htdocs\smart-asset-management\frontend\node_modules\rollup\dist\bin","bin"
"C:\xampp\htdocs\smart-asset-management\frontend\node_modules\rollup\dist\es","es"
"C:\xampp\htdocs\smart-asset-management\frontend\node_modules\rollup\dist\es\shared","shared"
"C:\xampp\htdocs\smart-asset-management\frontend\node_modules\rollup\dist\shared","shared"
"C:\xampp\htdocs\smart-asset-management\frontend\node_modules\rollup-plugin-terser","rollup-plugin-terser"
"C:\xampp\htdocs\smart-asset-management\frontend\node_modules\rollup-plugin-terser\node_modules","node_modules"
"C:\xampp\htdocs\smart-asset-management\frontend\node_modules\rollup-plugin-terser\node_modules\jest-worker","jest-worker"
"C:\xampp\htdocs\smart-asset-management\frontend\node_modules\rollup-plugin-terser\node_modules\jest-worker\build","build"
"C:\xampp\htdocs\smart-asset-management\frontend\node_modules\rollup-plugin-terser\node_modules\jest-worker\build\base","base"
"C:\xampp\htdocs\smart-asset-management\frontend\node_modules\rollup-plugin-terser\node_modules\jest-worker\build\workers","workers"
"C:\xampp\htdocs\smart-asset-management\frontend\node_modules\rollup-plugin-terser\node_modules\serialize-javascript","serialize-javascript"
"C:\xampp\htdocs\smart-asset-management\frontend\node_modules\rollup-plugin-terser\node_modules\serialize-javascript\.vscode",".vscode"
"C:\xampp\htdocs\smart-asset-management\frontend\node_modules\run-parallel","run-parallel"
"C:\xampp\htdocs\smart-asset-management\frontend\node_modules\safe-array-concat","safe-array-concat"
"C:\xampp\htdocs\smart-asset-management\frontend\node_modules\safe-array-concat\.github",".github"
"C:\xampp\htdocs\smart-asset-management\frontend\node_modules\safe-array-concat\test","test"
"C:\xampp\htdocs\smart-asset-management\frontend\node_modules\safe-buffer","safe-buffer"
"C:\xampp\htdocs\smart-asset-management\frontend\node_modules\safe-push-apply","safe-push-apply"
"C:\xampp\htdocs\smart-asset-management\frontend\node_modules\safe-push-apply\.github",".github"
"C:\xampp\htdocs\smart-asset-management\frontend\node_modules\safe-push-apply\test","test"
"C:\xampp\htdocs\smart-asset-management\frontend\node_modules\safer-buffer","safer-buffer"
"C:\xampp\htdocs\smart-asset-management\frontend\node_modules\safe-regex-test","safe-regex-test"
"C:\xampp\htdocs\smart-asset-management\frontend\node_modules\safe-regex-test\.github",".github"
"C:\xampp\htdocs\smart-asset-management\frontend\node_modules\safe-regex-test\test","test"
"C:\xampp\htdocs\smart-asset-management\frontend\node_modules\sanitize.css","sanitize.css"
"C:\xampp\htdocs\smart-asset-management\frontend\node_modules\sass-loader","sass-loader"
"C:\xampp\htdocs\smart-asset-management\frontend\node_modules\sass-loader\dist","dist"
"C:\xampp\htdocs\smart-asset-management\frontend\node_modules\sax","sax"
"C:\xampp\htdocs\smart-asset-management\frontend\node_modules\sax\lib","lib"
"C:\xampp\htdocs\smart-asset-management\frontend\node_modules\saxes","saxes"
"C:\xampp\htdocs\smart-asset-management\frontend\node_modules\scheduler","scheduler"
"C:\xampp\htdocs\smart-asset-management\frontend\node_modules\scheduler\cjs","cjs"
"C:\xampp\htdocs\smart-asset-management\frontend\node_modules\scheduler\umd","umd"
"C:\xampp\htdocs\smart-asset-management\frontend\node_modules\schema-utils","schema-utils"
"C:\xampp\htdocs\smart-asset-management\frontend\node_modules\schema-utils\declarations","declarations"
"C:\xampp\htdocs\smart-asset-management\frontend\node_modules\schema-utils\declarations\keywords","keywords"
"C:\xampp\htdocs\smart-asset-management\frontend\node_modules\schema-utils\declarations\util","util"
"C:\xampp\htdocs\smart-asset-management\frontend\node_modules\schema-utils\dist","dist"
"C:\xampp\htdocs\smart-asset-management\frontend\node_modules\schema-utils\dist\keywords","keywords"
"C:\xampp\htdocs\smart-asset-management\frontend\node_modules\schema-utils\dist\util","util"
"C:\xampp\htdocs\smart-asset-management\frontend\node_modules\schema-utils\node_modules","node_modules"
"C:\xampp\htdocs\smart-asset-management\frontend\node_modules\schema-utils\node_modules\ajv","ajv"
"C:\xampp\htdocs\smart-asset-management\frontend\node_modules\schema-utils\node_modules\ajv\dist","dist"
"C:\xampp\htdocs\smart-asset-management\frontend\node_modules\schema-utils\node_modules\ajv\dist\compile","compile"
"C:\xampp\htdocs\smart-asset-management\frontend\node_modules\schema-utils\node_modules\ajv\dist\compile\codegen","codegen"
"C:\xampp\htdocs\smart-asset-management\frontend\node_modules\schema-utils\node_modules\ajv\dist\compile\jtd","jtd"
"C:\xampp\htdocs\smart-asset-management\frontend\node_modules\schema-utils\node_modules\ajv\dist\compile\validate","validate"
"C:\xampp\htdocs\smart-asset-management\frontend\node_modules\schema-utils\node_modules\ajv\dist\refs","refs"
"C:\xampp\htdocs\smart-asset-management\frontend\node_modules\schema-utils\node_modules\ajv\dist\refs\json-schema-2019-09","json-schema-2019-09"
"C:\xampp\htdocs\smart-asset-management\frontend\node_modules\schema-utils\node_modules\ajv\dist\refs\json-schema-2019-09\meta","meta"
"C:\xampp\htdocs\smart-asset-management\frontend\node_modules\schema-utils\node_modules\ajv\dist\refs\json-schema-2020-12","json-schema-2020-12"
"C:\xampp\htdocs\smart-asset-management\frontend\node_modules\schema-utils\node_modules\ajv\dist\refs\json-schema-2020-12\meta","meta"
"C:\xampp\htdocs\smart-asset-management\frontend\node_modules\schema-utils\node_modules\ajv\dist\runtime","runtime"
"C:\xampp\htdocs\smart-asset-management\frontend\node_modules\schema-utils\node_modules\ajv\dist\standalone","standalone"
"C:\xampp\htdocs\smart-asset-management\frontend\node_modules\schema-utils\node_modules\ajv\dist\types","types"
"C:\xampp\htdocs\smart-asset-management\frontend\node_modules\schema-utils\node_modules\ajv\dist\vocabularies","vocabularies"
"C:\xampp\htdocs\smart-asset-management\frontend\node_modules\schema-utils\node_modules\ajv\dist\vocabularies\applicator","applicator"
"C:\xampp\htdocs\smart-asset-management\frontend\node_modules\schema-utils\node_modules\ajv\dist\vocabularies\core","core"
"C:\xampp\htdocs\smart-asset-management\frontend\node_modules\schema-utils\node_modules\ajv\dist\vocabularies\discriminator","discriminator"
"C:\xampp\htdocs\smart-asset-management\frontend\node_modules\schema-utils\node_modules\ajv\dist\vocabularies\dynamic","dynamic"
"C:\xampp\htdocs\smart-asset-management\frontend\node_modules\schema-utils\node_modules\ajv\dist\vocabularies\format","format"
"C:\xampp\htdocs\smart-asset-management\frontend\node_modules\schema-utils\node_modules\ajv\dist\vocabularies\jtd","jtd"
"C:\xampp\htdocs\smart-asset-management\frontend\node_modules\schema-utils\node_modules\ajv\dist\vocabularies\unevaluated","unevaluated"
"C:\xampp\htdocs\smart-asset-management\frontend\node_modules\schema-utils\node_modules\ajv\dist\vocabularies\validation","validation"
"C:\xampp\htdocs\smart-asset-management\frontend\node_modules\schema-utils\node_modules\ajv\lib","lib"
"C:\xampp\htdocs\smart-asset-management\frontend\node_modules\schema-utils\node_modules\ajv\lib\compile","compile"
"C:\xampp\htdocs\smart-asset-management\frontend\node_modules\schema-utils\node_modules\ajv\lib\compile\codegen","codegen"
"C:\xampp\htdocs\smart-asset-management\frontend\node_modules\schema-utils\node_modules\ajv\lib\compile\jtd","jtd"
"C:\xampp\htdocs\smart-asset-management\frontend\node_modules\schema-utils\node_modules\ajv\lib\compile\validate","validate"
"C:\xampp\htdocs\smart-asset-management\frontend\node_modules\schema-utils\node_modules\ajv\lib\refs","refs"
"C:\xampp\htdocs\smart-asset-management\frontend\node_modules\schema-utils\node_modules\ajv\lib\refs\json-schema-2019-09","json-schema-2019-09"
"C:\xampp\htdocs\smart-asset-management\frontend\node_modules\schema-utils\node_modules\ajv\lib\refs\json-schema-2019-09\meta","meta"
"C:\xampp\htdocs\smart-asset-management\frontend\node_modules\schema-utils\node_modules\ajv\lib\refs\json-schema-2020-12","json-schema-2020-12"
"C:\xampp\htdocs\smart-asset-management\frontend\node_modules\schema-utils\node_modules\ajv\lib\refs\json-schema-2020-12\meta","meta"
"C:\xampp\htdocs\smart-asset-management\frontend\node_modules\schema-utils\node_modules\ajv\lib\runtime","runtime"
"C:\xampp\htdocs\smart-asset-management\frontend\node_modules\schema-utils\node_modules\ajv\lib\standalone","standalone"
"C:\xampp\htdocs\smart-asset-management\frontend\node_modules\schema-utils\node_modules\ajv\lib\types","types"
"C:\xampp\htdocs\smart-asset-management\frontend\node_modules\schema-utils\node_modules\ajv\lib\vocabularies","vocabularies"
"C:\xampp\htdocs\smart-asset-management\frontend\node_modules\schema-utils\node_modules\ajv\lib\vocabularies\applicator","applicator"
"C:\xampp\htdocs\smart-asset-management\frontend\node_modules\schema-utils\node_modules\ajv\lib\vocabularies\core","core"
"C:\xampp\htdocs\smart-asset-management\frontend\node_modules\schema-utils\node_modules\ajv\lib\vocabularies\discriminator","discriminator"
"C:\xampp\htdocs\smart-asset-management\frontend\node_modules\schema-utils\node_modules\ajv\lib\vocabularies\dynamic","dynamic"
"C:\xampp\htdocs\smart-asset-management\frontend\node_modules\schema-utils\node_modules\ajv\lib\vocabularies\format","format"
"C:\xampp\htdocs\smart-asset-management\frontend\node_modules\schema-utils\node_modules\ajv\lib\vocabularies\jtd","jtd"
"C:\xampp\htdocs\smart-asset-management\frontend\node_modules\schema-utils\node_modules\ajv\lib\vocabularies\unevaluated","unevaluated"
"C:\xampp\htdocs\smart-asset-management\frontend\node_modules\schema-utils\node_modules\ajv\lib\vocabularies\validation","validation"
"C:\xampp\htdocs\smart-asset-management\frontend\node_modules\schema-utils\node_modules\ajv-keywords","ajv-keywords"
"C:\xampp\htdocs\smart-asset-management\frontend\node_modules\schema-utils\node_modules\ajv-keywords\dist","dist"
"C:\xampp\htdocs\smart-asset-management\frontend\node_modules\schema-utils\node_modules\ajv-keywords\dist\definitions","definitions"
"C:\xampp\htdocs\smart-asset-management\frontend\node_modules\schema-utils\node_modules\ajv-keywords\dist\keywords","keywords"
"C:\xampp\htdocs\smart-asset-management\frontend\node_modules\schema-utils\node_modules\ajv-keywords\src","src"
"C:\xampp\htdocs\smart-asset-management\frontend\node_modules\schema-utils\node_modules\ajv-keywords\src\definitions","definitions"
"C:\xampp\htdocs\smart-asset-management\frontend\node_modules\schema-utils\node_modules\ajv-keywords\src\keywords","keywords"
"C:\xampp\htdocs\smart-asset-management\frontend\node_modules\schema-utils\node_modules\json-schema-traverse","json-schema-traverse"
"C:\xampp\htdocs\smart-asset-management\frontend\node_modules\schema-utils\node_modules\json-schema-traverse\.github",".github"
"C:\xampp\htdocs\smart-asset-management\frontend\node_modules\schema-utils\node_modules\json-schema-traverse\.github\workflows","workflows"
"C:\xampp\htdocs\smart-asset-management\frontend\node_modules\schema-utils\node_modules\json-schema-traverse\spec","spec"
"C:\xampp\htdocs\smart-asset-management\frontend\node_modules\schema-utils\node_modules\json-schema-traverse\spec\fixtures","fixtures"
"C:\xampp\htdocs\smart-asset-management\frontend\node_modules\select-hose","select-hose"
"C:\xampp\htdocs\smart-asset-management\frontend\node_modules\select-hose\lib","lib"
"C:\xampp\htdocs\smart-asset-management\frontend\node_modules\select-hose\test","test"
"C:\xampp\htdocs\smart-asset-management\frontend\node_modules\selfsigned","selfsigned"
"C:\xampp\htdocs\smart-asset-management\frontend\node_modules\selfsigned\test","test"
"C:\xampp\htdocs\smart-asset-management\frontend\node_modules\semver","semver"
"C:\xampp\htdocs\smart-asset-management\frontend\node_modules\semver\bin","bin"
"C:\xampp\htdocs\smart-asset-management\frontend\node_modules\semver\classes","classes"
"C:\xampp\htdocs\smart-asset-management\frontend\node_modules\semver\functions","functions"
"C:\xampp\htdocs\smart-asset-management\frontend\node_modules\semver\internal","internal"
"C:\xampp\htdocs\smart-asset-management\frontend\node_modules\semver\ranges","ranges"
"C:\xampp\htdocs\smart-asset-management\frontend\node_modules\send","send"
"C:\xampp\htdocs\smart-asset-management\frontend\node_modules\send\node_modules","node_modules"
"C:\xampp\htdocs\smart-asset-management\frontend\node_modules\send\node_modules\debug","debug"
"C:\xampp\htdocs\smart-asset-management\frontend\node_modules\send\node_modules\debug\node_modules","node_modules"
"C:\xampp\htdocs\smart-asset-management\frontend\node_modules\send\node_modules\debug\node_modules\ms","ms"
"C:\xampp\htdocs\smart-asset-management\frontend\node_modules\send\node_modules\debug\src","src"
"C:\xampp\htdocs\smart-asset-management\frontend\node_modules\serialize-javascript","serialize-javascript"
"C:\xampp\htdocs\smart-asset-management\frontend\node_modules\serve-index","serve-index"
"C:\xampp\htdocs\smart-asset-management\frontend\node_modules\serve-index\node_modules","node_modules"
"C:\xampp\htdocs\smart-asset-management\frontend\node_modules\serve-index\node_modules\debug","debug"
"C:\xampp\htdocs\smart-asset-management\frontend\node_modules\serve-index\node_modules\debug\src","src"
"C:\xampp\htdocs\smart-asset-management\frontend\node_modules\serve-index\node_modules\depd","depd"
"C:\xampp\htdocs\smart-asset-management\frontend\node_modules\serve-index\node_modules\depd\lib","lib"
"C:\xampp\htdocs\smart-asset-management\frontend\node_modules\serve-index\node_modules\depd\lib\browser","browser"
"C:\xampp\htdocs\smart-asset-management\frontend\node_modules\serve-index\node_modules\depd\lib\compat","compat"
"C:\xampp\htdocs\smart-asset-management\frontend\node_modules\serve-index\node_modules\http-errors","http-errors"
"C:\xampp\htdocs\smart-asset-management\frontend\node_modules\serve-index\node_modules\ms","ms"
"C:\xampp\htdocs\smart-asset-management\frontend\node_modules\serve-index\node_modules\statuses","statuses"
"C:\xampp\htdocs\smart-asset-management\frontend\node_modules\serve-index\public","public"
"C:\xampp\htdocs\smart-asset-management\frontend\node_modules\serve-index\public\icons","icons"
"C:\xampp\htdocs\smart-asset-management\frontend\node_modules\serve-static","serve-static"
"C:\xampp\htdocs\smart-asset-management\frontend\node_modules\set-function-length","set-function-length"
"C:\xampp\htdocs\smart-asset-management\frontend\node_modules\set-function-length\.github",".github"
"C:\xampp\htdocs\smart-asset-management\frontend\node_modules\set-function-name","set-function-name"
"C:\xampp\htdocs\smart-asset-management\frontend\node_modules\set-function-name\.github",".github"
"C:\xampp\htdocs\smart-asset-management\frontend\node_modules\set-proto","set-proto"
"C:\xampp\htdocs\smart-asset-management\frontend\node_modules\set-proto\.github",".github"
"C:\xampp\htdocs\smart-asset-management\frontend\node_modules\set-proto\test","test"
"C:\xampp\htdocs\smart-asset-management\frontend\node_modules\setprototypeof","setprototypeof"
"C:\xampp\htdocs\smart-asset-management\frontend\node_modules\setprototypeof\test","test"
"C:\xampp\htdocs\smart-asset-management\frontend\node_modules\shebang-command","shebang-command"
"C:\xampp\htdocs\smart-asset-management\frontend\node_modules\shebang-regex","shebang-regex"
"C:\xampp\htdocs\smart-asset-management\frontend\node_modules\shell-quote","shell-quote"
"C:\xampp\htdocs\smart-asset-management\frontend\node_modules\shell-quote\.github",".github"
"C:\xampp\htdocs\smart-asset-management\frontend\node_modules\shell-quote\test","test"
"C:\xampp\htdocs\smart-asset-management\frontend\node_modules\side-channel","side-channel"
"C:\xampp\htdocs\smart-asset-management\frontend\node_modules\side-channel\.github",".github"
"C:\xampp\htdocs\smart-asset-management\frontend\node_modules\side-channel\test","test"
"C:\xampp\htdocs\smart-asset-management\frontend\node_modules\side-channel-list","side-channel-list"
"C:\xampp\htdocs\smart-asset-management\frontend\node_modules\side-channel-list\.github",".github"
"C:\xampp\htdocs\smart-asset-management\frontend\node_modules\side-channel-list\test","test"
"C:\xampp\htdocs\smart-asset-management\frontend\node_modules\side-channel-map","side-channel-map"
"C:\xampp\htdocs\smart-asset-management\frontend\node_modules\side-channel-map\.github",".github"
"C:\xampp\htdocs\smart-asset-management\frontend\node_modules\side-channel-map\test","test"
"C:\xampp\htdocs\smart-asset-management\frontend\node_modules\side-channel-weakmap","side-channel-weakmap"
"C:\xampp\htdocs\smart-asset-management\frontend\node_modules\side-channel-weakmap\.github",".github"
"C:\xampp\htdocs\smart-asset-management\frontend\node_modules\side-channel-weakmap\test","test"
"C:\xampp\htdocs\smart-asset-management\frontend\node_modules\signal-exit","signal-exit"
"C:\xampp\htdocs\smart-asset-management\frontend\node_modules\sisteransi","sisteransi"
"C:\xampp\htdocs\smart-asset-management\frontend\node_modules\sisteransi\src","src"
"C:\xampp\htdocs\smart-asset-management\frontend\node_modules\slash","slash"
"C:\xampp\htdocs\smart-asset-management\frontend\node_modules\sockjs","sockjs"
"C:\xampp\htdocs\smart-asset-management\frontend\node_modules\sockjs\lib","lib"
"C:\xampp\htdocs\smart-asset-management\frontend\node_modules\source-list-map","source-list-map"
"C:\xampp\htdocs\smart-asset-management\frontend\node_modules\source-list-map\lib","lib"
"C:\xampp\htdocs\smart-asset-management\frontend\node_modules\sourcemap-codec","sourcemap-codec"
"C:\xampp\htdocs\smart-asset-management\frontend\node_modules\sourcemap-codec\dist","dist"
"C:\xampp\htdocs\smart-asset-management\frontend\node_modules\sourcemap-codec\dist\types","types"
"C:\xampp\htdocs\smart-asset-management\frontend\node_modules\source-map-js","source-map-js"
"C:\xampp\htdocs\smart-asset-management\frontend\node_modules\source-map-js\lib","lib"
"C:\xampp\htdocs\smart-asset-management\frontend\node_modules\source-map-loader","source-map-loader"
"C:\xampp\htdocs\smart-asset-management\frontend\node_modules\source-map-loader\dist","dist"
"C:\xampp\htdocs\smart-asset-management\frontend\node_modules\source-map-support","source-map-support"
"C:\xampp\htdocs\smart-asset-management\frontend\node_modules\source-map-support\node_modules","node_modules"
"C:\xampp\htdocs\smart-asset-management\frontend\node_modules\source-map-support\node_modules\source-map","source-map"
"C:\xampp\htdocs\smart-asset-management\frontend\node_modules\source-map-support\node_modules\source-map\dist","dist"
"C:\xampp\htdocs\smart-asset-management\frontend\node_modules\source-map-support\node_modules\source-map\lib","lib"
"C:\xampp\htdocs\smart-asset-management\frontend\node_modules\spdy","spdy"
"C:\xampp\htdocs\smart-asset-management\frontend\node_modules\spdy\lib","lib"
"C:\xampp\htdocs\smart-asset-management\frontend\node_modules\spdy\lib\spdy","spdy"
"C:\xampp\htdocs\smart-asset-management\frontend\node_modules\spdy\test","test"
"C:\xampp\htdocs\smart-asset-management\frontend\node_modules\spdy-transport","spdy-transport"
"C:\xampp\htdocs\smart-asset-management\frontend\node_modules\spdy-transport\lib","lib"
"C:\xampp\htdocs\smart-asset-management\frontend\node_modules\spdy-transport\lib\spdy-transport","spdy-transport"
"C:\xampp\htdocs\smart-asset-management\frontend\node_modules\spdy-transport\lib\spdy-transport\protocol","protocol"
"C:\xampp\htdocs\smart-asset-management\frontend\node_modules\spdy-transport\lib\spdy-transport\protocol\base","base"
"C:\xampp\htdocs\smart-asset-management\frontend\node_modules\spdy-transport\lib\spdy-transport\protocol\http2","http2"
"C:\xampp\htdocs\smart-asset-management\frontend\node_modules\spdy-transport\lib\spdy-transport\protocol\spdy","spdy"
"C:\xampp\htdocs\smart-asset-management\frontend\node_modules\sprintf-js","sprintf-js"
"C:\xampp\htdocs\smart-asset-management\frontend\node_modules\sprintf-js\demo","demo"
"C:\xampp\htdocs\smart-asset-management\frontend\node_modules\sprintf-js\dist","dist"
"C:\xampp\htdocs\smart-asset-management\frontend\node_modules\sprintf-js\src","src"
"C:\xampp\htdocs\smart-asset-management\frontend\node_modules\sprintf-js\test","test"
"C:\xampp\htdocs\smart-asset-management\frontend\node_modules\ssf","ssf"
"C:\xampp\htdocs\smart-asset-management\frontend\node_modules\ssf\types","types"
"C:\xampp\htdocs\smart-asset-management\frontend\node_modules\stable","stable"
"C:\xampp\htdocs\smart-asset-management\frontend\node_modules\stackblur-canvas","stackblur-canvas"
"C:\xampp\htdocs\smart-asset-management\frontend\node_modules\stackblur-canvas\dist","dist"
"C:\xampp\htdocs\smart-asset-management\frontend\node_modules\stackblur-canvas\src","src"
"C:\xampp\htdocs\smart-asset-management\frontend\node_modules\stackframe","stackframe"
"C:\xampp\htdocs\smart-asset-management\frontend\node_modules\stackframe\dist","dist"
"C:\xampp\htdocs\smart-asset-management\frontend\node_modules\stack-utils","stack-utils"
"C:\xampp\htdocs\smart-asset-management\frontend\node_modules\stack-utils\node_modules","node_modules"
"C:\xampp\htdocs\smart-asset-management\frontend\node_modules\stack-utils\node_modules\escape-string-regexp","escape-string-regexp"
"C:\xampp\htdocs\smart-asset-management\frontend\node_modules\static-eval","static-eval"
"C:\xampp\htdocs\smart-asset-management\frontend\node_modules\static-eval\example","example"
"C:\xampp\htdocs\smart-asset-management\frontend\node_modules\static-eval\test","test"
"C:\xampp\htdocs\smart-asset-management\frontend\node_modules\statuses","statuses"
"C:\xampp\htdocs\smart-asset-management\frontend\node_modules\stop-iteration-iterator","stop-iteration-iterator"
"C:\xampp\htdocs\smart-asset-management\frontend\node_modules\stop-iteration-iterator\.github",".github"
"C:\xampp\htdocs\smart-asset-management\frontend\node_modules\stop-iteration-iterator\test","test"
"C:\xampp\htdocs\smart-asset-management\frontend\node_modules\string.prototype.includes","string.prototype.includes"
"C:\xampp\htdocs\smart-asset-management\frontend\node_modules\string.prototype.includes\.github",".github"
"C:\xampp\htdocs\smart-asset-management\frontend\node_modules\string.prototype.includes\.github\workflows","workflows"
"C:\xampp\htdocs\smart-asset-management\frontend\node_modules\string.prototype.includes\tests","tests"
"C:\xampp\htdocs\smart-asset-management\frontend\node_modules\string.prototype.matchall","string.prototype.matchall"
"C:\xampp\htdocs\smart-asset-management\frontend\node_modules\string.prototype.matchall\.github",".github"
"C:\xampp\htdocs\smart-asset-management\frontend\node_modules\string.prototype.matchall\test","test"
"C:\xampp\htdocs\smart-asset-management\frontend\node_modules\string.prototype.repeat","string.prototype.repeat"
"C:\xampp\htdocs\smart-asset-management\frontend\node_modules\string.prototype.repeat\tests","tests"
"C:\xampp\htdocs\smart-asset-management\frontend\node_modules\string.prototype.trim","string.prototype.trim"
"C:\xampp\htdocs\smart-asset-management\frontend\node_modules\string.prototype.trim\test","test"
"C:\xampp\htdocs\smart-asset-management\frontend\node_modules\string.prototype.trimend","string.prototype.trimend"
"C:\xampp\htdocs\smart-asset-management\frontend\node_modules\string.prototype.trimend\test","test"
"C:\xampp\htdocs\smart-asset-management\frontend\node_modules\string.prototype.trimstart","string.prototype.trimstart"
"C:\xampp\htdocs\smart-asset-management\frontend\node_modules\string.prototype.trimstart\test","test"
"C:\xampp\htdocs\smart-asset-management\frontend\node_modules\string_decoder","string_decoder"
"C:\xampp\htdocs\smart-asset-management\frontend\node_modules\string_decoder\lib","lib"
"C:\xampp\htdocs\smart-asset-management\frontend\node_modules\stringify-object","stringify-object"
"C:\xampp\htdocs\smart-asset-management\frontend\node_modules\string-length","string-length"
"C:\xampp\htdocs\smart-asset-management\frontend\node_modules\string-natural-compare","string-natural-compare"
"C:\xampp\htdocs\smart-asset-management\frontend\node_modules\string-width","string-width"
"C:\xampp\htdocs\smart-asset-management\frontend\node_modules\string-width\node_modules","node_modules"
"C:\xampp\htdocs\smart-asset-management\frontend\node_modules\string-width\node_modules\emoji-regex","emoji-regex"
"C:\xampp\htdocs\smart-asset-management\frontend\node_modules\string-width\node_modules\emoji-regex\es2015","es2015"
"C:\xampp\htdocs\smart-asset-management\frontend\node_modules\strip-ansi","strip-ansi"
"C:\xampp\htdocs\smart-asset-management\frontend\node_modules\strip-bom","strip-bom"
"C:\xampp\htdocs\smart-asset-management\frontend\node_modules\strip-comments","strip-comments"
"C:\xampp\htdocs\smart-asset-management\frontend\node_modules\strip-comments\lib","lib"
"C:\xampp\htdocs\smart-asset-management\frontend\node_modules\strip-final-newline","strip-final-newline"
"C:\xampp\htdocs\smart-asset-management\frontend\node_modules\strip-indent","strip-indent"
"C:\xampp\htdocs\smart-asset-management\frontend\node_modules\strip-json-comments","strip-json-comments"
"C:\xampp\htdocs\smart-asset-management\frontend\node_modules\stylehacks","stylehacks"
"C:\xampp\htdocs\smart-asset-management\frontend\node_modules\stylehacks\src","src"
"C:\xampp\htdocs\smart-asset-management\frontend\node_modules\stylehacks\src\dictionary","dictionary"
"C:\xampp\htdocs\smart-asset-management\frontend\node_modules\stylehacks\src\plugins","plugins"
"C:\xampp\htdocs\smart-asset-management\frontend\node_modules\stylehacks\types","types"
"C:\xampp\htdocs\smart-asset-management\frontend\node_modules\stylehacks\types\dictionary","dictionary"
"C:\xampp\htdocs\smart-asset-management\frontend\node_modules\stylehacks\types\plugins","plugins"
"C:\xampp\htdocs\smart-asset-management\frontend\node_modules\style-loader","style-loader"
"C:\xampp\htdocs\smart-asset-management\frontend\node_modules\style-loader\dist","dist"
"C:\xampp\htdocs\smart-asset-management\frontend\node_modules\style-loader\dist\runtime","runtime"
"C:\xampp\htdocs\smart-asset-management\frontend\node_modules\sucrase","sucrase"
"C:\xampp\htdocs\smart-asset-management\frontend\node_modules\sucrase\bin","bin"
"C:\xampp\htdocs\smart-asset-management\frontend\node_modules\sucrase\dist","dist"
"C:\xampp\htdocs\smart-asset-management\frontend\node_modules\sucrase\dist\esm","esm"
"C:\xampp\htdocs\smart-asset-management\frontend\node_modules\sucrase\dist\esm\parser","parser"
"C:\xampp\htdocs\smart-asset-management\frontend\node_modules\sucrase\dist\esm\parser\plugins","plugins"
"C:\xampp\htdocs\smart-asset-management\frontend\node_modules\sucrase\dist\esm\parser\plugins\jsx","jsx"
"C:\xampp\htdocs\smart-asset-management\frontend\node_modules\sucrase\dist\esm\parser\tokenizer","tokenizer"
"C:\xampp\htdocs\smart-asset-management\frontend\node_modules\sucrase\dist\esm\parser\traverser","traverser"
"C:\xampp\htdocs\smart-asset-management\frontend\node_modules\sucrase\dist\esm\parser\util","util"
"C:\xampp\htdocs\smart-asset-management\frontend\node_modules\sucrase\dist\esm\transformers","transformers"
"C:\xampp\htdocs\smart-asset-management\frontend\node_modules\sucrase\dist\esm\util","util"
"C:\xampp\htdocs\smart-asset-management\frontend\node_modules\sucrase\dist\parser","parser"
"C:\xampp\htdocs\smart-asset-management\frontend\node_modules\sucrase\dist\parser\plugins","plugins"
"C:\xampp\htdocs\smart-asset-management\frontend\node_modules\sucrase\dist\parser\plugins\jsx","jsx"
"C:\xampp\htdocs\smart-asset-management\frontend\node_modules\sucrase\dist\parser\tokenizer","tokenizer"
"C:\xampp\htdocs\smart-asset-management\frontend\node_modules\sucrase\dist\parser\traverser","traverser"
"C:\xampp\htdocs\smart-asset-management\frontend\node_modules\sucrase\dist\parser\util","util"
"C:\xampp\htdocs\smart-asset-management\frontend\node_modules\sucrase\dist\transformers","transformers"
"C:\xampp\htdocs\smart-asset-management\frontend\node_modules\sucrase\dist\types","types"
"C:\xampp\htdocs\smart-asset-management\frontend\node_modules\sucrase\dist\types\parser","parser"
"C:\xampp\htdocs\smart-asset-management\frontend\node_modules\sucrase\dist\types\parser\plugins","plugins"
"C:\xampp\htdocs\smart-asset-management\frontend\node_modules\sucrase\dist\types\parser\plugins\jsx","jsx"
"C:\xampp\htdocs\smart-asset-management\frontend\node_modules\sucrase\dist\types\parser\tokenizer","tokenizer"
"C:\xampp\htdocs\smart-asset-management\frontend\node_modules\sucrase\dist\types\parser\traverser","traverser"
"C:\xampp\htdocs\smart-asset-management\frontend\node_modules\sucrase\dist\types\parser\util","util"
"C:\xampp\htdocs\smart-asset-management\frontend\node_modules\sucrase\dist\types\transformers","transformers"
"C:\xampp\htdocs\smart-asset-management\frontend\node_modules\sucrase\dist\types\util","util"
"C:\xampp\htdocs\smart-asset-management\frontend\node_modules\sucrase\dist\util","util"
"C:\xampp\htdocs\smart-asset-management\frontend\node_modules\sucrase\node_modules","node_modules"
"C:\xampp\htdocs\smart-asset-management\frontend\node_modules\sucrase\node_modules\commander","commander"
"C:\xampp\htdocs\smart-asset-management\frontend\node_modules\sucrase\node_modules\commander\typings","typings"
"C:\xampp\htdocs\smart-asset-management\frontend\node_modules\sucrase\register","register"
"C:\xampp\htdocs\smart-asset-management\frontend\node_modules\sucrase\ts-node-plugin","ts-node-plugin"
"C:\xampp\htdocs\smart-asset-management\frontend\node_modules\supports-color","supports-color"
"C:\xampp\htdocs\smart-asset-management\frontend\node_modules\supports-hyperlinks","supports-hyperlinks"
"C:\xampp\htdocs\smart-asset-management\frontend\node_modules\supports-preserve-symlinks-flag","supports-preserve-symlinks-flag"
"C:\xampp\htdocs\smart-asset-management\frontend\node_modules\supports-preserve-symlinks-flag\.github",".github"
"C:\xampp\htdocs\smart-asset-management\frontend\node_modules\supports-preserve-symlinks-flag\test","test"
"C:\xampp\htdocs\smart-asset-management\frontend\node_modules\svgo","svgo"
"C:\xampp\htdocs\smart-asset-management\frontend\node_modules\svgo\bin","bin"
"C:\xampp\htdocs\smart-asset-management\frontend\node_modules\svgo\lib","lib"
"C:\xampp\htdocs\smart-asset-management\frontend\node_modules\svgo\lib\svgo","svgo"
"C:\xampp\htdocs\smart-asset-management\frontend\node_modules\svgo\node_modules","node_modules"
"C:\xampp\htdocs\smart-asset-management\frontend\node_modules\svgo\node_modules\ansi-styles","ansi-styles"
"C:\xampp\htdocs\smart-asset-management\frontend\node_modules\svgo\node_modules\chalk","chalk"
"C:\xampp\htdocs\smart-asset-management\frontend\node_modules\svgo\node_modules\chalk\types","types"
"C:\xampp\htdocs\smart-asset-management\frontend\node_modules\svgo\node_modules\color-convert","color-convert"
"C:\xampp\htdocs\smart-asset-management\frontend\node_modules\svgo\node_modules\color-name","color-name"
"C:\xampp\htdocs\smart-asset-management\frontend\node_modules\svgo\node_modules\css-select","css-select"
"C:\xampp\htdocs\smart-asset-management\frontend\node_modules\svgo\node_modules\css-select\lib","lib"
"C:\xampp\htdocs\smart-asset-management\frontend\node_modules\svgo\node_modules\css-what","css-what"
"C:\xampp\htdocs\smart-asset-management\frontend\node_modules\svgo\node_modules\css-what\lib","lib"
"C:\xampp\htdocs\smart-asset-management\frontend\node_modules\svgo\node_modules\dom-serializer","dom-serializer"
"C:\xampp\htdocs\smart-asset-management\frontend\node_modules\svgo\node_modules\domutils","domutils"
"C:\xampp\htdocs\smart-asset-management\frontend\node_modules\svgo\node_modules\domutils\lib","lib"
"C:\xampp\htdocs\smart-asset-management\frontend\node_modules\svgo\node_modules\domutils\node_modules","node_modules"
"C:\xampp\htdocs\smart-asset-management\frontend\node_modules\svgo\node_modules\domutils\node_modules\domelementtype","domelementtype"
"C:\xampp\htdocs\smart-asset-management\frontend\node_modules\svgo\node_modules\domutils\test","test"
"C:\xampp\htdocs\smart-asset-management\frontend\node_modules\svgo\node_modules\domutils\test\tests","tests"
"C:\xampp\htdocs\smart-asset-management\frontend\node_modules\svgo\node_modules\escape-string-regexp","escape-string-regexp"
"C:\xampp\htdocs\smart-asset-management\frontend\node_modules\svgo\node_modules\has-flag","has-flag"
"C:\xampp\htdocs\smart-asset-management\frontend\node_modules\svgo\node_modules\nth-check","nth-check"
"C:\xampp\htdocs\smart-asset-management\frontend\node_modules\svgo\node_modules\supports-color","supports-color"
"C:\xampp\htdocs\smart-asset-management\frontend\node_modules\svgo\plugins","plugins"
"C:\xampp\htdocs\smart-asset-management\frontend\node_modules\svg-parser","svg-parser"
"C:\xampp\htdocs\smart-asset-management\frontend\node_modules\svg-parser\dist","dist"
"C:\xampp\htdocs\smart-asset-management\frontend\node_modules\svg-pathdata","svg-pathdata"
"C:\xampp\htdocs\smart-asset-management\frontend\node_modules\svg-pathdata\lib","lib"
"C:\xampp\htdocs\smart-asset-management\frontend\node_modules\svg-pathdata\src","src"
"C:\xampp\htdocs\smart-asset-management\frontend\node_modules\symbol-tree","symbol-tree"
"C:\xampp\htdocs\smart-asset-management\frontend\node_modules\symbol-tree\lib","lib"
"C:\xampp\htdocs\smart-asset-management\frontend\node_modules\tailwindcss","tailwindcss"
"C:\xampp\htdocs\smart-asset-management\frontend\node_modules\tailwindcss\lib","lib"
"C:\xampp\htdocs\smart-asset-management\frontend\node_modules\tailwindcss\lib\cli","cli"
"C:\xampp\htdocs\smart-asset-management\frontend\node_modules\tailwindcss\lib\cli\build","build"
"C:\xampp\htdocs\smart-asset-management\frontend\node_modules\tailwindcss\lib\cli\help","help"
"C:\xampp\htdocs\smart-asset-management\frontend\node_modules\tailwindcss\lib\cli\init","init"
"C:\xampp\htdocs\smart-asset-management\frontend\node_modules\tailwindcss\lib\css","css"
"C:\xampp\htdocs\smart-asset-management\frontend\node_modules\tailwindcss\lib\lib","lib"
"C:\xampp\htdocs\smart-asset-management\frontend\node_modules\tailwindcss\lib\postcss-plugins","postcss-plugins"
"C:\xampp\htdocs\smart-asset-management\frontend\node_modules\tailwindcss\lib\postcss-plugins\nesting","nesting"
"C:\xampp\htdocs\smart-asset-management\frontend\node_modules\tailwindcss\lib\public","public"
"C:\xampp\htdocs\smart-asset-management\frontend\node_modules\tailwindcss\lib\util","util"
"C:\xampp\htdocs\smart-asset-management\frontend\node_modules\tailwindcss\lib\value-parser","value-parser"
"C:\xampp\htdocs\smart-asset-management\frontend\node_modules\tailwindcss\nesting","nesting"
"C:\xampp\htdocs\smart-asset-management\frontend\node_modules\tailwindcss\node_modules","node_modules"
"C:\xampp\htdocs\smart-asset-management\frontend\node_modules\tailwindcss\node_modules\lilconfig","lilconfig"
"C:\xampp\htdocs\smart-asset-management\frontend\node_modules\tailwindcss\node_modules\lilconfig\src","src"
"C:\xampp\htdocs\smart-asset-management\frontend\node_modules\tailwindcss\node_modules\postcss-load-config","postcss-load-config"
"C:\xampp\htdocs\smart-asset-management\frontend\node_modules\tailwindcss\node_modules\postcss-load-config\src","src"
"C:\xampp\htdocs\smart-asset-management\frontend\node_modules\tailwindcss\peers","peers"
"C:\xampp\htdocs\smart-asset-management\frontend\node_modules\tailwindcss\scripts","scripts"
"C:\xampp\htdocs\smart-asset-management\frontend\node_modules\tailwindcss\src","src"
"C:\xampp\htdocs\smart-asset-management\frontend\node_modules\tailwindcss\src\cli","cli"
"C:\xampp\htdocs\smart-asset-management\frontend\node_modules\tailwindcss\src\cli\build","build"
"C:\xampp\htdocs\smart-asset-management\frontend\node_modules\tailwindcss\src\cli\help","help"
"C:\xampp\htdocs\smart-asset-management\frontend\node_modules\tailwindcss\src\cli\init","init"
"C:\xampp\htdocs\smart-asset-management\frontend\node_modules\tailwindcss\src\css","css"
"C:\xampp\htdocs\smart-asset-management\frontend\node_modules\tailwindcss\src\lib","lib"
"C:\xampp\htdocs\smart-asset-management\frontend\node_modules\tailwindcss\src\postcss-plugins","postcss-plugins"
"C:\xampp\htdocs\smart-asset-management\frontend\node_modules\tailwindcss\src\postcss-plugins\nesting","nesting"
"C:\xampp\htdocs\smart-asset-management\frontend\node_modules\tailwindcss\src\public","public"
"C:\xampp\htdocs\smart-asset-management\frontend\node_modules\tailwindcss\src\util","util"
"C:\xampp\htdocs\smart-asset-management\frontend\node_modules\tailwindcss\src\value-parser","value-parser"
"C:\xampp\htdocs\smart-asset-management\frontend\node_modules\tailwindcss\stubs","stubs"
"C:\xampp\htdocs\smart-asset-management\frontend\node_modules\tailwindcss\types","types"
"C:\xampp\htdocs\smart-asset-management\frontend\node_modules\tailwindcss\types\generated","generated"
"C:\xampp\htdocs\smart-asset-management\frontend\node_modules\tapable","tapable"
"C:\xampp\htdocs\smart-asset-management\frontend\node_modules\tapable\lib","lib"
"C:\xampp\htdocs\smart-asset-management\frontend\node_modules\temp-dir","temp-dir"
"C:\xampp\htdocs\smart-asset-management\frontend\node_modules\tempy","tempy"
"C:\xampp\htdocs\smart-asset-management\frontend\node_modules\tempy\node_modules","node_modules"
"C:\xampp\htdocs\smart-asset-management\frontend\node_modules\tempy\node_modules\type-fest","type-fest"
"C:\xampp\htdocs\smart-asset-management\frontend\node_modules\tempy\node_modules\type-fest\source","source"
"C:\xampp\htdocs\smart-asset-management\frontend\node_modules\terminal-link","terminal-link"
"C:\xampp\htdocs\smart-asset-management\frontend\node_modules\terser","terser"
"C:\xampp\htdocs\smart-asset-management\frontend\node_modules\terser\bin","bin"
"C:\xampp\htdocs\smart-asset-management\frontend\node_modules\terser\dist","dist"
"C:\xampp\htdocs\smart-asset-management\frontend\node_modules\terser\lib","lib"
"C:\xampp\htdocs\smart-asset-management\frontend\node_modules\terser\lib\compress","compress"
"C:\xampp\htdocs\smart-asset-management\frontend\node_modules\terser\lib\utils","utils"
"C:\xampp\htdocs\smart-asset-management\frontend\node_modules\terser\node_modules","node_modules"
"C:\xampp\htdocs\smart-asset-management\frontend\node_modules\terser\node_modules\commander","commander"
"C:\xampp\htdocs\smart-asset-management\frontend\node_modules\terser\node_modules\commander\typings","typings"
"C:\xampp\htdocs\smart-asset-management\frontend\node_modules\terser\tools","tools"
"C:\xampp\htdocs\smart-asset-management\frontend\node_modules\terser-webpack-plugin","terser-webpack-plugin"
"C:\xampp\htdocs\smart-asset-management\frontend\node_modules\terser-webpack-plugin\dist","dist"
"C:\xampp\htdocs\smart-asset-management\frontend\node_modules\terser-webpack-plugin\types","types"
"C:\xampp\htdocs\smart-asset-management\frontend\node_modules\test-exclude","test-exclude"
"C:\xampp\htdocs\smart-asset-management\frontend\node_modules\text-segmentation","text-segmentation"
"C:\xampp\htdocs\smart-asset-management\frontend\node_modules\text-segmentation\dist","dist"
"C:\xampp\htdocs\smart-asset-management\frontend\node_modules\text-segmentation\dist\lib","lib"
"C:\xampp\htdocs\smart-asset-management\frontend\node_modules\text-segmentation\dist\types","types"
"C:\xampp\htdocs\smart-asset-management\frontend\node_modules\text-table","text-table"
"C:\xampp\htdocs\smart-asset-management\frontend\node_modules\text-table\example","example"
"C:\xampp\htdocs\smart-asset-management\frontend\node_modules\text-table\test","test"
"C:\xampp\htdocs\smart-asset-management\frontend\node_modules\thenify","thenify"
"C:\xampp\htdocs\smart-asset-management\frontend\node_modules\thenify-all","thenify-all"
"C:\xampp\htdocs\smart-asset-management\frontend\node_modules\throat","throat"
"C:\xampp\htdocs\smart-asset-management\frontend\node_modules\thunky","thunky"
"C:\xampp\htdocs\smart-asset-management\frontend\node_modules\tinyglobby","tinyglobby"
"C:\xampp\htdocs\smart-asset-management\frontend\node_modules\tinyglobby\dist","dist"
"C:\xampp\htdocs\smart-asset-management\frontend\node_modules\tinyglobby\node_modules","node_modules"
"C:\xampp\htdocs\smart-asset-management\frontend\node_modules\tinyglobby\node_modules\fdir","fdir"
"C:\xampp\htdocs\smart-asset-management\frontend\node_modules\tinyglobby\node_modules\fdir\dist","dist"
"C:\xampp\htdocs\smart-asset-management\frontend\node_modules\tinyglobby\node_modules\picomatch","picomatch"
"C:\xampp\htdocs\smart-asset-management\frontend\node_modules\tinyglobby\node_modules\picomatch\lib","lib"
"C:\xampp\htdocs\smart-asset-management\frontend\node_modules\tmpl","tmpl"
"C:\xampp\htdocs\smart-asset-management\frontend\node_modules\tmpl\lib","lib"
"C:\xampp\htdocs\smart-asset-management\frontend\node_modules\toidentifier","toidentifier"
"C:\xampp\htdocs\smart-asset-management\frontend\node_modules\to-regex-range","to-regex-range"
"C:\xampp\htdocs\smart-asset-management\frontend\node_modules\tough-cookie","tough-cookie"
"C:\xampp\htdocs\smart-asset-management\frontend\node_modules\tough-cookie\lib","lib"
"C:\xampp\htdocs\smart-asset-management\frontend\node_modules\tough-cookie\node_modules","node_modules"
"C:\xampp\htdocs\smart-asset-management\frontend\node_modules\tough-cookie\node_modules\universalify","universalify"
"C:\xampp\htdocs\smart-asset-management\frontend\node_modules\tr46","tr46"
"C:\xampp\htdocs\smart-asset-management\frontend\node_modules\tr46\lib","lib"
"C:\xampp\htdocs\smart-asset-management\frontend\node_modules\tryer","tryer"
"C:\xampp\htdocs\smart-asset-management\frontend\node_modules\tryer\lib","lib"
"C:\xampp\htdocs\smart-asset-management\frontend\node_modules\tryer\src","src"
"C:\xampp\htdocs\smart-asset-management\frontend\node_modules\tryer\test","test"
"C:\xampp\htdocs\smart-asset-management\frontend\node_modules\tsconfig-paths","tsconfig-paths"
"C:\xampp\htdocs\smart-asset-management\frontend\node_modules\tsconfig-paths\lib","lib"
"C:\xampp\htdocs\smart-asset-management\frontend\node_modules\tsconfig-paths\lib\__tests__","__tests__"
"C:\xampp\htdocs\smart-asset-management\frontend\node_modules\tsconfig-paths\lib\__tests__\data","data"
"C:\xampp\htdocs\smart-asset-management\frontend\node_modules\tsconfig-paths\node_modules","node_modules"
"C:\xampp\htdocs\smart-asset-management\frontend\node_modules\tsconfig-paths\node_modules\.bin",".bin"
"C:\xampp\htdocs\smart-asset-management\frontend\node_modules\tsconfig-paths\node_modules\json5","json5"
"C:\xampp\htdocs\smart-asset-management\frontend\node_modules\tsconfig-paths\node_modules\json5\dist","dist"
"C:\xampp\htdocs\smart-asset-management\frontend\node_modules\tsconfig-paths\node_modules\json5\lib","lib"
"C:\xampp\htdocs\smart-asset-management\frontend\node_modules\tsconfig-paths\node_modules\strip-bom","strip-bom"
"C:\xampp\htdocs\smart-asset-management\frontend\node_modules\tsconfig-paths\src","src"
"C:\xampp\htdocs\smart-asset-management\frontend\node_modules\tsconfig-paths\src\__tests__","__tests__"
"C:\xampp\htdocs\smart-asset-management\frontend\node_modules\tsconfig-paths\src\__tests__\data","data"
"C:\xampp\htdocs\smart-asset-management\frontend\node_modules\ts-interface-checker","ts-interface-checker"
"C:\xampp\htdocs\smart-asset-management\frontend\node_modules\ts-interface-checker\dist","dist"
"C:\xampp\htdocs\smart-asset-management\frontend\node_modules\tslib","tslib"
"C:\xampp\htdocs\smart-asset-management\frontend\node_modules\tslib\modules","modules"
"C:\xampp\htdocs\smart-asset-management\frontend\node_modules\tsutils","tsutils"
"C:\xampp\htdocs\smart-asset-management\frontend\node_modules\tsutils\node_modules","node_modules"
"C:\xampp\htdocs\smart-asset-management\frontend\node_modules\tsutils\node_modules\tslib","tslib"
"C:\xampp\htdocs\smart-asset-management\frontend\node_modules\tsutils\node_modules\tslib\modules","modules"
"C:\xampp\htdocs\smart-asset-management\frontend\node_modules\tsutils\node_modules\tslib\test","test"
"C:\xampp\htdocs\smart-asset-management\frontend\node_modules\tsutils\node_modules\tslib\test\validateModuleExportsMatchCommonJS","validateModuleExportsMatchCommonJS"
"C:\xampp\htdocs\smart-asset-management\frontend\node_modules\tsutils\typeguard","typeguard"
"C:\xampp\htdocs\smart-asset-management\frontend\node_modules\tsutils\typeguard\2.8","2.8"
"C:\xampp\htdocs\smart-asset-management\frontend\node_modules\tsutils\typeguard\2.9","2.9"
"C:\xampp\htdocs\smart-asset-management\frontend\node_modules\tsutils\typeguard\3.0","3.0"
"C:\xampp\htdocs\smart-asset-management\frontend\node_modules\tsutils\typeguard\3.2","3.2"
"C:\xampp\htdocs\smart-asset-management\frontend\node_modules\tsutils\typeguard\next","next"
"C:\xampp\htdocs\smart-asset-management\frontend\node_modules\tsutils\util","util"
"C:\xampp\htdocs\smart-asset-management\frontend\node_modules\type-check","type-check"
"C:\xampp\htdocs\smart-asset-management\frontend\node_modules\type-check\lib","lib"
"C:\xampp\htdocs\smart-asset-management\frontend\node_modules\typed-array-buffer","typed-array-buffer"
"C:\xampp\htdocs\smart-asset-management\frontend\node_modules\typed-array-buffer\.github",".github"
"C:\xampp\htdocs\smart-asset-management\frontend\node_modules\typed-array-buffer\test","test"
"C:\xampp\htdocs\smart-asset-management\frontend\node_modules\typed-array-byte-length","typed-array-byte-length"
"C:\xampp\htdocs\smart-asset-management\frontend\node_modules\typed-array-byte-length\.github",".github"
"C:\xampp\htdocs\smart-asset-management\frontend\node_modules\typed-array-byte-length\test","test"
"C:\xampp\htdocs\smart-asset-management\frontend\node_modules\typed-array-byte-offset","typed-array-byte-offset"
"C:\xampp\htdocs\smart-asset-management\frontend\node_modules\typed-array-byte-offset\.github",".github"
"C:\xampp\htdocs\smart-asset-management\frontend\node_modules\typed-array-byte-offset\test","test"
"C:\xampp\htdocs\smart-asset-management\frontend\node_modules\typed-array-length","typed-array-length"
"C:\xampp\htdocs\smart-asset-management\frontend\node_modules\typed-array-length\.github",".github"
"C:\xampp\htdocs\smart-asset-management\frontend\node_modules\typed-array-length\test","test"
"C:\xampp\htdocs\smart-asset-management\frontend\node_modules\typedarray-to-buffer","typedarray-to-buffer"
"C:\xampp\htdocs\smart-asset-management\frontend\node_modules\typedarray-to-buffer\test","test"
"C:\xampp\htdocs\smart-asset-management\frontend\node_modules\type-detect","type-detect"
"C:\xampp\htdocs\smart-asset-management\frontend\node_modules\type-fest","type-fest"
"C:\xampp\htdocs\smart-asset-management\frontend\node_modules\type-fest\source","source"
"C:\xampp\htdocs\smart-asset-management\frontend\node_modules\type-fest\ts41","ts41"
"C:\xampp\htdocs\smart-asset-management\frontend\node_modules\type-is","type-is"
"C:\xampp\htdocs\smart-asset-management\frontend\node_modules\typescript","typescript"
"C:\xampp\htdocs\smart-asset-management\frontend\node_modules\typescript\bin","bin"
"C:\xampp\htdocs\smart-asset-management\frontend\node_modules\typescript\lib","lib"
"C:\xampp\htdocs\smart-asset-management\frontend\node_modules\typescript\lib\cs","cs"
"C:\xampp\htdocs\smart-asset-management\frontend\node_modules\typescript\lib\de","de"
"C:\xampp\htdocs\smart-asset-management\frontend\node_modules\typescript\lib\es","es"
"C:\xampp\htdocs\smart-asset-management\frontend\node_modules\typescript\lib\fr","fr"
"C:\xampp\htdocs\smart-asset-management\frontend\node_modules\typescript\lib\it","it"
"C:\xampp\htdocs\smart-asset-management\frontend\node_modules\typescript\lib\ja","ja"
"C:\xampp\htdocs\smart-asset-management\frontend\node_modules\typescript\lib\ko","ko"
"C:\xampp\htdocs\smart-asset-management\frontend\node_modules\typescript\lib\pl","pl"
"C:\xampp\htdocs\smart-asset-management\frontend\node_modules\typescript\lib\pt-br","pt-br"
"C:\xampp\htdocs\smart-asset-management\frontend\node_modules\typescript\lib\ru","ru"
"C:\xampp\htdocs\smart-asset-management\frontend\node_modules\typescript\lib\tr","tr"
"C:\xampp\htdocs\smart-asset-management\frontend\node_modules\typescript\lib\zh-cn","zh-cn"
"C:\xampp\htdocs\smart-asset-management\frontend\node_modules\typescript\lib\zh-tw","zh-tw"
"C:\xampp\htdocs\smart-asset-management\frontend\node_modules\unbox-primitive","unbox-primitive"
"C:\xampp\htdocs\smart-asset-management\frontend\node_modules\unbox-primitive\.github",".github"
"C:\xampp\htdocs\smart-asset-management\frontend\node_modules\unbox-primitive\test","test"
"C:\xampp\htdocs\smart-asset-management\frontend\node_modules\underscore","underscore"
"C:\xampp\htdocs\smart-asset-management\frontend\node_modules\underscore\amd","amd"
"C:\xampp\htdocs\smart-asset-management\frontend\node_modules\underscore\cjs","cjs"
"C:\xampp\htdocs\smart-asset-management\frontend\node_modules\underscore\modules","modules"
"C:\xampp\htdocs\smart-asset-management\frontend\node_modules\undici-types","undici-types"
"C:\xampp\htdocs\smart-asset-management\frontend\node_modules\unicode-canonical-property-names-ecmascript","unicode-canonical-property-names-ecmascript"
"C:\xampp\htdocs\smart-asset-management\frontend\node_modules\unicode-match-property-ecmascript","unicode-match-property-ecmascript"
"C:\xampp\htdocs\smart-asset-management\frontend\node_modules\unicode-match-property-value-ecmascript","unicode-match-property-value-ecmascript"
"C:\xampp\htdocs\smart-asset-management\frontend\node_modules\unicode-match-property-value-ecmascript\data","data"
"C:\xampp\htdocs\smart-asset-management\frontend\node_modules\unicode-property-aliases-ecmascript","unicode-property-aliases-ecmascript"
"C:\xampp\htdocs\smart-asset-management\frontend\node_modules\unique-string","unique-string"
"C:\xampp\htdocs\smart-asset-management\frontend\node_modules\universalify","universalify"
"C:\xampp\htdocs\smart-asset-management\frontend\node_modules\unpipe","unpipe"
"C:\xampp\htdocs\smart-asset-management\frontend\node_modules\unquote","unquote"
"C:\xampp\htdocs\smart-asset-management\frontend\node_modules\upath","upath"
"C:\xampp\htdocs\smart-asset-management\frontend\node_modules\upath\build","build"
"C:\xampp\htdocs\smart-asset-management\frontend\node_modules\upath\build\code","code"
"C:\xampp\htdocs\smart-asset-management\frontend\node_modules\update-browserslist-db","update-browserslist-db"
"C:\xampp\htdocs\smart-asset-management\frontend\node_modules\uri-js","uri-js"
"C:\xampp\htdocs\smart-asset-management\frontend\node_modules\uri-js\dist","dist"
"C:\xampp\htdocs\smart-asset-management\frontend\node_modules\uri-js\dist\es5","es5"
"C:\xampp\htdocs\smart-asset-management\frontend\node_modules\uri-js\dist\esnext","esnext"
"C:\xampp\htdocs\smart-asset-management\frontend\node_modules\uri-js\dist\esnext\schemes","schemes"
"C:\xampp\htdocs\smart-asset-management\frontend\node_modules\url-parse","url-parse"
"C:\xampp\htdocs\smart-asset-management\frontend\node_modules\url-parse\dist","dist"
"C:\xampp\htdocs\smart-asset-management\frontend\node_modules\util.promisify","util.promisify"
"C:\xampp\htdocs\smart-asset-management\frontend\node_modules\util.promisify\.github",".github"
"C:\xampp\htdocs\smart-asset-management\frontend\node_modules\util.promisify\.github\workflows","workflows"
"C:\xampp\htdocs\smart-asset-management\frontend\node_modules\utila","utila"
"C:\xampp\htdocs\smart-asset-management\frontend\node_modules\utila\lib","lib"
"C:\xampp\htdocs\smart-asset-management\frontend\node_modules\utila\test","test"
"C:\xampp\htdocs\smart-asset-management\frontend\node_modules\util-deprecate","util-deprecate"
"C:\xampp\htdocs\smart-asset-management\frontend\node_modules\utils-merge","utils-merge"
"C:\xampp\htdocs\smart-asset-management\frontend\node_modules\utrie","utrie"
"C:\xampp\htdocs\smart-asset-management\frontend\node_modules\utrie\dist","dist"
"C:\xampp\htdocs\smart-asset-management\frontend\node_modules\utrie\dist\lib","lib"
"C:\xampp\htdocs\smart-asset-management\frontend\node_modules\utrie\dist\types","types"
"C:\xampp\htdocs\smart-asset-management\frontend\node_modules\uuid","uuid"
"C:\xampp\htdocs\smart-asset-management\frontend\node_modules\uuid\dist","dist"
"C:\xampp\htdocs\smart-asset-management\frontend\node_modules\uuid\dist\bin","bin"
"C:\xampp\htdocs\smart-asset-management\frontend\node_modules\uuid\dist\esm-browser","esm-browser"
"C:\xampp\htdocs\smart-asset-management\frontend\node_modules\uuid\dist\esm-node","esm-node"
"C:\xampp\htdocs\smart-asset-management\frontend\node_modules\uuid\dist\umd","umd"
"C:\xampp\htdocs\smart-asset-management\frontend\node_modules\v8-to-istanbul","v8-to-istanbul"
"C:\xampp\htdocs\smart-asset-management\frontend\node_modules\v8-to-istanbul\lib","lib"
"C:\xampp\htdocs\smart-asset-management\frontend\node_modules\v8-to-istanbul\node_modules","node_modules"
"C:\xampp\htdocs\smart-asset-management\frontend\node_modules\v8-to-istanbul\node_modules\source-map","source-map"
"C:\xampp\htdocs\smart-asset-management\frontend\node_modules\v8-to-istanbul\node_modules\source-map\lib","lib"
"C:\xampp\htdocs\smart-asset-management\frontend\node_modules\vary","vary"
"C:\xampp\htdocs\smart-asset-management\frontend\node_modules\w3c-hr-time","w3c-hr-time"
"C:\xampp\htdocs\smart-asset-management\frontend\node_modules\w3c-hr-time\lib","lib"
"C:\xampp\htdocs\smart-asset-management\frontend\node_modules\w3c-xmlserializer","w3c-xmlserializer"
"C:\xampp\htdocs\smart-asset-management\frontend\node_modules\w3c-xmlserializer\lib","lib"
"C:\xampp\htdocs\smart-asset-management\frontend\node_modules\walker","walker"
"C:\xampp\htdocs\smart-asset-management\frontend\node_modules\walker\lib","lib"
"C:\xampp\htdocs\smart-asset-management\frontend\node_modules\watchpack","watchpack"
"C:\xampp\htdocs\smart-asset-management\frontend\node_modules\watchpack\lib","lib"
"C:\xampp\htdocs\smart-asset-management\frontend\node_modules\watchpack\lib\util","util"
"C:\xampp\htdocs\smart-asset-management\frontend\node_modules\watchpack\types","types"
"C:\xampp\htdocs\smart-asset-management\frontend\node_modules\watchpack\types\util","util"
"C:\xampp\htdocs\smart-asset-management\frontend\node_modules\wbuf","wbuf"
"C:\xampp\htdocs\smart-asset-management\frontend\node_modules\wbuf\test","test"
"C:\xampp\htdocs\smart-asset-management\frontend\node_modules\webidl-conversions","webidl-conversions"
"C:\xampp\htdocs\smart-asset-management\frontend\node_modules\webidl-conversions\lib","lib"
"C:\xampp\htdocs\smart-asset-management\frontend\node_modules\webpack","webpack"
"C:\xampp\htdocs\smart-asset-management\frontend\node_modules\webpack\bin","bin"
"C:\xampp\htdocs\smart-asset-management\frontend\node_modules\webpack\hot","hot"
"C:\xampp\htdocs\smart-asset-management\frontend\node_modules\webpack\lib","lib"
"C:\xampp\htdocs\smart-asset-management\frontend\node_modules\webpack\lib\asset","asset"
"C:\xampp\htdocs\smart-asset-management\frontend\node_modules\webpack\lib\async-modules","async-modules"
"C:\xampp\htdocs\smart-asset-management\frontend\node_modules\webpack\lib\bun","bun"
"C:\xampp\htdocs\smart-asset-management\frontend\node_modules\webpack\lib\cache","cache"
"C:\xampp\htdocs\smart-asset-management\frontend\node_modules\webpack\lib\config","config"
"C:\xampp\htdocs\smart-asset-management\frontend\node_modules\webpack\lib\container","container"
"C:\xampp\htdocs\smart-asset-management\frontend\node_modules\webpack\lib\css","css"
"C:\xampp\htdocs\smart-asset-management\frontend\node_modules\webpack\lib\debug","debug"
"C:\xampp\htdocs\smart-asset-management\frontend\node_modules\webpack\lib\deno","deno"
"C:\xampp\htdocs\smart-asset-management\frontend\node_modules\webpack\lib\dependencies","dependencies"
"C:\xampp\htdocs\smart-asset-management\frontend\node_modules\webpack\lib\dll","dll"
"C:\xampp\htdocs\smart-asset-management\frontend\node_modules\webpack\lib\electron","electron"
"C:\xampp\htdocs\smart-asset-management\frontend\node_modules\webpack\lib\errors","errors"
"C:\xampp\htdocs\smart-asset-management\frontend\node_modules\webpack\lib\esm","esm"
"C:\xampp\htdocs\smart-asset-management\frontend\node_modules\webpack\lib\hmr","hmr"
"C:\xampp\htdocs\smart-asset-management\frontend\node_modules\webpack\lib\html","html"
"C:\xampp\htdocs\smart-asset-management\frontend\node_modules\webpack\lib\ids","ids"
"C:\xampp\htdocs\smart-asset-management\frontend\node_modules\webpack\lib\javascript","javascript"
"C:\xampp\htdocs\smart-asset-management\frontend\node_modules\webpack\lib\json","json"
"C:\xampp\htdocs\smart-asset-management\frontend\node_modules\webpack\lib\library","library"
"C:\xampp\htdocs\smart-asset-management\frontend\node_modules\webpack\lib\loaders","loaders"
"C:\xampp\htdocs\smart-asset-management\frontend\node_modules\webpack\lib\logging","logging"
"C:\xampp\htdocs\smart-asset-management\frontend\node_modules\webpack\lib\node","node"
"C:\xampp\htdocs\smart-asset-management\frontend\node_modules\webpack\lib\optimize","optimize"
"C:\xampp\htdocs\smart-asset-management\frontend\node_modules\webpack\lib\performance","performance"
"C:\xampp\htdocs\smart-asset-management\frontend\node_modules\webpack\lib\prefetch","prefetch"
"C:\xampp\htdocs\smart-asset-management\frontend\node_modules\webpack\lib\rules","rules"
"C:\xampp\htdocs\smart-asset-management\frontend\node_modules\webpack\lib\runtime","runtime"
"C:\xampp\htdocs\smart-asset-management\frontend\node_modules\webpack\lib\schemes","schemes"
"C:\xampp\htdocs\smart-asset-management\frontend\node_modules\webpack\lib\serialization","serialization"
"C:\xampp\htdocs\smart-asset-management\frontend\node_modules\webpack\lib\sharing","sharing"
"C:\xampp\htdocs\smart-asset-management\frontend\node_modules\webpack\lib\stats","stats"
"C:\xampp\htdocs\smart-asset-management\frontend\node_modules\webpack\lib\typescript","typescript"
"C:\xampp\htdocs\smart-asset-management\frontend\node_modules\webpack\lib\url","url"
"C:\xampp\htdocs\smart-asset-management\frontend\node_modules\webpack\lib\util","util"
"C:\xampp\htdocs\smart-asset-management\frontend\node_modules\webpack\lib\util\hash","hash"
"C:\xampp\htdocs\smart-asset-management\frontend\node_modules\webpack\lib\wasm","wasm"
"C:\xampp\htdocs\smart-asset-management\frontend\node_modules\webpack\lib\wasm-async","wasm-async"
"C:\xampp\htdocs\smart-asset-management\frontend\node_modules\webpack\lib\wasm-sync","wasm-sync"
"C:\xampp\htdocs\smart-asset-management\frontend\node_modules\webpack\lib\web","web"
"C:\xampp\htdocs\smart-asset-management\frontend\node_modules\webpack\lib\webworker","webworker"
"C:\xampp\htdocs\smart-asset-management\frontend\node_modules\webpack\node_modules","node_modules"
"C:\xampp\htdocs\smart-asset-management\frontend\node_modules\webpack\node_modules\eslint-scope","eslint-scope"
"C:\xampp\htdocs\smart-asset-management\frontend\node_modules\webpack\node_modules\eslint-scope\lib","lib"
"C:\xampp\htdocs\smart-asset-management\frontend\node_modules\webpack\node_modules\estraverse","estraverse"
"C:\xampp\htdocs\smart-asset-management\frontend\node_modules\webpack\node_modules\mime-db","mime-db"
"C:\xampp\htdocs\smart-asset-management\frontend\node_modules\webpack\schemas","schemas"
"C:\xampp\htdocs\smart-asset-management\frontend\node_modules\webpack\schemas\plugins","plugins"
"C:\xampp\htdocs\smart-asset-management\frontend\node_modules\webpack\schemas\plugins\asset","asset"
"C:\xampp\htdocs\smart-asset-management\frontend\node_modules\webpack\schemas\plugins\container","container"
"C:\xampp\htdocs\smart-asset-management\frontend\node_modules\webpack\schemas\plugins\css","css"
"C:\xampp\htdocs\smart-asset-management\frontend\node_modules\webpack\schemas\plugins\debug","debug"
"C:\xampp\htdocs\smart-asset-management\frontend\node_modules\webpack\schemas\plugins\dll","dll"
"C:\xampp\htdocs\smart-asset-management\frontend\node_modules\webpack\schemas\plugins\ids","ids"
"C:\xampp\htdocs\smart-asset-management\frontend\node_modules\webpack\schemas\plugins\json","json"
"C:\xampp\htdocs\smart-asset-management\frontend\node_modules\webpack\schemas\plugins\optimize","optimize"
"C:\xampp\htdocs\smart-asset-management\frontend\node_modules\webpack\schemas\plugins\schemes","schemes"
"C:\xampp\htdocs\smart-asset-management\frontend\node_modules\webpack\schemas\plugins\sharing","sharing"
"C:\xampp\htdocs\smart-asset-management\frontend\node_modules\webpack-dev-middleware","webpack-dev-middleware"
"C:\xampp\htdocs\smart-asset-management\frontend\node_modules\webpack-dev-middleware\dist","dist"
"C:\xampp\htdocs\smart-asset-management\frontend\node_modules\webpack-dev-middleware\dist\utils","utils"
"C:\xampp\htdocs\smart-asset-management\frontend\node_modules\webpack-dev-middleware\types","types"
"C:\xampp\htdocs\smart-asset-management\frontend\node_modules\webpack-dev-middleware\types\utils","utils"
"C:\xampp\htdocs\smart-asset-management\frontend\node_modules\webpack-dev-server","webpack-dev-server"
"C:\xampp\htdocs\smart-asset-management\frontend\node_modules\webpack-dev-server\bin","bin"
"C:\xampp\htdocs\smart-asset-management\frontend\node_modules\webpack-dev-server\client","client"
"C:\xampp\htdocs\smart-asset-management\frontend\node_modules\webpack-dev-server\client\clients","clients"
"C:\xampp\htdocs\smart-asset-management\frontend\node_modules\webpack-dev-server\client\modules","modules"
"C:\xampp\htdocs\smart-asset-management\frontend\node_modules\webpack-dev-server\client\modules\logger","logger"
"C:\xampp\htdocs\smart-asset-management\frontend\node_modules\webpack-dev-server\client\modules\sockjs-client","sockjs-client"
"C:\xampp\htdocs\smart-asset-management\frontend\node_modules\webpack-dev-server\client\overlay","overlay"
"C:\xampp\htdocs\smart-asset-management\frontend\node_modules\webpack-dev-server\client\utils","utils"
"C:\xampp\htdocs\smart-asset-management\frontend\node_modules\webpack-dev-server\lib","lib"
"C:\xampp\htdocs\smart-asset-management\frontend\node_modules\webpack-dev-server\lib\servers","servers"
"C:\xampp\htdocs\smart-asset-management\frontend\node_modules\webpack-dev-server\node_modules","node_modules"
"C:\xampp\htdocs\smart-asset-management\frontend\node_modules\webpack-dev-server\node_modules\ws","ws"
"C:\xampp\htdocs\smart-asset-management\frontend\node_modules\webpack-dev-server\node_modules\ws\lib","lib"
"C:\xampp\htdocs\smart-asset-management\frontend\node_modules\webpack-dev-server\types","types"
"C:\xampp\htdocs\smart-asset-management\frontend\node_modules\webpack-dev-server\types\bin","bin"
"C:\xampp\htdocs\smart-asset-management\frontend\node_modules\webpack-dev-server\types\lib","lib"
"C:\xampp\htdocs\smart-asset-management\frontend\node_modules\webpack-dev-server\types\lib\servers","servers"
"C:\xampp\htdocs\smart-asset-management\frontend\node_modules\webpack-manifest-plugin","webpack-manifest-plugin"
"C:\xampp\htdocs\smart-asset-management\frontend\node_modules\webpack-manifest-plugin\dist","dist"
"C:\xampp\htdocs\smart-asset-management\frontend\node_modules\webpack-manifest-plugin\node_modules","node_modules"
"C:\xampp\htdocs\smart-asset-management\frontend\node_modules\webpack-manifest-plugin\node_modules\source-map","source-map"
"C:\xampp\htdocs\smart-asset-management\frontend\node_modules\webpack-manifest-plugin\node_modules\source-map\dist","dist"
"C:\xampp\htdocs\smart-asset-management\frontend\node_modules\webpack-manifest-plugin\node_modules\source-map\lib","lib"
"C:\xampp\htdocs\smart-asset-management\frontend\node_modules\webpack-manifest-plugin\node_modules\webpack-sources","webpack-sources"
"C:\xampp\htdocs\smart-asset-management\frontend\node_modules\webpack-manifest-plugin\node_modules\webpack-sources\lib","lib"
"C:\xampp\htdocs\smart-asset-management\frontend\node_modules\webpack-sources","webpack-sources"
"C:\xampp\htdocs\smart-asset-management\frontend\node_modules\webpack-sources\lib","lib"
"C:\xampp\htdocs\smart-asset-management\frontend\node_modules\webpack-sources\lib\helpers","helpers"
"C:\xampp\htdocs\smart-asset-management\frontend\node_modules\websocket-driver","websocket-driver"
"C:\xampp\htdocs\smart-asset-management\frontend\node_modules\websocket-driver\lib","lib"
"C:\xampp\htdocs\smart-asset-management\frontend\node_modules\websocket-driver\lib\websocket","websocket"
"C:\xampp\htdocs\smart-asset-management\frontend\node_modules\websocket-driver\lib\websocket\driver","driver"
"C:\xampp\htdocs\smart-asset-management\frontend\node_modules\websocket-driver\lib\websocket\driver\hybi","hybi"
"C:\xampp\htdocs\smart-asset-management\frontend\node_modules\websocket-extensions","websocket-extensions"
"C:\xampp\htdocs\smart-asset-management\frontend\node_modules\websocket-extensions\lib","lib"
"C:\xampp\htdocs\smart-asset-management\frontend\node_modules\websocket-extensions\lib\pipeline","pipeline"
"C:\xampp\htdocs\smart-asset-management\frontend\node_modules\whatwg-encoding","whatwg-encoding"
"C:\xampp\htdocs\smart-asset-management\frontend\node_modules\whatwg-encoding\lib","lib"
"C:\xampp\htdocs\smart-asset-management\frontend\node_modules\whatwg-encoding\node_modules","node_modules"
"C:\xampp\htdocs\smart-asset-management\frontend\node_modules\whatwg-encoding\node_modules\iconv-lite","iconv-lite"
"C:\xampp\htdocs\smart-asset-management\frontend\node_modules\whatwg-encoding\node_modules\iconv-lite\encodings","encodings"
"C:\xampp\htdocs\smart-asset-management\frontend\node_modules\whatwg-encoding\node_modules\iconv-lite\encodings\tables","tables"
"C:\xampp\htdocs\smart-asset-management\frontend\node_modules\whatwg-encoding\node_modules\iconv-lite\lib","lib"
"C:\xampp\htdocs\smart-asset-management\frontend\node_modules\whatwg-fetch","whatwg-fetch"
"C:\xampp\htdocs\smart-asset-management\frontend\node_modules\whatwg-fetch\dist","dist"
"C:\xampp\htdocs\smart-asset-management\frontend\node_modules\whatwg-mimetype","whatwg-mimetype"
"C:\xampp\htdocs\smart-asset-management\frontend\node_modules\whatwg-mimetype\lib","lib"
"C:\xampp\htdocs\smart-asset-management\frontend\node_modules\whatwg-url","whatwg-url"
"C:\xampp\htdocs\smart-asset-management\frontend\node_modules\whatwg-url\dist","dist"
"C:\xampp\htdocs\smart-asset-management\frontend\node_modules\which","which"
"C:\xampp\htdocs\smart-asset-management\frontend\node_modules\which\bin","bin"
"C:\xampp\htdocs\smart-asset-management\frontend\node_modules\which-boxed-primitive","which-boxed-primitive"
"C:\xampp\htdocs\smart-asset-management\frontend\node_modules\which-boxed-primitive\.github",".github"
"C:\xampp\htdocs\smart-asset-management\frontend\node_modules\which-boxed-primitive\test","test"
"C:\xampp\htdocs\smart-asset-management\frontend\node_modules\which-builtin-type","which-builtin-type"
"C:\xampp\htdocs\smart-asset-management\frontend\node_modules\which-builtin-type\test","test"
"C:\xampp\htdocs\smart-asset-management\frontend\node_modules\which-collection","which-collection"
"C:\xampp\htdocs\smart-asset-management\frontend\node_modules\which-collection\.github",".github"
"C:\xampp\htdocs\smart-asset-management\frontend\node_modules\which-collection\test","test"
"C:\xampp\htdocs\smart-asset-management\frontend\node_modules\which-typed-array","which-typed-array"
"C:\xampp\htdocs\smart-asset-management\frontend\node_modules\which-typed-array\.github",".github"
"C:\xampp\htdocs\smart-asset-management\frontend\node_modules\which-typed-array\test","test"
"C:\xampp\htdocs\smart-asset-management\frontend\node_modules\wmf","wmf"
"C:\xampp\htdocs\smart-asset-management\frontend\node_modules\wmf\dist","dist"
"C:\xampp\htdocs\smart-asset-management\frontend\node_modules\word","word"
"C:\xampp\htdocs\smart-asset-management\frontend\node_modules\word-wrap","word-wrap"
"C:\xampp\htdocs\smart-asset-management\frontend\node_modules\workbox-background-sync","workbox-background-sync"
"C:\xampp\htdocs\smart-asset-management\frontend\node_modules\workbox-background-sync\build","build"
"C:\xampp\htdocs\smart-asset-management\frontend\node_modules\workbox-background-sync\lib","lib"
"C:\xampp\htdocs\smart-asset-management\frontend\node_modules\workbox-background-sync\src","src"
"C:\xampp\htdocs\smart-asset-management\frontend\node_modules\workbox-background-sync\src\lib","lib"
"C:\xampp\htdocs\smart-asset-management\frontend\node_modules\workbox-broadcast-update","workbox-broadcast-update"
"C:\xampp\htdocs\smart-asset-management\frontend\node_modules\workbox-broadcast-update\build","build"
"C:\xampp\htdocs\smart-asset-management\frontend\node_modules\workbox-broadcast-update\src","src"
"C:\xampp\htdocs\smart-asset-management\frontend\node_modules\workbox-broadcast-update\src\utils","utils"
"C:\xampp\htdocs\smart-asset-management\frontend\node_modules\workbox-broadcast-update\utils","utils"
"C:\xampp\htdocs\smart-asset-management\frontend\node_modules\workbox-build","workbox-build"
"C:\xampp\htdocs\smart-asset-management\frontend\node_modules\workbox-build\build","build"
"C:\xampp\htdocs\smart-asset-management\frontend\node_modules\workbox-build\build\lib","lib"
"C:\xampp\htdocs\smart-asset-management\frontend\node_modules\workbox-build\build\schema","schema"
"C:\xampp\htdocs\smart-asset-management\frontend\node_modules\workbox-build\build\templates","templates"
"C:\xampp\htdocs\smart-asset-management\frontend\node_modules\workbox-build\node_modules","node_modules"
"C:\xampp\htdocs\smart-asset-management\frontend\node_modules\workbox-build\node_modules\@apideck","@apideck"
"C:\xampp\htdocs\smart-asset-management\frontend\node_modules\workbox-build\node_modules\@apideck\better-ajv-errors","better-ajv-errors"
"C:\xampp\htdocs\smart-asset-management\frontend\node_modules\workbox-build\node_modules\@apideck\better-ajv-errors\dist","dist"
"C:\xampp\htdocs\smart-asset-management\frontend\node_modules\workbox-build\node_modules\@apideck\better-ajv-errors\dist\lib","lib"
"C:\xampp\htdocs\smart-asset-management\frontend\node_modules\workbox-build\node_modules\@apideck\better-ajv-errors\dist\types","types"
"C:\xampp\htdocs\smart-asset-management\frontend\node_modules\workbox-build\node_modules\@apideck\better-ajv-errors\src","src"
"C:\xampp\htdocs\smart-asset-management\frontend\node_modules\workbox-build\node_modules\@apideck\better-ajv-errors\src\lib","lib"
"C:\xampp\htdocs\smart-asset-management\frontend\node_modules\workbox-build\node_modules\@apideck\better-ajv-errors\src\types","types"
"C:\xampp\htdocs\smart-asset-management\frontend\node_modules\workbox-build\node_modules\ajv","ajv"
"C:\xampp\htdocs\smart-asset-management\frontend\node_modules\workbox-build\node_modules\ajv\dist","dist"
"C:\xampp\htdocs\smart-asset-management\frontend\node_modules\workbox-build\node_modules\ajv\dist\compile","compile"
"C:\xampp\htdocs\smart-asset-management\frontend\node_modules\workbox-build\node_modules\ajv\dist\compile\codegen","codegen"
"C:\xampp\htdocs\smart-asset-management\frontend\node_modules\workbox-build\node_modules\ajv\dist\compile\jtd","jtd"
"C:\xampp\htdocs\smart-asset-management\frontend\node_modules\workbox-build\node_modules\ajv\dist\compile\validate","validate"
"C:\xampp\htdocs\smart-asset-management\frontend\node_modules\workbox-build\node_modules\ajv\dist\refs","refs"
"C:\xampp\htdocs\smart-asset-management\frontend\node_modules\workbox-build\node_modules\ajv\dist\refs\json-schema-2019-09","json-schema-2019-09"
"C:\xampp\htdocs\smart-asset-management\frontend\node_modules\workbox-build\node_modules\ajv\dist\refs\json-schema-2019-09\meta","meta"
"C:\xampp\htdocs\smart-asset-management\frontend\node_modules\workbox-build\node_modules\ajv\dist\refs\json-schema-2020-12","json-schema-2020-12"
"C:\xampp\htdocs\smart-asset-management\frontend\node_modules\workbox-build\node_modules\ajv\dist\refs\json-schema-2020-12\meta","meta"
"C:\xampp\htdocs\smart-asset-management\frontend\node_modules\workbox-build\node_modules\ajv\dist\runtime","runtime"
"C:\xampp\htdocs\smart-asset-management\frontend\node_modules\workbox-build\node_modules\ajv\dist\standalone","standalone"
"C:\xampp\htdocs\smart-asset-management\frontend\node_modules\workbox-build\node_modules\ajv\dist\types","types"
"C:\xampp\htdocs\smart-asset-management\frontend\node_modules\workbox-build\node_modules\ajv\dist\vocabularies","vocabularies"
"C:\xampp\htdocs\smart-asset-management\frontend\node_modules\workbox-build\node_modules\ajv\dist\vocabularies\applicator","applicator"
"C:\xampp\htdocs\smart-asset-management\frontend\node_modules\workbox-build\node_modules\ajv\dist\vocabularies\core","core"
"C:\xampp\htdocs\smart-asset-management\frontend\node_modules\workbox-build\node_modules\ajv\dist\vocabularies\discriminator","discriminator"
"C:\xampp\htdocs\smart-asset-management\frontend\node_modules\workbox-build\node_modules\ajv\dist\vocabularies\dynamic","dynamic"
"C:\xampp\htdocs\smart-asset-management\frontend\node_modules\workbox-build\node_modules\ajv\dist\vocabularies\format","format"
"C:\xampp\htdocs\smart-asset-management\frontend\node_modules\workbox-build\node_modules\ajv\dist\vocabularies\jtd","jtd"
"C:\xampp\htdocs\smart-asset-management\frontend\node_modules\workbox-build\node_modules\ajv\dist\vocabularies\unevaluated","unevaluated"
"C:\xampp\htdocs\smart-asset-management\frontend\node_modules\workbox-build\node_modules\ajv\dist\vocabularies\validation","validation"
"C:\xampp\htdocs\smart-asset-management\frontend\node_modules\workbox-build\node_modules\ajv\lib","lib"
"C:\xampp\htdocs\smart-asset-management\frontend\node_modules\workbox-build\node_modules\ajv\lib\compile","compile"
"C:\xampp\htdocs\smart-asset-management\frontend\node_modules\workbox-build\node_modules\ajv\lib\compile\codegen","codegen"
"C:\xampp\htdocs\smart-asset-management\frontend\node_modules\workbox-build\node_modules\ajv\lib\compile\jtd","jtd"
"C:\xampp\htdocs\smart-asset-management\frontend\node_modules\workbox-build\node_modules\ajv\lib\compile\validate","validate"
"C:\xampp\htdocs\smart-asset-management\frontend\node_modules\workbox-build\node_modules\ajv\lib\refs","refs"
"C:\xampp\htdocs\smart-asset-management\frontend\node_modules\workbox-build\node_modules\ajv\lib\refs\json-schema-2019-09","json-schema-2019-09"
"C:\xampp\htdocs\smart-asset-management\frontend\node_modules\workbox-build\node_modules\ajv\lib\refs\json-schema-2019-09\meta","meta"
"C:\xampp\htdocs\smart-asset-management\frontend\node_modules\workbox-build\node_modules\ajv\lib\refs\json-schema-2020-12","json-schema-2020-12"
"C:\xampp\htdocs\smart-asset-management\frontend\node_modules\workbox-build\node_modules\ajv\lib\refs\json-schema-2020-12\meta","meta"
"C:\xampp\htdocs\smart-asset-management\frontend\node_modules\workbox-build\node_modules\ajv\lib\runtime","runtime"
"C:\xampp\htdocs\smart-asset-management\frontend\node_modules\workbox-build\node_modules\ajv\lib\standalone","standalone"
"C:\xampp\htdocs\smart-asset-management\frontend\node_modules\workbox-build\node_modules\ajv\lib\types","types"
"C:\xampp\htdocs\smart-asset-management\frontend\node_modules\workbox-build\node_modules\ajv\lib\vocabularies","vocabularies"
"C:\xampp\htdocs\smart-asset-management\frontend\node_modules\workbox-build\node_modules\ajv\lib\vocabularies\applicator","applicator"
"C:\xampp\htdocs\smart-asset-management\frontend\node_modules\workbox-build\node_modules\ajv\lib\vocabularies\core","core"
"C:\xampp\htdocs\smart-asset-management\frontend\node_modules\workbox-build\node_modules\ajv\lib\vocabularies\discriminator","discriminator"
"C:\xampp\htdocs\smart-asset-management\frontend\node_modules\workbox-build\node_modules\ajv\lib\vocabularies\dynamic","dynamic"
"C:\xampp\htdocs\smart-asset-management\frontend\node_modules\workbox-build\node_modules\ajv\lib\vocabularies\format","format"
"C:\xampp\htdocs\smart-asset-management\frontend\node_modules\workbox-build\node_modules\ajv\lib\vocabularies\jtd","jtd"
"C:\xampp\htdocs\smart-asset-management\frontend\node_modules\workbox-build\node_modules\ajv\lib\vocabularies\unevaluated","unevaluated"
"C:\xampp\htdocs\smart-asset-management\frontend\node_modules\workbox-build\node_modules\ajv\lib\vocabularies\validation","validation"
"C:\xampp\htdocs\smart-asset-management\frontend\node_modules\workbox-build\node_modules\fs-extra","fs-extra"
"C:\xampp\htdocs\smart-asset-management\frontend\node_modules\workbox-build\node_modules\fs-extra\lib","lib"
"C:\xampp\htdocs\smart-asset-management\frontend\node_modules\workbox-build\node_modules\fs-extra\lib\copy","copy"
"C:\xampp\htdocs\smart-asset-management\frontend\node_modules\workbox-build\node_modules\fs-extra\lib\copy-sync","copy-sync"
"C:\xampp\htdocs\smart-asset-management\frontend\node_modules\workbox-build\node_modules\fs-extra\lib\empty","empty"
"C:\xampp\htdocs\smart-asset-management\frontend\node_modules\workbox-build\node_modules\fs-extra\lib\ensure","ensure"
"C:\xampp\htdocs\smart-asset-management\frontend\node_modules\workbox-build\node_modules\fs-extra\lib\fs","fs"
"C:\xampp\htdocs\smart-asset-management\frontend\node_modules\workbox-build\node_modules\fs-extra\lib\json","json"
"C:\xampp\htdocs\smart-asset-management\frontend\node_modules\workbox-build\node_modules\fs-extra\lib\mkdirs","mkdirs"
"C:\xampp\htdocs\smart-asset-management\frontend\node_modules\workbox-build\node_modules\fs-extra\lib\move","move"
"C:\xampp\htdocs\smart-asset-management\frontend\node_modules\workbox-build\node_modules\fs-extra\lib\move-sync","move-sync"
"C:\xampp\htdocs\smart-asset-management\frontend\node_modules\workbox-build\node_modules\fs-extra\lib\output","output"
"C:\xampp\htdocs\smart-asset-management\frontend\node_modules\workbox-build\node_modules\fs-extra\lib\path-exists","path-exists"
"C:\xampp\htdocs\smart-asset-management\frontend\node_modules\workbox-build\node_modules\fs-extra\lib\remove","remove"
"C:\xampp\htdocs\smart-asset-management\frontend\node_modules\workbox-build\node_modules\fs-extra\lib\util","util"
"C:\xampp\htdocs\smart-asset-management\frontend\node_modules\workbox-build\node_modules\json-schema-traverse","json-schema-traverse"
"C:\xampp\htdocs\smart-asset-management\frontend\node_modules\workbox-build\node_modules\json-schema-traverse\.github",".github"
"C:\xampp\htdocs\smart-asset-management\frontend\node_modules\workbox-build\node_modules\json-schema-traverse\.github\workflows","workflows"
"C:\xampp\htdocs\smart-asset-management\frontend\node_modules\workbox-build\node_modules\json-schema-traverse\spec","spec"
"C:\xampp\htdocs\smart-asset-management\frontend\node_modules\workbox-build\node_modules\json-schema-traverse\spec\fixtures","fixtures"
"C:\xampp\htdocs\smart-asset-management\frontend\node_modules\workbox-build\node_modules\source-map","source-map"
"C:\xampp\htdocs\smart-asset-management\frontend\node_modules\workbox-build\node_modules\source-map\lib","lib"
"C:\xampp\htdocs\smart-asset-management\frontend\node_modules\workbox-build\src","src"
"C:\xampp\htdocs\smart-asset-management\frontend\node_modules\workbox-build\src\lib","lib"
"C:\xampp\htdocs\smart-asset-management\frontend\node_modules\workbox-build\src\schema","schema"
"C:\xampp\htdocs\smart-asset-management\frontend\node_modules\workbox-build\src\templates","templates"
"C:\xampp\htdocs\smart-asset-management\frontend\node_modules\workbox-cacheable-response","workbox-cacheable-response"
"C:\xampp\htdocs\smart-asset-management\frontend\node_modules\workbox-cacheable-response\build","build"
"C:\xampp\htdocs\smart-asset-management\frontend\node_modules\workbox-cacheable-response\src","src"
"C:\xampp\htdocs\smart-asset-management\frontend\node_modules\workbox-core","workbox-core"
"C:\xampp\htdocs\smart-asset-management\frontend\node_modules\workbox-core\_private","_private"
"C:\xampp\htdocs\smart-asset-management\frontend\node_modules\workbox-core\build","build"
"C:\xampp\htdocs\smart-asset-management\frontend\node_modules\workbox-core\models","models"
"C:\xampp\htdocs\smart-asset-management\frontend\node_modules\workbox-core\models\messages","messages"
"C:\xampp\htdocs\smart-asset-management\frontend\node_modules\workbox-core\src","src"
"C:\xampp\htdocs\smart-asset-management\frontend\node_modules\workbox-core\src\_private","_private"
"C:\xampp\htdocs\smart-asset-management\frontend\node_modules\workbox-core\src\models","models"
"C:\xampp\htdocs\smart-asset-management\frontend\node_modules\workbox-core\src\models\messages","messages"
"C:\xampp\htdocs\smart-asset-management\frontend\node_modules\workbox-core\src\utils","utils"
"C:\xampp\htdocs\smart-asset-management\frontend\node_modules\workbox-core\utils","utils"
"C:\xampp\htdocs\smart-asset-management\frontend\node_modules\workbox-expiration","workbox-expiration"
"C:\xampp\htdocs\smart-asset-management\frontend\node_modules\workbox-expiration\build","build"
"C:\xampp\htdocs\smart-asset-management\frontend\node_modules\workbox-expiration\models","models"
"C:\xampp\htdocs\smart-asset-management\frontend\node_modules\workbox-expiration\src","src"
"C:\xampp\htdocs\smart-asset-management\frontend\node_modules\workbox-expiration\src\models","models"
"C:\xampp\htdocs\smart-asset-management\frontend\node_modules\workbox-google-analytics","workbox-google-analytics"
"C:\xampp\htdocs\smart-asset-management\frontend\node_modules\workbox-google-analytics\build","build"
"C:\xampp\htdocs\smart-asset-management\frontend\node_modules\workbox-google-analytics\src","src"
"C:\xampp\htdocs\smart-asset-management\frontend\node_modules\workbox-google-analytics\src\utils","utils"
"C:\xampp\htdocs\smart-asset-management\frontend\node_modules\workbox-google-analytics\utils","utils"
"C:\xampp\htdocs\smart-asset-management\frontend\node_modules\workbox-navigation-preload","workbox-navigation-preload"
"C:\xampp\htdocs\smart-asset-management\frontend\node_modules\workbox-navigation-preload\build","build"
"C:\xampp\htdocs\smart-asset-management\frontend\node_modules\workbox-navigation-preload\src","src"
"C:\xampp\htdocs\smart-asset-management\frontend\node_modules\workbox-precaching","workbox-precaching"
"C:\xampp\htdocs\smart-asset-management\frontend\node_modules\workbox-precaching\build","build"
"C:\xampp\htdocs\smart-asset-management\frontend\node_modules\workbox-precaching\src","src"
"C:\xampp\htdocs\smart-asset-management\frontend\node_modules\workbox-precaching\src\utils","utils"
"C:\xampp\htdocs\smart-asset-management\frontend\node_modules\workbox-precaching\utils","utils"
"C:\xampp\htdocs\smart-asset-management\frontend\node_modules\workbox-range-requests","workbox-range-requests"
"C:\xampp\htdocs\smart-asset-management\frontend\node_modules\workbox-range-requests\build","build"
"C:\xampp\htdocs\smart-asset-management\frontend\node_modules\workbox-range-requests\src","src"
"C:\xampp\htdocs\smart-asset-management\frontend\node_modules\workbox-range-requests\src\utils","utils"
"C:\xampp\htdocs\smart-asset-management\frontend\node_modules\workbox-range-requests\utils","utils"
"C:\xampp\htdocs\smart-asset-management\frontend\node_modules\workbox-recipes","workbox-recipes"
"C:\xampp\htdocs\smart-asset-management\frontend\node_modules\workbox-recipes\build","build"
"C:\xampp\htdocs\smart-asset-management\frontend\node_modules\workbox-recipes\src","src"
"C:\xampp\htdocs\smart-asset-management\frontend\node_modules\workbox-routing","workbox-routing"
"C:\xampp\htdocs\smart-asset-management\frontend\node_modules\workbox-routing\build","build"
"C:\xampp\htdocs\smart-asset-management\frontend\node_modules\workbox-routing\src","src"
"C:\xampp\htdocs\smart-asset-management\frontend\node_modules\workbox-routing\src\utils","utils"
"C:\xampp\htdocs\smart-asset-management\frontend\node_modules\workbox-routing\utils","utils"
"C:\xampp\htdocs\smart-asset-management\frontend\node_modules\workbox-strategies","workbox-strategies"
"C:\xampp\htdocs\smart-asset-management\frontend\node_modules\workbox-strategies\build","build"
"C:\xampp\htdocs\smart-asset-management\frontend\node_modules\workbox-strategies\plugins","plugins"
"C:\xampp\htdocs\smart-asset-management\frontend\node_modules\workbox-strategies\src","src"
"C:\xampp\htdocs\smart-asset-management\frontend\node_modules\workbox-strategies\src\plugins","plugins"
"C:\xampp\htdocs\smart-asset-management\frontend\node_modules\workbox-strategies\src\utils","utils"
"C:\xampp\htdocs\smart-asset-management\frontend\node_modules\workbox-strategies\utils","utils"
"C:\xampp\htdocs\smart-asset-management\frontend\node_modules\workbox-streams","workbox-streams"
"C:\xampp\htdocs\smart-asset-management\frontend\node_modules\workbox-streams\build","build"
"C:\xampp\htdocs\smart-asset-management\frontend\node_modules\workbox-streams\src","src"
"C:\xampp\htdocs\smart-asset-management\frontend\node_modules\workbox-streams\src\utils","utils"
"C:\xampp\htdocs\smart-asset-management\frontend\node_modules\workbox-streams\utils","utils"
"C:\xampp\htdocs\smart-asset-management\frontend\node_modules\workbox-sw","workbox-sw"
"C:\xampp\htdocs\smart-asset-management\frontend\node_modules\workbox-sw\build","build"
"C:\xampp\htdocs\smart-asset-management\frontend\node_modules\workbox-sw\controllers","controllers"
"C:\xampp\htdocs\smart-asset-management\frontend\node_modules\workbox-webpack-plugin","workbox-webpack-plugin"
"C:\xampp\htdocs\smart-asset-management\frontend\node_modules\workbox-webpack-plugin\build","build"
"C:\xampp\htdocs\smart-asset-management\frontend\node_modules\workbox-webpack-plugin\build\lib","lib"
"C:\xampp\htdocs\smart-asset-management\frontend\node_modules\workbox-webpack-plugin\node_modules","node_modules"
"C:\xampp\htdocs\smart-asset-management\frontend\node_modules\workbox-webpack-plugin\node_modules\source-map","source-map"
"C:\xampp\htdocs\smart-asset-management\frontend\node_modules\workbox-webpack-plugin\node_modules\source-map\dist","dist"
"C:\xampp\htdocs\smart-asset-management\frontend\node_modules\workbox-webpack-plugin\node_modules\source-map\lib","lib"
"C:\xampp\htdocs\smart-asset-management\frontend\node_modules\workbox-webpack-plugin\node_modules\webpack-sources","webpack-sources"
"C:\xampp\htdocs\smart-asset-management\frontend\node_modules\workbox-webpack-plugin\node_modules\webpack-sources\lib","lib"
"C:\xampp\htdocs\smart-asset-management\frontend\node_modules\workbox-webpack-plugin\src","src"
"C:\xampp\htdocs\smart-asset-management\frontend\node_modules\workbox-webpack-plugin\src\lib","lib"
"C:\xampp\htdocs\smart-asset-management\frontend\node_modules\workbox-window","workbox-window"
"C:\xampp\htdocs\smart-asset-management\frontend\node_modules\workbox-window\build","build"
"C:\xampp\htdocs\smart-asset-management\frontend\node_modules\workbox-window\src","src"
"C:\xampp\htdocs\smart-asset-management\frontend\node_modules\workbox-window\src\utils","utils"
"C:\xampp\htdocs\smart-asset-management\frontend\node_modules\workbox-window\utils","utils"
"C:\xampp\htdocs\smart-asset-management\frontend\node_modules\wrap-ansi","wrap-ansi"
"C:\xampp\htdocs\smart-asset-management\frontend\node_modules\wrap-ansi\node_modules","node_modules"
"C:\xampp\htdocs\smart-asset-management\frontend\node_modules\wrap-ansi\node_modules\ansi-styles","ansi-styles"
"C:\xampp\htdocs\smart-asset-management\frontend\node_modules\wrappy","wrappy"
"C:\xampp\htdocs\smart-asset-management\frontend\node_modules\write-file-atomic","write-file-atomic"
"C:\xampp\htdocs\smart-asset-management\frontend\node_modules\ws","ws"
"C:\xampp\htdocs\smart-asset-management\frontend\node_modules\ws\lib","lib"
"C:\xampp\htdocs\smart-asset-management\frontend\node_modules\xlsx","xlsx"
"C:\xampp\htdocs\smart-asset-management\frontend\node_modules\xlsx\bin","bin"
"C:\xampp\htdocs\smart-asset-management\frontend\node_modules\xlsx\dist","dist"
"C:\xampp\htdocs\smart-asset-management\frontend\node_modules\xlsx\types","types"
"C:\xampp\htdocs\smart-asset-management\frontend\node_modules\xmlchars","xmlchars"
"C:\xampp\htdocs\smart-asset-management\frontend\node_modules\xmlchars\xml","xml"
"C:\xampp\htdocs\smart-asset-management\frontend\node_modules\xmlchars\xml\1.0","1.0"
"C:\xampp\htdocs\smart-asset-management\frontend\node_modules\xmlchars\xml\1.1","1.1"
"C:\xampp\htdocs\smart-asset-management\frontend\node_modules\xmlchars\xmlns","xmlns"
"C:\xampp\htdocs\smart-asset-management\frontend\node_modules\xmlchars\xmlns\1.0","1.0"
"C:\xampp\htdocs\smart-asset-management\frontend\node_modules\xml-name-validator","xml-name-validator"
"C:\xampp\htdocs\smart-asset-management\frontend\node_modules\xml-name-validator\lib","lib"
"C:\xampp\htdocs\smart-asset-management\frontend\node_modules\y18n","y18n"
"C:\xampp\htdocs\smart-asset-management\frontend\node_modules\y18n\build","build"
"C:\xampp\htdocs\smart-asset-management\frontend\node_modules\y18n\build\lib","lib"
"C:\xampp\htdocs\smart-asset-management\frontend\node_modules\y18n\build\lib\platform-shims","platform-shims"
"C:\xampp\htdocs\smart-asset-management\frontend\node_modules\yallist","yallist"
"C:\xampp\htdocs\smart-asset-management\frontend\node_modules\yaml","yaml"
"C:\xampp\htdocs\smart-asset-management\frontend\node_modules\yaml\browser","browser"
"C:\xampp\htdocs\smart-asset-management\frontend\node_modules\yaml\browser\dist","dist"
"C:\xampp\htdocs\smart-asset-management\frontend\node_modules\yaml\browser\types","types"
"C:\xampp\htdocs\smart-asset-management\frontend\node_modules\yaml\dist","dist"
"C:\xampp\htdocs\smart-asset-management\frontend\node_modules\yaml\types","types"
"C:\xampp\htdocs\smart-asset-management\frontend\node_modules\yargs","yargs"
"C:\xampp\htdocs\smart-asset-management\frontend\node_modules\yargs\build","build"
"C:\xampp\htdocs\smart-asset-management\frontend\node_modules\yargs\build\lib","lib"
"C:\xampp\htdocs\smart-asset-management\frontend\node_modules\yargs\build\lib\typings","typings"
"C:\xampp\htdocs\smart-asset-management\frontend\node_modules\yargs\build\lib\utils","utils"
"C:\xampp\htdocs\smart-asset-management\frontend\node_modules\yargs\helpers","helpers"
"C:\xampp\htdocs\smart-asset-management\frontend\node_modules\yargs\lib","lib"
"C:\xampp\htdocs\smart-asset-management\frontend\node_modules\yargs\lib\platform-shims","platform-shims"
"C:\xampp\htdocs\smart-asset-management\frontend\node_modules\yargs\locales","locales"
"C:\xampp\htdocs\smart-asset-management\frontend\node_modules\yargs-parser","yargs-parser"
"C:\xampp\htdocs\smart-asset-management\frontend\node_modules\yargs-parser\build","build"
"C:\xampp\htdocs\smart-asset-management\frontend\node_modules\yargs-parser\build\lib","lib"
"C:\xampp\htdocs\smart-asset-management\frontend\node_modules\yocto-queue","yocto-queue"
"C:\xampp\htdocs\smart-asset-management\frontend\public","public"
"C:\xampp\htdocs\smart-asset-management\frontend\public\assets","assets"
"C:\xampp\htdocs\smart-asset-management\frontend\public\images","images"
"C:\xampp\htdocs\smart-asset-management\frontend\public\images\analytics","analytics"
"C:\xampp\htdocs\smart-asset-management\frontend\public\images\assets","assets"
"C:\xampp\htdocs\smart-asset-management\frontend\public\images\hero","hero"
"C:\xampp\htdocs\smart-asset-management\frontend\public\images\maintenance","maintenance"
"C:\xampp\htdocs\smart-asset-management\frontend\public\images\security","security"
"C:\xampp\htdocs\smart-asset-management\frontend\public\images\technology","technology"
"C:\xampp\htdocs\smart-asset-management\frontend\public\images\university","university"
"C:\xampp\htdocs\smart-asset-management\frontend\public\images\workflow","workflow"
"C:\xampp\htdocs\smart-asset-management\frontend\scripts","scripts"
"C:\xampp\htdocs\smart-asset-management\frontend\src","src"
"C:\xampp\htdocs\smart-asset-management\frontend\src\__tests__","__tests__"
"C:\xampp\htdocs\smart-asset-management\frontend\src\components","components"
"C:\xampp\htdocs\smart-asset-management\frontend\src\components\admin","admin"
"C:\xampp\htdocs\smart-asset-management\frontend\src\components\college","college"
"C:\xampp\htdocs\smart-asset-management\frontend\src\components\common","common"
"C:\xampp\htdocs\smart-asset-management\frontend\src\components\common\ui","ui"
"C:\xampp\htdocs\smart-asset-management\frontend\src\components\department","department"
"C:\xampp\htdocs\smart-asset-management\frontend\src\components\finance","finance"
"C:\xampp\htdocs\smart-asset-management\frontend\src\components\ict","ict"
"C:\xampp\htdocs\smart-asset-management\frontend\src\components\infrastructure","infrastructure"
"C:\xampp\htdocs\smart-asset-management\frontend\src\components\maintenance","maintenance"
"C:\xampp\htdocs\smart-asset-management\frontend\src\components\public","public"
"C:\xampp\htdocs\smart-asset-management\frontend\src\components\shared","shared"
"C:\xampp\htdocs\smart-asset-management\frontend\src\components\store","store"
"C:\xampp\htdocs\smart-asset-management\frontend\src\config","config"
"C:\xampp\htdocs\smart-asset-management\frontend\src\constants","constants"
"C:\xampp\htdocs\smart-asset-management\frontend\src\contexts","contexts"
"C:\xampp\htdocs\smart-asset-management\frontend\src\hooks","hooks"
"C:\xampp\htdocs\smart-asset-management\frontend\src\pages","pages"
"C:\xampp\htdocs\smart-asset-management\frontend\src\pages\college","college"
"C:\xampp\htdocs\smart-asset-management\frontend\src\services","services"
"C:\xampp\htdocs\smart-asset-management\frontend\src\styles","styles"
"C:\xampp\htdocs\smart-asset-management\frontend\src\utils","utils"
"C:\xampp\htdocs\smart-asset-management\scripts","scripts"
"C:\xampp\htdocs\smart-asset-management\webalizer","webalizer"
